-- MySQL dump 10.13  Distrib 8.0.36, for Win64 (x86_64)
--
-- Host: 127.0.0.1    Database: bbshop
-- ------------------------------------------------------
-- Server version	8.0.36

/*!40101 SET @OLD_CHARACTER_SET_CLIENT=@@CHARACTER_SET_CLIENT */;
/*!40101 SET @OLD_CHARACTER_SET_RESULTS=@@CHARACTER_SET_RESULTS */;
/*!40101 SET @OLD_COLLATION_CONNECTION=@@COLLATION_CONNECTION */;
/*!50503 SET NAMES utf8 */;
/*!40103 SET @OLD_TIME_ZONE=@@TIME_ZONE */;
/*!40103 SET TIME_ZONE='+00:00' */;
/*!40014 SET @OLD_UNIQUE_CHECKS=@@UNIQUE_CHECKS, UNIQUE_CHECKS=0 */;
/*!40014 SET @OLD_FOREIGN_KEY_CHECKS=@@FOREIGN_KEY_CHECKS, FOREIGN_KEY_CHECKS=0 */;
/*!40101 SET @OLD_SQL_MODE=@@SQL_MODE, SQL_MODE='NO_AUTO_VALUE_ON_ZERO' */;
/*!40111 SET @OLD_SQL_NOTES=@@SQL_NOTES, SQL_NOTES=0 */;

--
-- Table structure for table `admin_permissions`
--

DROP TABLE IF EXISTS `admin_permissions`;
/*!40101 SET @saved_cs_client     = @@character_set_client */;
/*!50503 SET character_set_client = utf8mb4 */;
CREATE TABLE `admin_permissions` (
  `id` int unsigned NOT NULL AUTO_INCREMENT,
  `action` varchar(255) DEFAULT NULL,
  `action_parameters` json DEFAULT NULL,
  `subject` varchar(255) DEFAULT NULL,
  `properties` json DEFAULT NULL,
  `conditions` json DEFAULT NULL,
  `created_at` datetime(6) DEFAULT NULL,
  `updated_at` datetime(6) DEFAULT NULL,
  `created_by_id` int unsigned DEFAULT NULL,
  `updated_by_id` int unsigned DEFAULT NULL,
  PRIMARY KEY (`id`),
  KEY `admin_permissions_created_by_id_fk` (`created_by_id`),
  KEY `admin_permissions_updated_by_id_fk` (`updated_by_id`),
  CONSTRAINT `admin_permissions_created_by_id_fk` FOREIGN KEY (`created_by_id`) REFERENCES `admin_users` (`id`) ON DELETE SET NULL,
  CONSTRAINT `admin_permissions_updated_by_id_fk` FOREIGN KEY (`updated_by_id`) REFERENCES `admin_users` (`id`) ON DELETE SET NULL
) ENGINE=InnoDB AUTO_INCREMENT=112 DEFAULT CHARSET=utf8mb4 COLLATE=utf8mb4_0900_ai_ci;
/*!40101 SET character_set_client = @saved_cs_client */;

--
-- Dumping data for table `admin_permissions`
--

LOCK TABLES `admin_permissions` WRITE;
/*!40000 ALTER TABLE `admin_permissions` DISABLE KEYS */;
INSERT INTO `admin_permissions` VALUES (1,'plugin::content-manager.explorer.create','{}','api::category.category','{\"fields\": [\"title\", \"desc\", \"products\", \"type\"]}','[]','2024-01-31 17:03:38.265000','2024-01-31 17:03:38.265000',NULL,NULL),(2,'plugin::content-manager.explorer.create','{}','api::order.order','{\"fields\": [\"stripeId\", \"product\"]}','[]','2024-01-31 17:03:38.273000','2024-01-31 17:03:38.273000',NULL,NULL),(3,'plugin::content-manager.explorer.create','{}','api::product.product','{\"fields\": [\"title\", \"desc\", \"img\", \"img2\", \"price\", \"categories\", \"size\", \"white\", \"black\", \"wooden\"]}','[]','2024-01-31 17:03:38.281000','2024-01-31 17:03:38.281000',NULL,NULL),(4,'plugin::content-manager.explorer.read','{}','api::category.category','{\"fields\": [\"title\", \"desc\", \"products\", \"type\"]}','[]','2024-01-31 17:03:38.286000','2024-01-31 17:03:38.286000',NULL,NULL),(5,'plugin::content-manager.explorer.read','{}','api::order.order','{\"fields\": [\"stripeId\", \"product\"]}','[]','2024-01-31 17:03:38.292000','2024-01-31 17:03:38.292000',NULL,NULL),(6,'plugin::content-manager.explorer.read','{}','api::product.product','{\"fields\": [\"title\", \"desc\", \"img\", \"img2\", \"price\", \"categories\", \"size\", \"white\", \"black\", \"wooden\"]}','[]','2024-01-31 17:03:38.298000','2024-01-31 17:03:38.298000',NULL,NULL),(7,'plugin::content-manager.explorer.update','{}','api::category.category','{\"fields\": [\"title\", \"desc\", \"products\", \"type\"]}','[]','2024-01-31 17:03:38.304000','2024-01-31 17:03:38.304000',NULL,NULL),(8,'plugin::content-manager.explorer.update','{}','api::order.order','{\"fields\": [\"stripeId\", \"product\"]}','[]','2024-01-31 17:03:38.310000','2024-01-31 17:03:38.310000',NULL,NULL),(9,'plugin::content-manager.explorer.update','{}','api::product.product','{\"fields\": [\"title\", \"desc\", \"img\", \"img2\", \"price\", \"categories\", \"size\", \"white\", \"black\", \"wooden\"]}','[]','2024-01-31 17:03:38.315000','2024-01-31 17:03:38.315000',NULL,NULL),(10,'plugin::content-manager.explorer.delete','{}','api::category.category','{}','[]','2024-01-31 17:03:38.320000','2024-01-31 17:03:38.320000',NULL,NULL),(11,'plugin::content-manager.explorer.delete','{}','api::order.order','{}','[]','2024-01-31 17:03:38.324000','2024-01-31 17:03:38.324000',NULL,NULL),(12,'plugin::content-manager.explorer.delete','{}','api::product.product','{}','[]','2024-01-31 17:03:38.328000','2024-01-31 17:03:38.328000',NULL,NULL),(13,'plugin::content-manager.explorer.publish','{}','api::category.category','{}','[]','2024-01-31 17:03:38.333000','2024-01-31 17:03:38.333000',NULL,NULL),(14,'plugin::content-manager.explorer.publish','{}','api::order.order','{}','[]','2024-01-31 17:03:38.338000','2024-01-31 17:03:38.338000',NULL,NULL),(15,'plugin::content-manager.explorer.publish','{}','api::product.product','{}','[]','2024-01-31 17:03:38.343000','2024-01-31 17:03:38.343000',NULL,NULL),(16,'plugin::upload.read','{}',NULL,'{}','[]','2024-01-31 17:03:38.347000','2024-01-31 17:03:38.347000',NULL,NULL),(17,'plugin::upload.configure-view','{}',NULL,'{}','[]','2024-01-31 17:03:38.351000','2024-01-31 17:03:38.351000',NULL,NULL),(18,'plugin::upload.assets.create','{}',NULL,'{}','[]','2024-01-31 17:03:38.355000','2024-01-31 17:03:38.355000',NULL,NULL),(19,'plugin::upload.assets.update','{}',NULL,'{}','[]','2024-01-31 17:03:38.359000','2024-01-31 17:03:38.359000',NULL,NULL),(20,'plugin::upload.assets.download','{}',NULL,'{}','[]','2024-01-31 17:03:38.364000','2024-01-31 17:03:38.364000',NULL,NULL),(21,'plugin::upload.assets.copy-link','{}',NULL,'{}','[]','2024-01-31 17:03:38.370000','2024-01-31 17:03:38.370000',NULL,NULL),(22,'plugin::content-manager.explorer.create','{}','api::category.category','{\"fields\": [\"title\", \"desc\", \"products\", \"type\"]}','[\"admin::is-creator\"]','2024-01-31 17:03:38.377000','2024-01-31 17:03:38.377000',NULL,NULL),(23,'plugin::content-manager.explorer.create','{}','api::order.order','{\"fields\": [\"stripeId\", \"product\"]}','[\"admin::is-creator\"]','2024-01-31 17:03:38.382000','2024-01-31 17:03:38.382000',NULL,NULL),(24,'plugin::content-manager.explorer.create','{}','api::product.product','{\"fields\": [\"title\", \"desc\", \"img\", \"img2\", \"price\", \"categories\", \"size\", \"white\", \"black\", \"wooden\"]}','[\"admin::is-creator\"]','2024-01-31 17:03:38.386000','2024-01-31 17:03:38.386000',NULL,NULL),(25,'plugin::content-manager.explorer.read','{}','api::category.category','{\"fields\": [\"title\", \"desc\", \"products\", \"type\"]}','[\"admin::is-creator\"]','2024-01-31 17:03:38.391000','2024-01-31 17:03:38.391000',NULL,NULL),(26,'plugin::content-manager.explorer.read','{}','api::order.order','{\"fields\": [\"stripeId\", \"product\"]}','[\"admin::is-creator\"]','2024-01-31 17:03:38.395000','2024-01-31 17:03:38.395000',NULL,NULL),(27,'plugin::content-manager.explorer.read','{}','api::product.product','{\"fields\": [\"title\", \"desc\", \"img\", \"img2\", \"price\", \"categories\", \"size\", \"white\", \"black\", \"wooden\"]}','[\"admin::is-creator\"]','2024-01-31 17:03:38.399000','2024-01-31 17:03:38.399000',NULL,NULL),(28,'plugin::content-manager.explorer.update','{}','api::category.category','{\"fields\": [\"title\", \"desc\", \"products\", \"type\"]}','[\"admin::is-creator\"]','2024-01-31 17:03:38.405000','2024-01-31 17:03:38.405000',NULL,NULL),(29,'plugin::content-manager.explorer.update','{}','api::order.order','{\"fields\": [\"stripeId\", \"product\"]}','[\"admin::is-creator\"]','2024-01-31 17:03:38.409000','2024-01-31 17:03:38.409000',NULL,NULL),(30,'plugin::content-manager.explorer.update','{}','api::product.product','{\"fields\": [\"title\", \"desc\", \"img\", \"img2\", \"price\", \"categories\", \"size\", \"white\", \"black\", \"wooden\"]}','[\"admin::is-creator\"]','2024-01-31 17:03:38.415000','2024-01-31 17:03:38.415000',NULL,NULL),(31,'plugin::content-manager.explorer.delete','{}','api::category.category','{}','[\"admin::is-creator\"]','2024-01-31 17:03:38.419000','2024-01-31 17:03:38.419000',NULL,NULL),(32,'plugin::content-manager.explorer.delete','{}','api::order.order','{}','[\"admin::is-creator\"]','2024-01-31 17:03:38.424000','2024-01-31 17:03:38.424000',NULL,NULL),(33,'plugin::content-manager.explorer.delete','{}','api::product.product','{}','[\"admin::is-creator\"]','2024-01-31 17:03:38.429000','2024-01-31 17:03:38.429000',NULL,NULL),(34,'plugin::upload.read','{}',NULL,'{}','[\"admin::is-creator\"]','2024-01-31 17:03:38.433000','2024-01-31 17:03:38.433000',NULL,NULL),(35,'plugin::upload.configure-view','{}',NULL,'{}','[]','2024-01-31 17:03:38.438000','2024-01-31 17:03:38.438000',NULL,NULL),(36,'plugin::upload.assets.create','{}',NULL,'{}','[]','2024-01-31 17:03:38.443000','2024-01-31 17:03:38.443000',NULL,NULL),(37,'plugin::upload.assets.update','{}',NULL,'{}','[\"admin::is-creator\"]','2024-01-31 17:03:38.448000','2024-01-31 17:03:38.448000',NULL,NULL),(38,'plugin::upload.assets.download','{}',NULL,'{}','[]','2024-01-31 17:03:38.453000','2024-01-31 17:03:38.453000',NULL,NULL),(39,'plugin::upload.assets.copy-link','{}',NULL,'{}','[]','2024-01-31 17:03:38.457000','2024-01-31 17:03:38.457000',NULL,NULL),(40,'plugin::content-manager.explorer.create','{}','plugin::users-permissions.user','{\"fields\": [\"username\", \"email\", \"provider\", \"password\", \"resetPasswordToken\", \"confirmationToken\", \"confirmed\", \"blocked\", \"role\"]}','[]','2024-01-31 17:03:38.475000','2024-01-31 17:03:38.475000',NULL,NULL),(41,'plugin::content-manager.explorer.create','{}','api::category.category','{\"fields\": [\"title\", \"desc\", \"products\", \"type\"]}','[]','2024-01-31 17:03:38.482000','2024-01-31 17:03:38.482000',NULL,NULL),(42,'plugin::content-manager.explorer.create','{}','api::order.order','{\"fields\": [\"stripeId\", \"product\"]}','[]','2024-01-31 17:03:38.487000','2024-01-31 17:03:38.487000',NULL,NULL),(43,'plugin::content-manager.explorer.create','{}','api::product.product','{\"fields\": [\"title\", \"desc\", \"img\", \"img2\", \"price\", \"categories\", \"size\", \"white\", \"black\", \"wooden\"]}','[]','2024-01-31 17:03:38.491000','2024-01-31 17:03:38.491000',NULL,NULL),(44,'plugin::content-manager.explorer.read','{}','plugin::users-permissions.user','{\"fields\": [\"username\", \"email\", \"provider\", \"password\", \"resetPasswordToken\", \"confirmationToken\", \"confirmed\", \"blocked\", \"role\"]}','[]','2024-01-31 17:03:38.497000','2024-01-31 17:03:38.497000',NULL,NULL),(45,'plugin::content-manager.explorer.read','{}','api::category.category','{\"fields\": [\"title\", \"desc\", \"products\", \"type\"]}','[]','2024-01-31 17:03:38.502000','2024-01-31 17:03:38.502000',NULL,NULL),(46,'plugin::content-manager.explorer.read','{}','api::order.order','{\"fields\": [\"stripeId\", \"product\"]}','[]','2024-01-31 17:03:38.507000','2024-01-31 17:03:38.507000',NULL,NULL),(47,'plugin::content-manager.explorer.read','{}','api::product.product','{\"fields\": [\"title\", \"desc\", \"img\", \"img2\", \"price\", \"categories\", \"size\", \"white\", \"black\", \"wooden\"]}','[]','2024-01-31 17:03:38.512000','2024-01-31 17:03:38.512000',NULL,NULL),(48,'plugin::content-manager.explorer.update','{}','plugin::users-permissions.user','{\"fields\": [\"username\", \"email\", \"provider\", \"password\", \"resetPasswordToken\", \"confirmationToken\", \"confirmed\", \"blocked\", \"role\"]}','[]','2024-01-31 17:03:38.517000','2024-01-31 17:03:38.517000',NULL,NULL),(49,'plugin::content-manager.explorer.update','{}','api::category.category','{\"fields\": [\"title\", \"desc\", \"products\", \"type\"]}','[]','2024-01-31 17:03:38.521000','2024-01-31 17:03:38.521000',NULL,NULL),(50,'plugin::content-manager.explorer.update','{}','api::order.order','{\"fields\": [\"stripeId\", \"product\"]}','[]','2024-01-31 17:03:38.527000','2024-01-31 17:03:38.527000',NULL,NULL),(51,'plugin::content-manager.explorer.update','{}','api::product.product','{\"fields\": [\"title\", \"desc\", \"img\", \"img2\", \"price\", \"categories\", \"size\", \"white\", \"black\", \"wooden\"]}','[]','2024-01-31 17:03:38.532000','2024-01-31 17:03:38.532000',NULL,NULL),(52,'plugin::content-manager.explorer.delete','{}','plugin::users-permissions.user','{}','[]','2024-01-31 17:03:38.537000','2024-01-31 17:03:38.537000',NULL,NULL),(53,'plugin::content-manager.explorer.delete','{}','api::category.category','{}','[]','2024-01-31 17:03:38.543000','2024-01-31 17:03:38.543000',NULL,NULL),(54,'plugin::content-manager.explorer.delete','{}','api::order.order','{}','[]','2024-01-31 17:03:38.547000','2024-01-31 17:03:38.547000',NULL,NULL),(55,'plugin::content-manager.explorer.delete','{}','api::product.product','{}','[]','2024-01-31 17:03:38.552000','2024-01-31 17:03:38.552000',NULL,NULL),(56,'plugin::content-manager.explorer.publish','{}','api::category.category','{}','[]','2024-01-31 17:03:38.556000','2024-01-31 17:03:38.556000',NULL,NULL),(57,'plugin::content-manager.explorer.publish','{}','api::order.order','{}','[]','2024-01-31 17:03:38.561000','2024-01-31 17:03:38.561000',NULL,NULL),(58,'plugin::content-manager.explorer.publish','{}','api::product.product','{}','[]','2024-01-31 17:03:38.565000','2024-01-31 17:03:38.565000',NULL,NULL),(59,'plugin::content-manager.single-types.configure-view','{}',NULL,'{}','[]','2024-01-31 17:03:38.570000','2024-01-31 17:03:38.570000',NULL,NULL),(60,'plugin::content-manager.collection-types.configure-view','{}',NULL,'{}','[]','2024-01-31 17:03:38.574000','2024-01-31 17:03:38.574000',NULL,NULL),(61,'plugin::content-manager.components.configure-layout','{}',NULL,'{}','[]','2024-01-31 17:03:38.578000','2024-01-31 17:03:38.578000',NULL,NULL),(62,'plugin::content-type-builder.read','{}',NULL,'{}','[]','2024-01-31 17:03:38.582000','2024-01-31 17:03:38.582000',NULL,NULL),(63,'plugin::email.settings.read','{}',NULL,'{}','[]','2024-01-31 17:03:38.587000','2024-01-31 17:03:38.587000',NULL,NULL),(64,'plugin::upload.read','{}',NULL,'{}','[]','2024-01-31 17:03:38.592000','2024-01-31 17:03:38.592000',NULL,NULL),(65,'plugin::upload.assets.create','{}',NULL,'{}','[]','2024-01-31 17:03:38.596000','2024-01-31 17:03:38.596000',NULL,NULL),(66,'plugin::upload.assets.update','{}',NULL,'{}','[]','2024-01-31 17:03:38.600000','2024-01-31 17:03:38.600000',NULL,NULL),(67,'plugin::upload.assets.download','{}',NULL,'{}','[]','2024-01-31 17:03:38.604000','2024-01-31 17:03:38.604000',NULL,NULL),(68,'plugin::upload.assets.copy-link','{}',NULL,'{}','[]','2024-01-31 17:03:38.609000','2024-01-31 17:03:38.609000',NULL,NULL),(69,'plugin::upload.configure-view','{}',NULL,'{}','[]','2024-01-31 17:03:38.614000','2024-01-31 17:03:38.614000',NULL,NULL),(70,'plugin::upload.settings.read','{}',NULL,'{}','[]','2024-01-31 17:03:38.618000','2024-01-31 17:03:38.618000',NULL,NULL),(71,'plugin::i18n.locale.create','{}',NULL,'{}','[]','2024-01-31 17:03:38.623000','2024-01-31 17:03:38.623000',NULL,NULL),(72,'plugin::i18n.locale.read','{}',NULL,'{}','[]','2024-01-31 17:03:38.628000','2024-01-31 17:03:38.628000',NULL,NULL),(73,'plugin::i18n.locale.update','{}',NULL,'{}','[]','2024-01-31 17:03:38.632000','2024-01-31 17:03:38.632000',NULL,NULL),(74,'plugin::i18n.locale.delete','{}',NULL,'{}','[]','2024-01-31 17:03:38.636000','2024-01-31 17:03:38.636000',NULL,NULL),(75,'plugin::users-permissions.roles.create','{}',NULL,'{}','[]','2024-01-31 17:03:38.640000','2024-01-31 17:03:38.640000',NULL,NULL),(76,'plugin::users-permissions.roles.read','{}',NULL,'{}','[]','2024-01-31 17:03:38.643000','2024-01-31 17:03:38.643000',NULL,NULL),(77,'plugin::users-permissions.roles.update','{}',NULL,'{}','[]','2024-01-31 17:03:38.647000','2024-01-31 17:03:38.647000',NULL,NULL),(78,'plugin::users-permissions.roles.delete','{}',NULL,'{}','[]','2024-01-31 17:03:38.652000','2024-01-31 17:03:38.652000',NULL,NULL),(79,'plugin::users-permissions.providers.read','{}',NULL,'{}','[]','2024-01-31 17:03:38.656000','2024-01-31 17:03:38.656000',NULL,NULL),(80,'plugin::users-permissions.providers.update','{}',NULL,'{}','[]','2024-01-31 17:03:38.660000','2024-01-31 17:03:38.660000',NULL,NULL),(81,'plugin::users-permissions.email-templates.read','{}',NULL,'{}','[]','2024-01-31 17:03:38.664000','2024-01-31 17:03:38.664000',NULL,NULL),(82,'plugin::users-permissions.email-templates.update','{}',NULL,'{}','[]','2024-01-31 17:03:38.668000','2024-01-31 17:03:38.668000',NULL,NULL),(83,'plugin::users-permissions.advanced-settings.read','{}',NULL,'{}','[]','2024-01-31 17:03:38.673000','2024-01-31 17:03:38.673000',NULL,NULL),(84,'plugin::users-permissions.advanced-settings.update','{}',NULL,'{}','[]','2024-01-31 17:03:38.677000','2024-01-31 17:03:38.677000',NULL,NULL),(85,'admin::marketplace.read','{}',NULL,'{}','[]','2024-01-31 17:03:38.681000','2024-01-31 17:03:38.681000',NULL,NULL),(86,'admin::webhooks.create','{}',NULL,'{}','[]','2024-01-31 17:03:38.685000','2024-01-31 17:03:38.685000',NULL,NULL),(87,'admin::webhooks.read','{}',NULL,'{}','[]','2024-01-31 17:03:38.689000','2024-01-31 17:03:38.689000',NULL,NULL),(88,'admin::webhooks.update','{}',NULL,'{}','[]','2024-01-31 17:03:38.693000','2024-01-31 17:03:38.693000',NULL,NULL),(89,'admin::webhooks.delete','{}',NULL,'{}','[]','2024-01-31 17:03:38.697000','2024-01-31 17:03:38.697000',NULL,NULL),(90,'admin::users.create','{}',NULL,'{}','[]','2024-01-31 17:03:38.701000','2024-01-31 17:03:38.701000',NULL,NULL),(91,'admin::users.read','{}',NULL,'{}','[]','2024-01-31 17:03:38.711000','2024-01-31 17:03:38.711000',NULL,NULL),(92,'admin::users.update','{}',NULL,'{}','[]','2024-01-31 17:03:38.715000','2024-01-31 17:03:38.715000',NULL,NULL),(93,'admin::users.delete','{}',NULL,'{}','[]','2024-01-31 17:03:38.721000','2024-01-31 17:03:38.721000',NULL,NULL),(94,'admin::roles.create','{}',NULL,'{}','[]','2024-01-31 17:03:38.724000','2024-01-31 17:03:38.724000',NULL,NULL),(95,'admin::roles.read','{}',NULL,'{}','[]','2024-01-31 17:03:38.729000','2024-01-31 17:03:38.729000',NULL,NULL),(96,'admin::roles.update','{}',NULL,'{}','[]','2024-01-31 17:03:38.735000','2024-01-31 17:03:38.735000',NULL,NULL),(97,'admin::roles.delete','{}',NULL,'{}','[]','2024-01-31 17:03:38.740000','2024-01-31 17:03:38.740000',NULL,NULL),(98,'admin::api-tokens.access','{}',NULL,'{}','[]','2024-01-31 17:03:38.745000','2024-01-31 17:03:38.745000',NULL,NULL),(99,'admin::api-tokens.create','{}',NULL,'{}','[]','2024-01-31 17:03:38.750000','2024-01-31 17:03:38.750000',NULL,NULL),(100,'admin::api-tokens.read','{}',NULL,'{}','[]','2024-01-31 17:03:38.754000','2024-01-31 17:03:38.754000',NULL,NULL),(101,'admin::api-tokens.update','{}',NULL,'{}','[]','2024-01-31 17:03:38.758000','2024-01-31 17:03:38.758000',NULL,NULL),(102,'admin::api-tokens.regenerate','{}',NULL,'{}','[]','2024-01-31 17:03:38.762000','2024-01-31 17:03:38.762000',NULL,NULL),(103,'admin::api-tokens.delete','{}',NULL,'{}','[]','2024-01-31 17:03:38.766000','2024-01-31 17:03:38.766000',NULL,NULL),(104,'admin::project-settings.update','{}',NULL,'{}','[]','2024-01-31 17:03:38.771000','2024-01-31 17:03:38.771000',NULL,NULL),(105,'admin::project-settings.read','{}',NULL,'{}','[]','2024-01-31 17:03:38.776000','2024-01-31 17:03:38.776000',NULL,NULL),(106,'admin::transfer.tokens.access','{}',NULL,'{}','[]','2024-01-31 17:03:38.781000','2024-01-31 17:03:38.781000',NULL,NULL),(107,'admin::transfer.tokens.create','{}',NULL,'{}','[]','2024-01-31 17:03:38.785000','2024-01-31 17:03:38.785000',NULL,NULL),(108,'admin::transfer.tokens.read','{}',NULL,'{}','[]','2024-01-31 17:03:38.789000','2024-01-31 17:03:38.789000',NULL,NULL),(109,'admin::transfer.tokens.update','{}',NULL,'{}','[]','2024-01-31 17:03:38.794000','2024-01-31 17:03:38.794000',NULL,NULL),(110,'admin::transfer.tokens.regenerate','{}',NULL,'{}','[]','2024-01-31 17:03:38.800000','2024-01-31 17:03:38.800000',NULL,NULL),(111,'admin::transfer.tokens.delete','{}',NULL,'{}','[]','2024-01-31 17:03:38.805000','2024-01-31 17:03:38.805000',NULL,NULL);
/*!40000 ALTER TABLE `admin_permissions` ENABLE KEYS */;
UNLOCK TABLES;

--
-- Table structure for table `admin_permissions_role_links`
--

DROP TABLE IF EXISTS `admin_permissions_role_links`;
/*!40101 SET @saved_cs_client     = @@character_set_client */;
/*!50503 SET character_set_client = utf8mb4 */;
CREATE TABLE `admin_permissions_role_links` (
  `id` int unsigned NOT NULL AUTO_INCREMENT,
  `permission_id` int unsigned DEFAULT NULL,
  `role_id` int unsigned DEFAULT NULL,
  `permission_order` double unsigned DEFAULT NULL,
  PRIMARY KEY (`id`),
  UNIQUE KEY `admin_permissions_role_links_unique` (`permission_id`,`role_id`),
  KEY `admin_permissions_role_links_fk` (`permission_id`),
  KEY `admin_permissions_role_links_inv_fk` (`role_id`),
  KEY `admin_permissions_role_links_order_inv_fk` (`permission_order`),
  CONSTRAINT `admin_permissions_role_links_fk` FOREIGN KEY (`permission_id`) REFERENCES `admin_permissions` (`id`) ON DELETE CASCADE,
  CONSTRAINT `admin_permissions_role_links_inv_fk` FOREIGN KEY (`role_id`) REFERENCES `admin_roles` (`id`) ON DELETE CASCADE
) ENGINE=InnoDB AUTO_INCREMENT=112 DEFAULT CHARSET=utf8mb4 COLLATE=utf8mb4_0900_ai_ci;
/*!40101 SET character_set_client = @saved_cs_client */;

--
-- Dumping data for table `admin_permissions_role_links`
--

LOCK TABLES `admin_permissions_role_links` WRITE;
/*!40000 ALTER TABLE `admin_permissions_role_links` DISABLE KEYS */;
INSERT INTO `admin_permissions_role_links` VALUES (1,1,2,1),(2,2,2,2),(3,3,2,3),(4,4,2,4),(5,5,2,5),(6,6,2,6),(7,7,2,7),(8,8,2,8),(9,9,2,9),(10,10,2,10),(11,11,2,11),(12,12,2,12),(13,13,2,13),(14,14,2,14),(15,15,2,15),(16,16,2,16),(17,17,2,17),(18,18,2,18),(19,19,2,19),(20,20,2,20),(21,21,2,21),(22,22,3,1),(23,23,3,2),(24,24,3,3),(25,25,3,4),(26,26,3,5),(27,27,3,6),(28,28,3,7),(29,29,3,8),(30,30,3,9),(31,31,3,10),(32,32,3,11),(33,33,3,12),(34,34,3,13),(35,35,3,14),(36,36,3,15),(37,37,3,16),(38,38,3,17),(39,39,3,18),(40,40,1,1),(41,41,1,2),(42,42,1,3),(43,43,1,4),(44,44,1,5),(45,45,1,6),(46,46,1,7),(47,47,1,8),(48,48,1,9),(49,49,1,10),(50,50,1,11),(51,51,1,12),(52,52,1,13),(53,53,1,14),(54,54,1,15),(55,55,1,16),(56,56,1,17),(57,57,1,18),(58,58,1,19),(59,59,1,20),(60,60,1,21),(61,61,1,22),(62,62,1,23),(63,63,1,24),(64,64,1,25),(65,65,1,26),(66,66,1,27),(67,67,1,28),(68,68,1,29),(69,69,1,30),(70,70,1,31),(71,71,1,32),(72,72,1,33),(73,73,1,34),(74,74,1,35),(75,75,1,36),(76,76,1,37),(77,77,1,38),(78,78,1,39),(79,79,1,40),(80,80,1,41),(81,81,1,42),(82,82,1,43),(83,83,1,44),(84,84,1,45),(85,85,1,46),(86,86,1,47),(87,87,1,48),(88,88,1,49),(89,89,1,50),(90,90,1,51),(91,91,1,52),(92,92,1,53),(93,93,1,54),(94,94,1,55),(95,95,1,56),(96,96,1,57),(97,97,1,58),(98,98,1,59),(99,99,1,60),(100,100,1,61),(101,101,1,62),(102,102,1,63),(103,103,1,64),(104,104,1,65),(105,105,1,66),(106,106,1,67),(107,107,1,68),(108,108,1,69),(109,109,1,70),(110,110,1,71),(111,111,1,72);
/*!40000 ALTER TABLE `admin_permissions_role_links` ENABLE KEYS */;
UNLOCK TABLES;

--
-- Table structure for table `admin_roles`
--

DROP TABLE IF EXISTS `admin_roles`;
/*!40101 SET @saved_cs_client     = @@character_set_client */;
/*!50503 SET character_set_client = utf8mb4 */;
CREATE TABLE `admin_roles` (
  `id` int unsigned NOT NULL AUTO_INCREMENT,
  `name` varchar(255) DEFAULT NULL,
  `code` varchar(255) DEFAULT NULL,
  `description` varchar(255) DEFAULT NULL,
  `created_at` datetime(6) DEFAULT NULL,
  `updated_at` datetime(6) DEFAULT NULL,
  `created_by_id` int unsigned DEFAULT NULL,
  `updated_by_id` int unsigned DEFAULT NULL,
  PRIMARY KEY (`id`),
  KEY `admin_roles_created_by_id_fk` (`created_by_id`),
  KEY `admin_roles_updated_by_id_fk` (`updated_by_id`),
  CONSTRAINT `admin_roles_created_by_id_fk` FOREIGN KEY (`created_by_id`) REFERENCES `admin_users` (`id`) ON DELETE SET NULL,
  CONSTRAINT `admin_roles_updated_by_id_fk` FOREIGN KEY (`updated_by_id`) REFERENCES `admin_users` (`id`) ON DELETE SET NULL
) ENGINE=InnoDB AUTO_INCREMENT=4 DEFAULT CHARSET=utf8mb4 COLLATE=utf8mb4_0900_ai_ci;
/*!40101 SET character_set_client = @saved_cs_client */;

--
-- Dumping data for table `admin_roles`
--

LOCK TABLES `admin_roles` WRITE;
/*!40000 ALTER TABLE `admin_roles` DISABLE KEYS */;
INSERT INTO `admin_roles` VALUES (1,'Super Admin','strapi-super-admin','Super Admins can access and manage all features and settings.','2024-01-31 17:03:38.249000','2024-01-31 17:03:38.249000',NULL,NULL),(2,'Editor','strapi-editor','Editors can manage and publish contents including those of other users.','2024-01-31 17:03:38.255000','2024-01-31 17:03:38.255000',NULL,NULL),(3,'Author','strapi-author','Authors can manage the content they have created.','2024-01-31 17:03:38.259000','2024-01-31 17:03:38.259000',NULL,NULL);
/*!40000 ALTER TABLE `admin_roles` ENABLE KEYS */;
UNLOCK TABLES;

--
-- Table structure for table `admin_users`
--

DROP TABLE IF EXISTS `admin_users`;
/*!40101 SET @saved_cs_client     = @@character_set_client */;
/*!50503 SET character_set_client = utf8mb4 */;
CREATE TABLE `admin_users` (
  `id` int unsigned NOT NULL AUTO_INCREMENT,
  `firstname` varchar(255) DEFAULT NULL,
  `lastname` varchar(255) DEFAULT NULL,
  `username` varchar(255) DEFAULT NULL,
  `email` varchar(255) DEFAULT NULL,
  `password` varchar(255) DEFAULT NULL,
  `reset_password_token` varchar(255) DEFAULT NULL,
  `registration_token` varchar(255) DEFAULT NULL,
  `is_active` tinyint(1) DEFAULT NULL,
  `blocked` tinyint(1) DEFAULT NULL,
  `prefered_language` varchar(255) DEFAULT NULL,
  `created_at` datetime(6) DEFAULT NULL,
  `updated_at` datetime(6) DEFAULT NULL,
  `created_by_id` int unsigned DEFAULT NULL,
  `updated_by_id` int unsigned DEFAULT NULL,
  PRIMARY KEY (`id`),
  KEY `admin_users_created_by_id_fk` (`created_by_id`),
  KEY `admin_users_updated_by_id_fk` (`updated_by_id`),
  CONSTRAINT `admin_users_created_by_id_fk` FOREIGN KEY (`created_by_id`) REFERENCES `admin_users` (`id`) ON DELETE SET NULL,
  CONSTRAINT `admin_users_updated_by_id_fk` FOREIGN KEY (`updated_by_id`) REFERENCES `admin_users` (`id`) ON DELETE SET NULL
) ENGINE=InnoDB AUTO_INCREMENT=3 DEFAULT CHARSET=utf8mb4 COLLATE=utf8mb4_0900_ai_ci;
/*!40101 SET character_set_client = @saved_cs_client */;

--
-- Dumping data for table `admin_users`
--

LOCK TABLES `admin_users` WRITE;
/*!40000 ALTER TABLE `admin_users` DISABLE KEYS */;
INSERT INTO `admin_users` VALUES (1,'stepanka','blazkova','stepanka.blazkova@post.cz','stepanka.blazkova@post.cz','$2a$10$MK0xZc7.LKiiRVFdAVWi5.o1dpzpDgtZoJMAFP0DRiE8/QfCl4jQi',NULL,NULL,1,0,NULL,'2024-01-31 17:05:43.811000','2024-01-31 17:18:44.515000',NULL,NULL);
/*!40000 ALTER TABLE `admin_users` ENABLE KEYS */;
UNLOCK TABLES;

--
-- Table structure for table `admin_users_roles_links`
--

DROP TABLE IF EXISTS `admin_users_roles_links`;
/*!40101 SET @saved_cs_client     = @@character_set_client */;
/*!50503 SET character_set_client = utf8mb4 */;
CREATE TABLE `admin_users_roles_links` (
  `id` int unsigned NOT NULL AUTO_INCREMENT,
  `user_id` int unsigned DEFAULT NULL,
  `role_id` int unsigned DEFAULT NULL,
  `role_order` double unsigned DEFAULT NULL,
  `user_order` double unsigned DEFAULT NULL,
  PRIMARY KEY (`id`),
  UNIQUE KEY `admin_users_roles_links_unique` (`user_id`,`role_id`),
  KEY `admin_users_roles_links_fk` (`user_id`),
  KEY `admin_users_roles_links_inv_fk` (`role_id`),
  KEY `admin_users_roles_links_order_fk` (`role_order`),
  KEY `admin_users_roles_links_order_inv_fk` (`user_order`),
  CONSTRAINT `admin_users_roles_links_fk` FOREIGN KEY (`user_id`) REFERENCES `admin_users` (`id`) ON DELETE CASCADE,
  CONSTRAINT `admin_users_roles_links_inv_fk` FOREIGN KEY (`role_id`) REFERENCES `admin_roles` (`id`) ON DELETE CASCADE
) ENGINE=InnoDB AUTO_INCREMENT=3 DEFAULT CHARSET=utf8mb4 COLLATE=utf8mb4_0900_ai_ci;
/*!40101 SET character_set_client = @saved_cs_client */;

--
-- Dumping data for table `admin_users_roles_links`
--

LOCK TABLES `admin_users_roles_links` WRITE;
/*!40000 ALTER TABLE `admin_users_roles_links` DISABLE KEYS */;
INSERT INTO `admin_users_roles_links` VALUES (1,1,1,1,1);
/*!40000 ALTER TABLE `admin_users_roles_links` ENABLE KEYS */;
UNLOCK TABLES;

--
-- Table structure for table `categories`
--

DROP TABLE IF EXISTS `categories`;
/*!40101 SET @saved_cs_client     = @@character_set_client */;
/*!50503 SET character_set_client = utf8mb4 */;
CREATE TABLE `categories` (
  `id` int unsigned NOT NULL AUTO_INCREMENT,
  `title` varchar(255) DEFAULT NULL,
  `desc` longtext,
  `type` varchar(255) DEFAULT NULL,
  `created_at` datetime(6) DEFAULT NULL,
  `updated_at` datetime(6) DEFAULT NULL,
  `published_at` datetime(6) DEFAULT NULL,
  `created_by_id` int unsigned DEFAULT NULL,
  `updated_by_id` int unsigned DEFAULT NULL,
  PRIMARY KEY (`id`),
  KEY `categories_created_by_id_fk` (`created_by_id`),
  KEY `categories_updated_by_id_fk` (`updated_by_id`),
  CONSTRAINT `categories_created_by_id_fk` FOREIGN KEY (`created_by_id`) REFERENCES `admin_users` (`id`) ON DELETE SET NULL,
  CONSTRAINT `categories_updated_by_id_fk` FOREIGN KEY (`updated_by_id`) REFERENCES `admin_users` (`id`) ON DELETE SET NULL
) ENGINE=InnoDB AUTO_INCREMENT=2 DEFAULT CHARSET=utf8mb4 COLLATE=utf8mb4_0900_ai_ci;
/*!40101 SET character_set_client = @saved_cs_client */;

--
-- Dumping data for table `categories`
--

LOCK TABLES `categories` WRITE;
/*!40000 ALTER TABLE `categories` DISABLE KEYS */;
INSERT INTO `categories` VALUES (1,'paintings',NULL,'normal','2024-01-31 17:11:47.952000','2024-01-31 17:11:49.254000','2024-01-31 17:11:49.247000',1,1);
/*!40000 ALTER TABLE `categories` ENABLE KEYS */;
UNLOCK TABLES;

--
-- Table structure for table `files`
--

DROP TABLE IF EXISTS `files`;
/*!40101 SET @saved_cs_client     = @@character_set_client */;
/*!50503 SET character_set_client = utf8mb4 */;
CREATE TABLE `files` (
  `id` int unsigned NOT NULL AUTO_INCREMENT,
  `name` varchar(255) DEFAULT NULL,
  `alternative_text` varchar(255) DEFAULT NULL,
  `caption` varchar(255) DEFAULT NULL,
  `width` int DEFAULT NULL,
  `height` int DEFAULT NULL,
  `formats` json DEFAULT NULL,
  `hash` varchar(255) DEFAULT NULL,
  `ext` varchar(255) DEFAULT NULL,
  `mime` varchar(255) DEFAULT NULL,
  `size` decimal(10,2) DEFAULT NULL,
  `url` varchar(255) DEFAULT NULL,
  `preview_url` varchar(255) DEFAULT NULL,
  `provider` varchar(255) DEFAULT NULL,
  `provider_metadata` json DEFAULT NULL,
  `folder_path` varchar(255) DEFAULT NULL,
  `created_at` datetime(6) DEFAULT NULL,
  `updated_at` datetime(6) DEFAULT NULL,
  `created_by_id` int unsigned DEFAULT NULL,
  `updated_by_id` int unsigned DEFAULT NULL,
  PRIMARY KEY (`id`),
  KEY `upload_files_folder_path_index` (`folder_path`),
  KEY `upload_files_created_at_index` (`created_at`),
  KEY `upload_files_updated_at_index` (`updated_at`),
  KEY `upload_files_name_index` (`name`),
  KEY `upload_files_size_index` (`size`),
  KEY `upload_files_ext_index` (`ext`),
  KEY `files_created_by_id_fk` (`created_by_id`),
  KEY `files_updated_by_id_fk` (`updated_by_id`),
  CONSTRAINT `files_created_by_id_fk` FOREIGN KEY (`created_by_id`) REFERENCES `admin_users` (`id`) ON DELETE SET NULL,
  CONSTRAINT `files_updated_by_id_fk` FOREIGN KEY (`updated_by_id`) REFERENCES `admin_users` (`id`) ON DELETE SET NULL
) ENGINE=InnoDB AUTO_INCREMENT=106 DEFAULT CHARSET=utf8mb4 COLLATE=utf8mb4_0900_ai_ci;
/*!40101 SET character_set_client = @saved_cs_client */;

--
-- Dumping data for table `files`
--

LOCK TABLES `files` WRITE;
/*!40000 ALTER TABLE `files` DISABLE KEYS */;
INSERT INTO `files` VALUES (1,'9.1.1.png',NULL,NULL,1183,1577,'{\"large\": {\"ext\": \".png\", \"url\": \"/uploads/large_9_1_1_d8b637e3b2.png\", \"hash\": \"large_9_1_1_d8b637e3b2\", \"mime\": \"image/png\", \"name\": \"large_9.1.1.png\", \"path\": null, \"size\": 281, \"width\": 750, \"height\": 1000}, \"small\": {\"ext\": \".png\", \"url\": \"/uploads/small_9_1_1_d8b637e3b2.png\", \"hash\": \"small_9_1_1_d8b637e3b2\", \"mime\": \"image/png\", \"name\": \"small_9.1.1.png\", \"path\": null, \"size\": 76.94, \"width\": 375, \"height\": 500}, \"medium\": {\"ext\": \".png\", \"url\": \"/uploads/medium_9_1_1_d8b637e3b2.png\", \"hash\": \"medium_9_1_1_d8b637e3b2\", \"mime\": \"image/png\", \"name\": \"medium_9.1.1.png\", \"path\": null, \"size\": 164.34, \"width\": 563, \"height\": 750}, \"thumbnail\": {\"ext\": \".png\", \"url\": \"/uploads/thumbnail_9_1_1_d8b637e3b2.png\", \"hash\": \"thumbnail_9_1_1_d8b637e3b2\", \"mime\": \"image/png\", \"name\": \"thumbnail_9.1.1.png\", \"path\": null, \"size\": 9.69, \"width\": 117, \"height\": 156}}','9_1_1_d8b637e3b2','.png','image/png',177.03,'/uploads/9_1_1_d8b637e3b2.png',NULL,'local',NULL,'/','2024-01-31 17:13:10.349000','2024-01-31 17:13:10.349000',1,1),(2,'8.1.1.png',NULL,NULL,3456,4608,'{\"large\": {\"ext\": \".png\", \"url\": \"/uploads/large_8_1_1_2515614334.png\", \"hash\": \"large_8_1_1_2515614334\", \"mime\": \"image/png\", \"name\": \"large_8.1.1.png\", \"path\": null, \"size\": 244.83, \"width\": 750, \"height\": 1000}, \"small\": {\"ext\": \".png\", \"url\": \"/uploads/small_8_1_1_2515614334.png\", \"hash\": \"small_8_1_1_2515614334\", \"mime\": \"image/png\", \"name\": \"small_8.1.1.png\", \"path\": null, \"size\": 66.52, \"width\": 375, \"height\": 500}, \"medium\": {\"ext\": \".png\", \"url\": \"/uploads/medium_8_1_1_2515614334.png\", \"hash\": \"medium_8_1_1_2515614334\", \"mime\": \"image/png\", \"name\": \"medium_8.1.1.png\", \"path\": null, \"size\": 144.01, \"width\": 563, \"height\": 750}, \"thumbnail\": {\"ext\": \".png\", \"url\": \"/uploads/thumbnail_8_1_1_2515614334.png\", \"hash\": \"thumbnail_8_1_1_2515614334\", \"mime\": \"image/png\", \"name\": \"thumbnail_8.1.1.png\", \"path\": null, \"size\": 8.53, \"width\": 117, \"height\": 156}}','8_1_1_2515614334','.png','image/png',904.98,'/uploads/8_1_1_2515614334.png',NULL,'local',NULL,'/','2024-01-31 17:13:15.727000','2024-01-31 17:13:15.727000',1,1),(3,'8.1.3.png',NULL,NULL,3456,4608,'{\"large\": {\"ext\": \".png\", \"url\": \"/uploads/large_8_1_3_8395e0d8b0.png\", \"hash\": \"large_8_1_3_8395e0d8b0\", \"mime\": \"image/png\", \"name\": \"large_8.1.3.png\", \"path\": null, \"size\": 255.13, \"width\": 750, \"height\": 1000}, \"small\": {\"ext\": \".png\", \"url\": \"/uploads/small_8_1_3_8395e0d8b0.png\", \"hash\": \"small_8_1_3_8395e0d8b0\", \"mime\": \"image/png\", \"name\": \"small_8.1.3.png\", \"path\": null, \"size\": 69.5, \"width\": 375, \"height\": 500}, \"medium\": {\"ext\": \".png\", \"url\": \"/uploads/medium_8_1_3_8395e0d8b0.png\", \"hash\": \"medium_8_1_3_8395e0d8b0\", \"mime\": \"image/png\", \"name\": \"medium_8.1.3.png\", \"path\": null, \"size\": 148.97, \"width\": 563, \"height\": 750}, \"thumbnail\": {\"ext\": \".png\", \"url\": \"/uploads/thumbnail_8_1_3_8395e0d8b0.png\", \"hash\": \"thumbnail_8_1_3_8395e0d8b0\", \"mime\": \"image/png\", \"name\": \"thumbnail_8.1.3.png\", \"path\": null, \"size\": 8.89, \"width\": 117, \"height\": 156}}','8_1_3_8395e0d8b0','.png','image/png',918.96,'/uploads/8_1_3_8395e0d8b0.png',NULL,'local',NULL,'/','2024-01-31 17:13:16.229000','2024-01-31 17:13:16.229000',1,1),(4,'9.1.3.png',NULL,NULL,3456,4608,'{\"large\": {\"ext\": \".png\", \"url\": \"/uploads/large_9_1_3_cbeb0b1a51.png\", \"hash\": \"large_9_1_3_cbeb0b1a51\", \"mime\": \"image/png\", \"name\": \"large_9.1.3.png\", \"path\": null, \"size\": 286.65, \"width\": 750, \"height\": 1000}, \"small\": {\"ext\": \".png\", \"url\": \"/uploads/small_9_1_3_cbeb0b1a51.png\", \"hash\": \"small_9_1_3_cbeb0b1a51\", \"mime\": \"image/png\", \"name\": \"small_9.1.3.png\", \"path\": null, \"size\": 79.64, \"width\": 375, \"height\": 500}, \"medium\": {\"ext\": \".png\", \"url\": \"/uploads/medium_9_1_3_cbeb0b1a51.png\", \"hash\": \"medium_9_1_3_cbeb0b1a51\", \"mime\": \"image/png\", \"name\": \"medium_9.1.3.png\", \"path\": null, \"size\": 169.23, \"width\": 563, \"height\": 750}, \"thumbnail\": {\"ext\": \".png\", \"url\": \"/uploads/thumbnail_9_1_3_cbeb0b1a51.png\", \"hash\": \"thumbnail_9_1_3_cbeb0b1a51\", \"mime\": \"image/png\", \"name\": \"thumbnail_9.1.3.png\", \"path\": null, \"size\": 10.01, \"width\": 117, \"height\": 156}}','9_1_3_cbeb0b1a51','.png','image/png',1019.51,'/uploads/9_1_3_cbeb0b1a51.png',NULL,'local',NULL,'/','2024-01-31 17:13:16.662000','2024-01-31 17:13:16.662000',1,1),(5,'9.1.2.png',NULL,NULL,3456,4608,'{\"large\": {\"ext\": \".png\", \"url\": \"/uploads/large_9_1_2_3178d08ca8.png\", \"hash\": \"large_9_1_2_3178d08ca8\", \"mime\": \"image/png\", \"name\": \"large_9.1.2.png\", \"path\": null, \"size\": 463.14, \"width\": 750, \"height\": 1000}, \"small\": {\"ext\": \".png\", \"url\": \"/uploads/small_9_1_2_3178d08ca8.png\", \"hash\": \"small_9_1_2_3178d08ca8\", \"mime\": \"image/png\", \"name\": \"small_9.1.2.png\", \"path\": null, \"size\": 126.21, \"width\": 375, \"height\": 500}, \"medium\": {\"ext\": \".png\", \"url\": \"/uploads/medium_9_1_2_3178d08ca8.png\", \"hash\": \"medium_9_1_2_3178d08ca8\", \"mime\": \"image/png\", \"name\": \"medium_9.1.2.png\", \"path\": null, \"size\": 271.96, \"width\": 563, \"height\": 750}, \"thumbnail\": {\"ext\": \".png\", \"url\": \"/uploads/thumbnail_9_1_2_3178d08ca8.png\", \"hash\": \"thumbnail_9_1_2_3178d08ca8\", \"mime\": \"image/png\", \"name\": \"thumbnail_9.1.2.png\", \"path\": null, \"size\": 15.36, \"width\": 117, \"height\": 156}}','9_1_2_3178d08ca8','.png','image/png',1626.58,'/uploads/9_1_2_3178d08ca8.png',NULL,'local',NULL,'/','2024-01-31 17:13:20.422000','2024-01-31 17:13:20.422000',1,1),(6,'8.1.2.png',NULL,NULL,3456,4608,'{\"large\": {\"ext\": \".png\", \"url\": \"/uploads/large_8_1_2_e88e214bcf.png\", \"hash\": \"large_8_1_2_e88e214bcf\", \"mime\": \"image/png\", \"name\": \"large_8.1.2.png\", \"path\": null, \"size\": 342.58, \"width\": 750, \"height\": 1000}, \"small\": {\"ext\": \".png\", \"url\": \"/uploads/small_8_1_2_e88e214bcf.png\", \"hash\": \"small_8_1_2_e88e214bcf\", \"mime\": \"image/png\", \"name\": \"small_8.1.2.png\", \"path\": null, \"size\": 92.4, \"width\": 375, \"height\": 500}, \"medium\": {\"ext\": \".png\", \"url\": \"/uploads/medium_8_1_2_e88e214bcf.png\", \"hash\": \"medium_8_1_2_e88e214bcf\", \"mime\": \"image/png\", \"name\": \"medium_8.1.2.png\", \"path\": null, \"size\": 201.15, \"width\": 563, \"height\": 750}, \"thumbnail\": {\"ext\": \".png\", \"url\": \"/uploads/thumbnail_8_1_2_e88e214bcf.png\", \"hash\": \"thumbnail_8_1_2_e88e214bcf\", \"mime\": \"image/png\", \"name\": \"thumbnail_8.1.2.png\", \"path\": null, \"size\": 11.53, \"width\": 117, \"height\": 156}}','8_1_2_e88e214bcf','.png','image/png',1191.94,'/uploads/8_1_2_e88e214bcf.png',NULL,'local',NULL,'/','2024-01-31 17:13:22.497000','2024-01-31 17:13:22.497000',1,1),(7,'7.1.3.png',NULL,NULL,3456,4608,'{\"large\": {\"ext\": \".png\", \"url\": \"/uploads/large_7_1_3_44bb8febe8.png\", \"hash\": \"large_7_1_3_44bb8febe8\", \"mime\": \"image/png\", \"name\": \"large_7.1.3.png\", \"path\": null, \"size\": 269.3, \"width\": 750, \"height\": 1000}, \"small\": {\"ext\": \".png\", \"url\": \"/uploads/small_7_1_3_44bb8febe8.png\", \"hash\": \"small_7_1_3_44bb8febe8\", \"mime\": \"image/png\", \"name\": \"small_7.1.3.png\", \"path\": null, \"size\": 73.93, \"width\": 375, \"height\": 500}, \"medium\": {\"ext\": \".png\", \"url\": \"/uploads/medium_7_1_3_44bb8febe8.png\", \"hash\": \"medium_7_1_3_44bb8febe8\", \"mime\": \"image/png\", \"name\": \"medium_7.1.3.png\", \"path\": null, \"size\": 158.07, \"width\": 563, \"height\": 750}, \"thumbnail\": {\"ext\": \".png\", \"url\": \"/uploads/thumbnail_7_1_3_44bb8febe8.png\", \"hash\": \"thumbnail_7_1_3_44bb8febe8\", \"mime\": \"image/png\", \"name\": \"thumbnail_7.1.3.png\", \"path\": null, \"size\": 8.91, \"width\": 117, \"height\": 156}}','7_1_3_44bb8febe8','.png','image/png',964.49,'/uploads/7_1_3_44bb8febe8.png',NULL,'local',NULL,'/','2024-01-31 17:13:23.638000','2024-01-31 17:13:23.638000',1,1),(8,'7.1.1.png',NULL,NULL,3456,4608,'{\"large\": {\"ext\": \".png\", \"url\": \"/uploads/large_7_1_1_3bbe047791.png\", \"hash\": \"large_7_1_1_3bbe047791\", \"mime\": \"image/png\", \"name\": \"large_7.1.1.png\", \"path\": null, \"size\": 256.03, \"width\": 750, \"height\": 1000}, \"small\": {\"ext\": \".png\", \"url\": \"/uploads/small_7_1_1_3bbe047791.png\", \"hash\": \"small_7_1_1_3bbe047791\", \"mime\": \"image/png\", \"name\": \"small_7.1.1.png\", \"path\": null, \"size\": 70.74, \"width\": 375, \"height\": 500}, \"medium\": {\"ext\": \".png\", \"url\": \"/uploads/medium_7_1_1_3bbe047791.png\", \"hash\": \"medium_7_1_1_3bbe047791\", \"mime\": \"image/png\", \"name\": \"medium_7.1.1.png\", \"path\": null, \"size\": 151.21, \"width\": 563, \"height\": 750}, \"thumbnail\": {\"ext\": \".png\", \"url\": \"/uploads/thumbnail_7_1_1_3bbe047791.png\", \"hash\": \"thumbnail_7_1_1_3bbe047791\", \"mime\": \"image/png\", \"name\": \"thumbnail_7.1.1.png\", \"path\": null, \"size\": 8.74, \"width\": 117, \"height\": 156}}','7_1_1_3bbe047791','.png','image/png',938.92,'/uploads/7_1_1_3bbe047791.png',NULL,'local',NULL,'/','2024-01-31 17:13:24.548000','2024-01-31 17:13:24.548000',1,1),(9,'7.1.2.png',NULL,NULL,3456,4608,'{\"large\": {\"ext\": \".png\", \"url\": \"/uploads/large_7_1_2_0d2036673a.png\", \"hash\": \"large_7_1_2_0d2036673a\", \"mime\": \"image/png\", \"name\": \"large_7.1.2.png\", \"path\": null, \"size\": 368.04, \"width\": 750, \"height\": 1000}, \"small\": {\"ext\": \".png\", \"url\": \"/uploads/small_7_1_2_0d2036673a.png\", \"hash\": \"small_7_1_2_0d2036673a\", \"mime\": \"image/png\", \"name\": \"small_7.1.2.png\", \"path\": null, \"size\": 98.97, \"width\": 375, \"height\": 500}, \"medium\": {\"ext\": \".png\", \"url\": \"/uploads/medium_7_1_2_0d2036673a.png\", \"hash\": \"medium_7_1_2_0d2036673a\", \"mime\": \"image/png\", \"name\": \"medium_7.1.2.png\", \"path\": null, \"size\": 215.34, \"width\": 563, \"height\": 750}, \"thumbnail\": {\"ext\": \".png\", \"url\": \"/uploads/thumbnail_7_1_2_0d2036673a.png\", \"hash\": \"thumbnail_7_1_2_0d2036673a\", \"mime\": \"image/png\", \"name\": \"thumbnail_7.1.2.png\", \"path\": null, \"size\": 12.13, \"width\": 117, \"height\": 156}}','7_1_2_0d2036673a','.png','image/png',1292.89,'/uploads/7_1_2_0d2036673a.png',NULL,'local',NULL,'/','2024-01-31 17:13:25.176000','2024-01-31 17:13:25.176000',1,1),(10,'6.1.1.png',NULL,NULL,1183,1577,'{\"large\": {\"ext\": \".png\", \"url\": \"/uploads/large_6_1_1_9e2374ea38.png\", \"hash\": \"large_6_1_1_9e2374ea38\", \"mime\": \"image/png\", \"name\": \"large_6.1.1.png\", \"path\": null, \"size\": 488.93, \"width\": 750, \"height\": 1000}, \"small\": {\"ext\": \".png\", \"url\": \"/uploads/small_6_1_1_9e2374ea38.png\", \"hash\": \"small_6_1_1_9e2374ea38\", \"mime\": \"image/png\", \"name\": \"small_6.1.1.png\", \"path\": null, \"size\": 129.44, \"width\": 375, \"height\": 500}, \"medium\": {\"ext\": \".png\", \"url\": \"/uploads/medium_6_1_1_9e2374ea38.png\", \"hash\": \"medium_6_1_1_9e2374ea38\", \"mime\": \"image/png\", \"name\": \"medium_6.1.1.png\", \"path\": null, \"size\": 280.54, \"width\": 563, \"height\": 750}, \"thumbnail\": {\"ext\": \".png\", \"url\": \"/uploads/thumbnail_6_1_1_9e2374ea38.png\", \"hash\": \"thumbnail_6_1_1_9e2374ea38\", \"mime\": \"image/png\", \"name\": \"thumbnail_6.1.1.png\", \"path\": null, \"size\": 14.95, \"width\": 117, \"height\": 156}}','6_1_1_9e2374ea38','.png','image/png',311.05,'/uploads/6_1_1_9e2374ea38.png',NULL,'local',NULL,'/','2024-01-31 17:13:25.722000','2024-01-31 17:13:25.722000',1,1),(11,'6.1.3.png',NULL,NULL,3456,4608,'{\"large\": {\"ext\": \".png\", \"url\": \"/uploads/large_6_1_3_4abcd1b411.png\", \"hash\": \"large_6_1_3_4abcd1b411\", \"mime\": \"image/png\", \"name\": \"large_6.1.3.png\", \"path\": null, \"size\": 261.03, \"width\": 750, \"height\": 1000}, \"small\": {\"ext\": \".png\", \"url\": \"/uploads/small_6_1_3_4abcd1b411.png\", \"hash\": \"small_6_1_3_4abcd1b411\", \"mime\": \"image/png\", \"name\": \"small_6.1.3.png\", \"path\": null, \"size\": 71.04, \"width\": 375, \"height\": 500}, \"medium\": {\"ext\": \".png\", \"url\": \"/uploads/medium_6_1_3_4abcd1b411.png\", \"hash\": \"medium_6_1_3_4abcd1b411\", \"mime\": \"image/png\", \"name\": \"medium_6.1.3.png\", \"path\": null, \"size\": 151.86, \"width\": 563, \"height\": 750}, \"thumbnail\": {\"ext\": \".png\", \"url\": \"/uploads/thumbnail_6_1_3_4abcd1b411.png\", \"hash\": \"thumbnail_6_1_3_4abcd1b411\", \"mime\": \"image/png\", \"name\": \"thumbnail_6.1.3.png\", \"path\": null, \"size\": 8.85, \"width\": 117, \"height\": 156}}','6_1_3_4abcd1b411','.png','image/png',1124.15,'/uploads/6_1_3_4abcd1b411.png',NULL,'local',NULL,'/','2024-01-31 17:13:32.132000','2024-01-31 17:13:32.132000',1,1),(12,'5.1.3.png',NULL,NULL,3456,4608,'{\"large\": {\"ext\": \".png\", \"url\": \"/uploads/large_5_1_3_6aaa86153e.png\", \"hash\": \"large_5_1_3_6aaa86153e\", \"mime\": \"image/png\", \"name\": \"large_5.1.3.png\", \"path\": null, \"size\": 283.57, \"width\": 750, \"height\": 1000}, \"small\": {\"ext\": \".png\", \"url\": \"/uploads/small_5_1_3_6aaa86153e.png\", \"hash\": \"small_5_1_3_6aaa86153e\", \"mime\": \"image/png\", \"name\": \"small_5.1.3.png\", \"path\": null, \"size\": 78.38, \"width\": 375, \"height\": 500}, \"medium\": {\"ext\": \".png\", \"url\": \"/uploads/medium_5_1_3_6aaa86153e.png\", \"hash\": \"medium_5_1_3_6aaa86153e\", \"mime\": \"image/png\", \"name\": \"medium_5.1.3.png\", \"path\": null, \"size\": 165.59, \"width\": 563, \"height\": 750}, \"thumbnail\": {\"ext\": \".png\", \"url\": \"/uploads/thumbnail_5_1_3_6aaa86153e.png\", \"hash\": \"thumbnail_5_1_3_6aaa86153e\", \"mime\": \"image/png\", \"name\": \"thumbnail_5.1.3.png\", \"path\": null, \"size\": 9.84, \"width\": 117, \"height\": 156}}','5_1_3_6aaa86153e','.png','image/png',1055.64,'/uploads/5_1_3_6aaa86153e.png',NULL,'local',NULL,'/','2024-01-31 17:13:33.138000','2024-01-31 17:13:33.138000',1,1),(13,'6.1.2.png',NULL,NULL,3456,4608,'{\"large\": {\"ext\": \".png\", \"url\": \"/uploads/large_6_1_2_0b083b87fc.png\", \"hash\": \"large_6_1_2_0b083b87fc\", \"mime\": \"image/png\", \"name\": \"large_6.1.2.png\", \"path\": null, \"size\": 359.16, \"width\": 750, \"height\": 1000}, \"small\": {\"ext\": \".png\", \"url\": \"/uploads/small_6_1_2_0b083b87fc.png\", \"hash\": \"small_6_1_2_0b083b87fc\", \"mime\": \"image/png\", \"name\": \"small_6.1.2.png\", \"path\": null, \"size\": 96.68, \"width\": 375, \"height\": 500}, \"medium\": {\"ext\": \".png\", \"url\": \"/uploads/medium_6_1_2_0b083b87fc.png\", \"hash\": \"medium_6_1_2_0b083b87fc\", \"mime\": \"image/png\", \"name\": \"medium_6.1.2.png\", \"path\": null, \"size\": 210.52, \"width\": 563, \"height\": 750}, \"thumbnail\": {\"ext\": \".png\", \"url\": \"/uploads/thumbnail_6_1_2_0b083b87fc.png\", \"hash\": \"thumbnail_6_1_2_0b083b87fc\", \"mime\": \"image/png\", \"name\": \"thumbnail_6.1.2.png\", \"path\": null, \"size\": 11.9, \"width\": 117, \"height\": 156}}','6_1_2_0b083b87fc','.png','image/png',1377.32,'/uploads/6_1_2_0b083b87fc.png',NULL,'local',NULL,'/','2024-01-31 17:13:33.193000','2024-01-31 17:13:33.193000',1,1),(14,'5.1.1.png',NULL,NULL,3456,4608,'{\"large\": {\"ext\": \".png\", \"url\": \"/uploads/large_5_1_1_c936f01759.png\", \"hash\": \"large_5_1_1_c936f01759\", \"mime\": \"image/png\", \"name\": \"large_5.1.1.png\", \"path\": null, \"size\": 265.71, \"width\": 750, \"height\": 1000}, \"small\": {\"ext\": \".png\", \"url\": \"/uploads/small_5_1_1_c936f01759.png\", \"hash\": \"small_5_1_1_c936f01759\", \"mime\": \"image/png\", \"name\": \"small_5.1.1.png\", \"path\": null, \"size\": 72.11, \"width\": 375, \"height\": 500}, \"medium\": {\"ext\": \".png\", \"url\": \"/uploads/medium_5_1_1_c936f01759.png\", \"hash\": \"medium_5_1_1_c936f01759\", \"mime\": \"image/png\", \"name\": \"medium_5.1.1.png\", \"path\": null, \"size\": 154.2, \"width\": 563, \"height\": 750}, \"thumbnail\": {\"ext\": \".png\", \"url\": \"/uploads/thumbnail_5_1_1_c936f01759.png\", \"hash\": \"thumbnail_5_1_1_c936f01759\", \"mime\": \"image/png\", \"name\": \"thumbnail_5.1.1.png\", \"path\": null, \"size\": 8.77, \"width\": 117, \"height\": 156}}','5_1_1_c936f01759','.png','image/png',1088.35,'/uploads/5_1_1_c936f01759.png',NULL,'local',NULL,'/','2024-01-31 17:13:33.871000','2024-01-31 17:13:33.871000',1,1),(15,'4.1.1.png',NULL,NULL,1183,1577,'{\"large\": {\"ext\": \".png\", \"url\": \"/uploads/large_4_1_1_dfe57afa6d.png\", \"hash\": \"large_4_1_1_dfe57afa6d\", \"mime\": \"image/png\", \"name\": \"large_4.1.1.png\", \"path\": null, \"size\": 296.81, \"width\": 750, \"height\": 1000}, \"small\": {\"ext\": \".png\", \"url\": \"/uploads/small_4_1_1_dfe57afa6d.png\", \"hash\": \"small_4_1_1_dfe57afa6d\", \"mime\": \"image/png\", \"name\": \"small_4.1.1.png\", \"path\": null, \"size\": 80.67, \"width\": 375, \"height\": 500}, \"medium\": {\"ext\": \".png\", \"url\": \"/uploads/medium_4_1_1_dfe57afa6d.png\", \"hash\": \"medium_4_1_1_dfe57afa6d\", \"mime\": \"image/png\", \"name\": \"medium_4.1.1.png\", \"path\": null, \"size\": 172.15, \"width\": 563, \"height\": 750}, \"thumbnail\": {\"ext\": \".png\", \"url\": \"/uploads/thumbnail_4_1_1_dfe57afa6d.png\", \"hash\": \"thumbnail_4_1_1_dfe57afa6d\", \"mime\": \"image/png\", \"name\": \"thumbnail_4.1.1.png\", \"path\": null, \"size\": 9.65, \"width\": 117, \"height\": 156}}','4_1_1_dfe57afa6d','.png','image/png',176.08,'/uploads/4_1_1_dfe57afa6d.png',NULL,'local',NULL,'/','2024-01-31 17:13:36.097000','2024-01-31 17:13:36.097000',1,1),(16,'5.1.2.png',NULL,NULL,3456,4608,'{\"large\": {\"ext\": \".png\", \"url\": \"/uploads/large_5_1_2_48c7d81c21.png\", \"hash\": \"large_5_1_2_48c7d81c21\", \"mime\": \"image/png\", \"name\": \"large_5.1.2.png\", \"path\": null, \"size\": 484.23, \"width\": 750, \"height\": 1000}, \"small\": {\"ext\": \".png\", \"url\": \"/uploads/small_5_1_2_48c7d81c21.png\", \"hash\": \"small_5_1_2_48c7d81c21\", \"mime\": \"image/png\", \"name\": \"small_5.1.2.png\", \"path\": null, \"size\": 129.92, \"width\": 375, \"height\": 500}, \"medium\": {\"ext\": \".png\", \"url\": \"/uploads/medium_5_1_2_48c7d81c21.png\", \"hash\": \"medium_5_1_2_48c7d81c21\", \"mime\": \"image/png\", \"name\": \"medium_5.1.2.png\", \"path\": null, \"size\": 282.74, \"width\": 563, \"height\": 750}, \"thumbnail\": {\"ext\": \".png\", \"url\": \"/uploads/thumbnail_5_1_2_48c7d81c21.png\", \"hash\": \"thumbnail_5_1_2_48c7d81c21\", \"mime\": \"image/png\", \"name\": \"thumbnail_5.1.2.png\", \"path\": null, \"size\": 15.3, \"width\": 117, \"height\": 156}}','5_1_2_48c7d81c21','.png','image/png',1850.07,'/uploads/5_1_2_48c7d81c21.png',NULL,'local',NULL,'/','2024-01-31 17:13:37.047000','2024-01-31 17:13:37.047000',1,1),(17,'3.1.3.png',NULL,NULL,3456,4608,'{\"large\": {\"ext\": \".png\", \"url\": \"/uploads/large_3_1_3_0fd6033cdf.png\", \"hash\": \"large_3_1_3_0fd6033cdf\", \"mime\": \"image/png\", \"name\": \"large_3.1.3.png\", \"path\": null, \"size\": 218.82, \"width\": 750, \"height\": 1000}, \"small\": {\"ext\": \".png\", \"url\": \"/uploads/small_3_1_3_0fd6033cdf.png\", \"hash\": \"small_3_1_3_0fd6033cdf\", \"mime\": \"image/png\", \"name\": \"small_3.1.3.png\", \"path\": null, \"size\": 63.46, \"width\": 375, \"height\": 500}, \"medium\": {\"ext\": \".png\", \"url\": \"/uploads/medium_3_1_3_0fd6033cdf.png\", \"hash\": \"medium_3_1_3_0fd6033cdf\", \"mime\": \"image/png\", \"name\": \"medium_3.1.3.png\", \"path\": null, \"size\": 130.75, \"width\": 563, \"height\": 750}, \"thumbnail\": {\"ext\": \".png\", \"url\": \"/uploads/thumbnail_3_1_3_0fd6033cdf.png\", \"hash\": \"thumbnail_3_1_3_0fd6033cdf\", \"mime\": \"image/png\", \"name\": \"thumbnail_3.1.3.png\", \"path\": null, \"size\": 9.21, \"width\": 117, \"height\": 156}}','3_1_3_0fd6033cdf','.png','image/png',697.37,'/uploads/3_1_3_0fd6033cdf.png',NULL,'local',NULL,'/','2024-01-31 17:13:38.875000','2024-01-31 17:13:38.875000',1,1),(18,'4.1.3.png',NULL,NULL,3456,4608,'{\"large\": {\"ext\": \".png\", \"url\": \"/uploads/large_4_1_3_77723bf27b.png\", \"hash\": \"large_4_1_3_77723bf27b\", \"mime\": \"image/png\", \"name\": \"large_4.1.3.png\", \"path\": null, \"size\": 272.19, \"width\": 750, \"height\": 1000}, \"small\": {\"ext\": \".png\", \"url\": \"/uploads/small_4_1_3_77723bf27b.png\", \"hash\": \"small_4_1_3_77723bf27b\", \"mime\": \"image/png\", \"name\": \"small_4.1.3.png\", \"path\": null, \"size\": 74.54, \"width\": 375, \"height\": 500}, \"medium\": {\"ext\": \".png\", \"url\": \"/uploads/medium_4_1_3_77723bf27b.png\", \"hash\": \"medium_4_1_3_77723bf27b\", \"mime\": \"image/png\", \"name\": \"medium_4.1.3.png\", \"path\": null, \"size\": 159.47, \"width\": 563, \"height\": 750}, \"thumbnail\": {\"ext\": \".png\", \"url\": \"/uploads/thumbnail_4_1_3_77723bf27b.png\", \"hash\": \"thumbnail_4_1_3_77723bf27b\", \"mime\": \"image/png\", \"name\": \"thumbnail_4.1.3.png\", \"path\": null, \"size\": 9.5, \"width\": 117, \"height\": 156}}','4_1_3_77723bf27b','.png','image/png',976.49,'/uploads/4_1_3_77723bf27b.png',NULL,'local',NULL,'/','2024-01-31 17:13:39.451000','2024-01-31 17:13:39.451000',1,1),(19,'3.1.2.png',NULL,NULL,3456,4608,'{\"large\": {\"ext\": \".png\", \"url\": \"/uploads/large_3_1_2_87e4d832f9.png\", \"hash\": \"large_3_1_2_87e4d832f9\", \"mime\": \"image/png\", \"name\": \"large_3.1.2.png\", \"path\": null, \"size\": 426.43, \"width\": 750, \"height\": 1000}, \"small\": {\"ext\": \".png\", \"url\": \"/uploads/small_3_1_2_87e4d832f9.png\", \"hash\": \"small_3_1_2_87e4d832f9\", \"mime\": \"image/png\", \"name\": \"small_3.1.2.png\", \"path\": null, \"size\": 116.33, \"width\": 375, \"height\": 500}, \"medium\": {\"ext\": \".png\", \"url\": \"/uploads/medium_3_1_2_87e4d832f9.png\", \"hash\": \"medium_3_1_2_87e4d832f9\", \"mime\": \"image/png\", \"name\": \"medium_3.1.2.png\", \"path\": null, \"size\": 252.17, \"width\": 563, \"height\": 750}, \"thumbnail\": {\"ext\": \".png\", \"url\": \"/uploads/thumbnail_3_1_2_87e4d832f9.png\", \"hash\": \"thumbnail_3_1_2_87e4d832f9\", \"mime\": \"image/png\", \"name\": \"thumbnail_3.1.2.png\", \"path\": null, \"size\": 14.52, \"width\": 117, \"height\": 156}}','3_1_2_87e4d832f9','.png','image/png',1421.57,'/uploads/3_1_2_87e4d832f9.png',NULL,'local',NULL,'/','2024-01-31 17:13:43.897000','2024-01-31 17:13:43.897000',1,1),(20,'3.1.1.png',NULL,NULL,3456,4608,'{\"large\": {\"ext\": \".png\", \"url\": \"/uploads/large_3_1_1_e33ad2f618.png\", \"hash\": \"large_3_1_1_e33ad2f618\", \"mime\": \"image/png\", \"name\": \"large_3.1.1.png\", \"path\": null, \"size\": 200.56, \"width\": 750, \"height\": 1000}, \"small\": {\"ext\": \".png\", \"url\": \"/uploads/small_3_1_1_e33ad2f618.png\", \"hash\": \"small_3_1_1_e33ad2f618\", \"mime\": \"image/png\", \"name\": \"small_3.1.1.png\", \"path\": null, \"size\": 57.68, \"width\": 375, \"height\": 500}, \"medium\": {\"ext\": \".png\", \"url\": \"/uploads/medium_3_1_1_e33ad2f618.png\", \"hash\": \"medium_3_1_1_e33ad2f618\", \"mime\": \"image/png\", \"name\": \"medium_3.1.1.png\", \"path\": null, \"size\": 118.16, \"width\": 563, \"height\": 750}, \"thumbnail\": {\"ext\": \".png\", \"url\": \"/uploads/thumbnail_3_1_1_e33ad2f618.png\", \"hash\": \"thumbnail_3_1_1_e33ad2f618\", \"mime\": \"image/png\", \"name\": \"thumbnail_3.1.1.png\", \"path\": null, \"size\": 7.92, \"width\": 117, \"height\": 156}}','3_1_1_e33ad2f618','.png','image/png',692.66,'/uploads/3_1_1_e33ad2f618.png',NULL,'local',NULL,'/','2024-01-31 17:13:44.588000','2024-01-31 17:13:44.588000',1,1),(21,'2.1.3.png',NULL,NULL,3456,4608,'{\"large\": {\"ext\": \".png\", \"url\": \"/uploads/large_2_1_3_e21ab116d6.png\", \"hash\": \"large_2_1_3_e21ab116d6\", \"mime\": \"image/png\", \"name\": \"large_2.1.3.png\", \"path\": null, \"size\": 295.4, \"width\": 750, \"height\": 1000}, \"small\": {\"ext\": \".png\", \"url\": \"/uploads/small_2_1_3_e21ab116d6.png\", \"hash\": \"small_2_1_3_e21ab116d6\", \"mime\": \"image/png\", \"name\": \"small_2.1.3.png\", \"path\": null, \"size\": 84.26, \"width\": 375, \"height\": 500}, \"medium\": {\"ext\": \".png\", \"url\": \"/uploads/medium_2_1_3_e21ab116d6.png\", \"hash\": \"medium_2_1_3_e21ab116d6\", \"mime\": \"image/png\", \"name\": \"medium_2.1.3.png\", \"path\": null, \"size\": 175.71, \"width\": 563, \"height\": 750}, \"thumbnail\": {\"ext\": \".png\", \"url\": \"/uploads/thumbnail_2_1_3_e21ab116d6.png\", \"hash\": \"thumbnail_2_1_3_e21ab116d6\", \"mime\": \"image/png\", \"name\": \"thumbnail_2.1.3.png\", \"path\": null, \"size\": 10.4, \"width\": 117, \"height\": 156}}','2_1_3_e21ab116d6','.png','image/png',859.29,'/uploads/2_1_3_e21ab116d6.png',NULL,'local',NULL,'/','2024-01-31 17:13:45.146000','2024-01-31 17:13:45.146000',1,1),(22,'4.1.2.png',NULL,NULL,3456,4608,'{\"large\": {\"ext\": \".png\", \"url\": \"/uploads/large_4_1_2_a7c6d4a873.png\", \"hash\": \"large_4_1_2_a7c6d4a873\", \"mime\": \"image/png\", \"name\": \"large_4.1.2.png\", \"path\": null, \"size\": 468.74, \"width\": 750, \"height\": 1000}, \"small\": {\"ext\": \".png\", \"url\": \"/uploads/small_4_1_2_a7c6d4a873.png\", \"hash\": \"small_4_1_2_a7c6d4a873\", \"mime\": \"image/png\", \"name\": \"small_4.1.2.png\", \"path\": null, \"size\": 126.8, \"width\": 375, \"height\": 500}, \"medium\": {\"ext\": \".png\", \"url\": \"/uploads/medium_4_1_2_a7c6d4a873.png\", \"hash\": \"medium_4_1_2_a7c6d4a873\", \"mime\": \"image/png\", \"name\": \"medium_4.1.2.png\", \"path\": null, \"size\": 275.46, \"width\": 563, \"height\": 750}, \"thumbnail\": {\"ext\": \".png\", \"url\": \"/uploads/thumbnail_4_1_2_a7c6d4a873.png\", \"hash\": \"thumbnail_4_1_2_a7c6d4a873\", \"mime\": \"image/png\", \"name\": \"thumbnail_4.1.2.png\", \"path\": null, \"size\": 15.11, \"width\": 117, \"height\": 156}}','4_1_2_a7c6d4a873','.png','image/png',1601.88,'/uploads/4_1_2_a7c6d4a873.png',NULL,'local',NULL,'/','2024-01-31 17:13:45.727000','2024-01-31 17:13:45.727000',1,1),(23,'2.1.2.png',NULL,NULL,3456,4608,'{\"large\": {\"ext\": \".png\", \"url\": \"/uploads/large_2_1_2_b7cb7e3c4e.png\", \"hash\": \"large_2_1_2_b7cb7e3c4e\", \"mime\": \"image/png\", \"name\": \"large_2.1.2.png\", \"path\": null, \"size\": 431.39, \"width\": 750, \"height\": 1000}, \"small\": {\"ext\": \".png\", \"url\": \"/uploads/small_2_1_2_b7cb7e3c4e.png\", \"hash\": \"small_2_1_2_b7cb7e3c4e\", \"mime\": \"image/png\", \"name\": \"small_2.1.2.png\", \"path\": null, \"size\": 119.03, \"width\": 375, \"height\": 500}, \"medium\": {\"ext\": \".png\", \"url\": \"/uploads/medium_2_1_2_b7cb7e3c4e.png\", \"hash\": \"medium_2_1_2_b7cb7e3c4e\", \"mime\": \"image/png\", \"name\": \"medium_2.1.2.png\", \"path\": null, \"size\": 254.17, \"width\": 563, \"height\": 750}, \"thumbnail\": {\"ext\": \".png\", \"url\": \"/uploads/thumbnail_2_1_2_b7cb7e3c4e.png\", \"hash\": \"thumbnail_2_1_2_b7cb7e3c4e\", \"mime\": \"image/png\", \"name\": \"thumbnail_2.1.2.png\", \"path\": null, \"size\": 14.6, \"width\": 117, \"height\": 156}}','2_1_2_b7cb7e3c4e','.png','image/png',1352.81,'/uploads/2_1_2_b7cb7e3c4e.png',NULL,'local',NULL,'/','2024-01-31 17:13:52.439000','2024-01-31 17:13:52.439000',1,1),(24,'2.1.1.png',NULL,NULL,3456,4608,'{\"large\": {\"ext\": \".png\", \"url\": \"/uploads/large_2_1_1_e5f869bdc8.png\", \"hash\": \"large_2_1_1_e5f869bdc8\", \"mime\": \"image/png\", \"name\": \"large_2.1.1.png\", \"path\": null, \"size\": 331.54, \"width\": 750, \"height\": 1000}, \"small\": {\"ext\": \".png\", \"url\": \"/uploads/small_2_1_1_e5f869bdc8.png\", \"hash\": \"small_2_1_1_e5f869bdc8\", \"mime\": \"image/png\", \"name\": \"small_2.1.1.png\", \"path\": null, \"size\": 93.45, \"width\": 375, \"height\": 500}, \"medium\": {\"ext\": \".png\", \"url\": \"/uploads/medium_2_1_1_e5f869bdc8.png\", \"hash\": \"medium_2_1_1_e5f869bdc8\", \"mime\": \"image/png\", \"name\": \"medium_2.1.1.png\", \"path\": null, \"size\": 196.14, \"width\": 563, \"height\": 750}, \"thumbnail\": {\"ext\": \".png\", \"url\": \"/uploads/thumbnail_2_1_1_e5f869bdc8.png\", \"hash\": \"thumbnail_2_1_1_e5f869bdc8\", \"mime\": \"image/png\", \"name\": \"thumbnail_2.1.1.png\", \"path\": null, \"size\": 11.51, \"width\": 117, \"height\": 156}}','2_1_1_e5f869bdc8','.png','image/png',991.10,'/uploads/2_1_1_e5f869bdc8.png',NULL,'local',NULL,'/','2024-01-31 17:13:53.213000','2024-01-31 17:13:53.213000',1,1),(25,'13.1.3.png',NULL,NULL,3456,4608,'{\"large\": {\"ext\": \".png\", \"url\": \"/uploads/large_13_1_3_87ed9055f0.png\", \"hash\": \"large_13_1_3_87ed9055f0\", \"mime\": \"image/png\", \"name\": \"large_13.1.3.png\", \"path\": null, \"size\": 290.15, \"width\": 750, \"height\": 1000}, \"small\": {\"ext\": \".png\", \"url\": \"/uploads/small_13_1_3_87ed9055f0.png\", \"hash\": \"small_13_1_3_87ed9055f0\", \"mime\": \"image/png\", \"name\": \"small_13.1.3.png\", \"path\": null, \"size\": 82.35, \"width\": 375, \"height\": 500}, \"medium\": {\"ext\": \".png\", \"url\": \"/uploads/medium_13_1_3_87ed9055f0.png\", \"hash\": \"medium_13_1_3_87ed9055f0\", \"mime\": \"image/png\", \"name\": \"medium_13.1.3.png\", \"path\": null, \"size\": 172.64, \"width\": 563, \"height\": 750}, \"thumbnail\": {\"ext\": \".png\", \"url\": \"/uploads/thumbnail_13_1_3_87ed9055f0.png\", \"hash\": \"thumbnail_13_1_3_87ed9055f0\", \"mime\": \"image/png\", \"name\": \"thumbnail_13.1.3.png\", \"path\": null, \"size\": 10.17, \"width\": 117, \"height\": 156}}','13_1_3_87ed9055f0','.png','image/png',940.66,'/uploads/13_1_3_87ed9055f0.png',NULL,'local',NULL,'/','2024-01-31 17:13:53.227000','2024-01-31 17:13:53.227000',1,1),(26,'13.1.1.png',NULL,NULL,3456,4608,'{\"large\": {\"ext\": \".png\", \"url\": \"/uploads/large_13_1_1_abc0eb13e4.png\", \"hash\": \"large_13_1_1_abc0eb13e4\", \"mime\": \"image/png\", \"name\": \"large_13.1.1.png\", \"path\": null, \"size\": 271.85, \"width\": 750, \"height\": 1000}, \"small\": {\"ext\": \".png\", \"url\": \"/uploads/small_13_1_1_abc0eb13e4.png\", \"hash\": \"small_13_1_1_abc0eb13e4\", \"mime\": \"image/png\", \"name\": \"small_13.1.1.png\", \"path\": null, \"size\": 75.72, \"width\": 375, \"height\": 500}, \"medium\": {\"ext\": \".png\", \"url\": \"/uploads/medium_13_1_1_abc0eb13e4.png\", \"hash\": \"medium_13_1_1_abc0eb13e4\", \"mime\": \"image/png\", \"name\": \"medium_13.1.1.png\", \"path\": null, \"size\": 158.94, \"width\": 563, \"height\": 750}, \"thumbnail\": {\"ext\": \".png\", \"url\": \"/uploads/thumbnail_13_1_1_abc0eb13e4.png\", \"hash\": \"thumbnail_13_1_1_abc0eb13e4\", \"mime\": \"image/png\", \"name\": \"thumbnail_13.1.1.png\", \"path\": null, \"size\": 9.18, \"width\": 117, \"height\": 156}}','13_1_1_abc0eb13e4','.png','image/png',943.67,'/uploads/13_1_1_abc0eb13e4.png',NULL,'local',NULL,'/','2024-01-31 17:13:53.751000','2024-01-31 17:13:53.751000',1,1),(27,'12.1.1.png',NULL,NULL,1183,1577,'{\"large\": {\"ext\": \".png\", \"url\": \"/uploads/large_12_1_1_30de3e3883.png\", \"hash\": \"large_12_1_1_30de3e3883\", \"mime\": \"image/png\", \"name\": \"large_12.1.1.png\", \"path\": null, \"size\": 317.3, \"width\": 750, \"height\": 1000}, \"small\": {\"ext\": \".png\", \"url\": \"/uploads/small_12_1_1_30de3e3883.png\", \"hash\": \"small_12_1_1_30de3e3883\", \"mime\": \"image/png\", \"name\": \"small_12.1.1.png\", \"path\": null, \"size\": 87.82, \"width\": 375, \"height\": 500}, \"medium\": {\"ext\": \".png\", \"url\": \"/uploads/medium_12_1_1_30de3e3883.png\", \"hash\": \"medium_12_1_1_30de3e3883\", \"mime\": \"image/png\", \"name\": \"medium_12.1.1.png\", \"path\": null, \"size\": 187.34, \"width\": 563, \"height\": 750}, \"thumbnail\": {\"ext\": \".png\", \"url\": \"/uploads/thumbnail_12_1_1_30de3e3883.png\", \"hash\": \"thumbnail_12_1_1_30de3e3883\", \"mime\": \"image/png\", \"name\": \"thumbnail_12.1.1.png\", \"path\": null, \"size\": 10.52, \"width\": 117, \"height\": 156}}','12_1_1_30de3e3883','.png','image/png',156.58,'/uploads/12_1_1_30de3e3883.png',NULL,'local',NULL,'/','2024-01-31 17:13:55.944000','2024-01-31 17:13:55.944000',1,1),(28,'12.1.3.png',NULL,NULL,3456,4608,'{\"large\": {\"ext\": \".png\", \"url\": \"/uploads/large_12_1_3_05e8a85cfe.png\", \"hash\": \"large_12_1_3_05e8a85cfe\", \"mime\": \"image/png\", \"name\": \"large_12.1.3.png\", \"path\": null, \"size\": 317.12, \"width\": 750, \"height\": 1000}, \"small\": {\"ext\": \".png\", \"url\": \"/uploads/small_12_1_3_05e8a85cfe.png\", \"hash\": \"small_12_1_3_05e8a85cfe\", \"mime\": \"image/png\", \"name\": \"small_12.1.3.png\", \"path\": null, \"size\": 87.84, \"width\": 375, \"height\": 500}, \"medium\": {\"ext\": \".png\", \"url\": \"/uploads/medium_12_1_3_05e8a85cfe.png\", \"hash\": \"medium_12_1_3_05e8a85cfe\", \"mime\": \"image/png\", \"name\": \"medium_12.1.3.png\", \"path\": null, \"size\": 186.47, \"width\": 563, \"height\": 750}, \"thumbnail\": {\"ext\": \".png\", \"url\": \"/uploads/thumbnail_12_1_3_05e8a85cfe.png\", \"hash\": \"thumbnail_12_1_3_05e8a85cfe\", \"mime\": \"image/png\", \"name\": \"thumbnail_12.1.3.png\", \"path\": null, \"size\": 10.75, \"width\": 117, \"height\": 156}}','12_1_3_05e8a85cfe','.png','image/png',957.32,'/uploads/12_1_3_05e8a85cfe.png',NULL,'local',NULL,'/','2024-01-31 17:13:58.197000','2024-01-31 17:13:58.197000',1,1),(29,'13.1.2.png',NULL,NULL,3456,4608,'{\"large\": {\"ext\": \".png\", \"url\": \"/uploads/large_13_1_2_55d6cfe5c3.png\", \"hash\": \"large_13_1_2_55d6cfe5c3\", \"mime\": \"image/png\", \"name\": \"large_13.1.2.png\", \"path\": null, \"size\": 461.6, \"width\": 750, \"height\": 1000}, \"small\": {\"ext\": \".png\", \"url\": \"/uploads/small_13_1_2_55d6cfe5c3.png\", \"hash\": \"small_13_1_2_55d6cfe5c3\", \"mime\": \"image/png\", \"name\": \"small_13.1.2.png\", \"path\": null, \"size\": 124.93, \"width\": 375, \"height\": 500}, \"medium\": {\"ext\": \".png\", \"url\": \"/uploads/medium_13_1_2_55d6cfe5c3.png\", \"hash\": \"medium_13_1_2_55d6cfe5c3\", \"mime\": \"image/png\", \"name\": \"medium_13.1.2.png\", \"path\": null, \"size\": 270.65, \"width\": 563, \"height\": 750}, \"thumbnail\": {\"ext\": \".png\", \"url\": \"/uploads/thumbnail_13_1_2_55d6cfe5c3.png\", \"hash\": \"thumbnail_13_1_2_55d6cfe5c3\", \"mime\": \"image/png\", \"name\": \"thumbnail_13.1.2.png\", \"path\": null, \"size\": 15.01, \"width\": 117, \"height\": 156}}','13_1_2_55d6cfe5c3','.png','image/png',1556.34,'/uploads/13_1_2_55d6cfe5c3.png',NULL,'local',NULL,'/','2024-01-31 17:13:58.269000','2024-01-31 17:13:58.269000',1,1),(30,'11.1.1.png',NULL,NULL,1183,1577,'{\"large\": {\"ext\": \".png\", \"url\": \"/uploads/large_11_1_1_e2588f0190.png\", \"hash\": \"large_11_1_1_e2588f0190\", \"mime\": \"image/png\", \"name\": \"large_11.1.1.png\", \"path\": null, \"size\": 263.44, \"width\": 750, \"height\": 1000}, \"small\": {\"ext\": \".png\", \"url\": \"/uploads/small_11_1_1_e2588f0190.png\", \"hash\": \"small_11_1_1_e2588f0190\", \"mime\": \"image/png\", \"name\": \"small_11.1.1.png\", \"path\": null, \"size\": 77.41, \"width\": 375, \"height\": 500}, \"medium\": {\"ext\": \".png\", \"url\": \"/uploads/medium_11_1_1_e2588f0190.png\", \"hash\": \"medium_11_1_1_e2588f0190\", \"mime\": \"image/png\", \"name\": \"medium_11.1.1.png\", \"path\": null, \"size\": 157.93, \"width\": 563, \"height\": 750}, \"thumbnail\": {\"ext\": \".png\", \"url\": \"/uploads/thumbnail_11_1_1_e2588f0190.png\", \"hash\": \"thumbnail_11_1_1_e2588f0190\", \"mime\": \"image/png\", \"name\": \"thumbnail_11.1.1.png\", \"path\": null, \"size\": 10.17, \"width\": 117, \"height\": 156}}','11_1_1_e2588f0190','.png','image/png',123.80,'/uploads/11_1_1_e2588f0190.png',NULL,'local',NULL,'/','2024-01-31 17:13:58.395000','2024-01-31 17:13:58.395000',1,1),(31,'10.1.1.png',NULL,NULL,1183,1577,'{\"large\": {\"ext\": \".png\", \"url\": \"/uploads/large_10_1_1_e6ee7a9f72.png\", \"hash\": \"large_10_1_1_e6ee7a9f72\", \"mime\": \"image/png\", \"name\": \"large_10.1.1.png\", \"path\": null, \"size\": 286.61, \"width\": 750, \"height\": 1000}, \"small\": {\"ext\": \".png\", \"url\": \"/uploads/small_10_1_1_e6ee7a9f72.png\", \"hash\": \"small_10_1_1_e6ee7a9f72\", \"mime\": \"image/png\", \"name\": \"small_10.1.1.png\", \"path\": null, \"size\": 81.36, \"width\": 375, \"height\": 500}, \"medium\": {\"ext\": \".png\", \"url\": \"/uploads/medium_10_1_1_e6ee7a9f72.png\", \"hash\": \"medium_10_1_1_e6ee7a9f72\", \"mime\": \"image/png\", \"name\": \"medium_10.1.1.png\", \"path\": null, \"size\": 168.79, \"width\": 563, \"height\": 750}, \"thumbnail\": {\"ext\": \".png\", \"url\": \"/uploads/thumbnail_10_1_1_e6ee7a9f72.png\", \"hash\": \"thumbnail_10_1_1_e6ee7a9f72\", \"mime\": \"image/png\", \"name\": \"thumbnail_10.1.1.png\", \"path\": null, \"size\": 10.26, \"width\": 117, \"height\": 156}}','10_1_1_e6ee7a9f72','.png','image/png',146.17,'/uploads/10_1_1_e6ee7a9f72.png',NULL,'local',NULL,'/','2024-01-31 17:13:59.937000','2024-01-31 17:13:59.937000',1,1),(32,'11.1.3.png',NULL,NULL,3456,4608,'{\"large\": {\"ext\": \".png\", \"url\": \"/uploads/large_11_1_3_1ac42564ab.png\", \"hash\": \"large_11_1_3_1ac42564ab\", \"mime\": \"image/png\", \"name\": \"large_11.1.3.png\", \"path\": null, \"size\": 261.6, \"width\": 750, \"height\": 1000}, \"small\": {\"ext\": \".png\", \"url\": \"/uploads/small_11_1_3_1ac42564ab.png\", \"hash\": \"small_11_1_3_1ac42564ab\", \"mime\": \"image/png\", \"name\": \"small_11.1.3.png\", \"path\": null, \"size\": 78.24, \"width\": 375, \"height\": 500}, \"medium\": {\"ext\": \".png\", \"url\": \"/uploads/medium_11_1_3_1ac42564ab.png\", \"hash\": \"medium_11_1_3_1ac42564ab\", \"mime\": \"image/png\", \"name\": \"medium_11.1.3.png\", \"path\": null, \"size\": 159.79, \"width\": 563, \"height\": 750}, \"thumbnail\": {\"ext\": \".png\", \"url\": \"/uploads/thumbnail_11_1_3_1ac42564ab.png\", \"hash\": \"thumbnail_11_1_3_1ac42564ab\", \"mime\": \"image/png\", \"name\": \"thumbnail_11.1.3.png\", \"path\": null, \"size\": 10.44, \"width\": 117, \"height\": 156}}','11_1_3_1ac42564ab','.png','image/png',793.08,'/uploads/11_1_3_1ac42564ab.png',NULL,'local',NULL,'/','2024-01-31 17:14:01.017000','2024-01-31 17:14:01.017000',1,1),(33,'11.1.2.png',NULL,NULL,3456,4608,'{\"large\": {\"ext\": \".png\", \"url\": \"/uploads/large_11_1_2_e424bac84b.png\", \"hash\": \"large_11_1_2_e424bac84b\", \"mime\": \"image/png\", \"name\": \"large_11.1.2.png\", \"path\": null, \"size\": 413.64, \"width\": 750, \"height\": 1000}, \"small\": {\"ext\": \".png\", \"url\": \"/uploads/small_11_1_2_e424bac84b.png\", \"hash\": \"small_11_1_2_e424bac84b\", \"mime\": \"image/png\", \"name\": \"small_11.1.2.png\", \"path\": null, \"size\": 116.72, \"width\": 375, \"height\": 500}, \"medium\": {\"ext\": \".png\", \"url\": \"/uploads/medium_11_1_2_e424bac84b.png\", \"hash\": \"medium_11_1_2_e424bac84b\", \"mime\": \"image/png\", \"name\": \"medium_11.1.2.png\", \"path\": null, \"size\": 247.59, \"width\": 563, \"height\": 750}, \"thumbnail\": {\"ext\": \".png\", \"url\": \"/uploads/thumbnail_11_1_2_e424bac84b.png\", \"hash\": \"thumbnail_11_1_2_e424bac84b\", \"mime\": \"image/png\", \"name\": \"thumbnail_11.1.2.png\", \"path\": null, \"size\": 14.69, \"width\": 117, \"height\": 156}}','11_1_2_e424bac84b','.png','image/png',1290.07,'/uploads/11_1_2_e424bac84b.png',NULL,'local',NULL,'/','2024-01-31 17:14:03.793000','2024-01-31 17:14:03.793000',1,1),(34,'10.1.3.png',NULL,NULL,3456,4608,'{\"large\": {\"ext\": \".png\", \"url\": \"/uploads/large_10_1_3_7d01052088.png\", \"hash\": \"large_10_1_3_7d01052088\", \"mime\": \"image/png\", \"name\": \"large_10.1.3.png\", \"path\": null, \"size\": 288.47, \"width\": 750, \"height\": 1000}, \"small\": {\"ext\": \".png\", \"url\": \"/uploads/small_10_1_3_7d01052088.png\", \"hash\": \"small_10_1_3_7d01052088\", \"mime\": \"image/png\", \"name\": \"small_10.1.3.png\", \"path\": null, \"size\": 81.81, \"width\": 375, \"height\": 500}, \"medium\": {\"ext\": \".png\", \"url\": \"/uploads/medium_10_1_3_7d01052088.png\", \"hash\": \"medium_10_1_3_7d01052088\", \"mime\": \"image/png\", \"name\": \"medium_10.1.3.png\", \"path\": null, \"size\": 171.98, \"width\": 563, \"height\": 750}, \"thumbnail\": {\"ext\": \".png\", \"url\": \"/uploads/thumbnail_10_1_3_7d01052088.png\", \"hash\": \"thumbnail_10_1_3_7d01052088\", \"mime\": \"image/png\", \"name\": \"thumbnail_10.1.3.png\", \"path\": null, \"size\": 10.43, \"width\": 117, \"height\": 156}}','10_1_3_7d01052088','.png','image/png',905.92,'/uploads/10_1_3_7d01052088.png',NULL,'local',NULL,'/','2024-01-31 17:14:06.584000','2024-01-31 17:14:06.584000',1,1),(35,'12.1.2.png',NULL,NULL,3456,4608,'{\"large\": {\"ext\": \".png\", \"url\": \"/uploads/large_12_1_2_20e20a42bf.png\", \"hash\": \"large_12_1_2_20e20a42bf\", \"mime\": \"image/png\", \"name\": \"large_12.1.2.png\", \"path\": null, \"size\": 464.7, \"width\": 750, \"height\": 1000}, \"small\": {\"ext\": \".png\", \"url\": \"/uploads/small_12_1_2_20e20a42bf.png\", \"hash\": \"small_12_1_2_20e20a42bf\", \"mime\": \"image/png\", \"name\": \"small_12.1.2.png\", \"path\": null, \"size\": 126.55, \"width\": 375, \"height\": 500}, \"medium\": {\"ext\": \".png\", \"url\": \"/uploads/medium_12_1_2_20e20a42bf.png\", \"hash\": \"medium_12_1_2_20e20a42bf\", \"mime\": \"image/png\", \"name\": \"medium_12.1.2.png\", \"path\": null, \"size\": 272.79, \"width\": 563, \"height\": 750}, \"thumbnail\": {\"ext\": \".png\", \"url\": \"/uploads/thumbnail_12_1_2_20e20a42bf.png\", \"hash\": \"thumbnail_12_1_2_20e20a42bf\", \"mime\": \"image/png\", \"name\": \"thumbnail_12.1.2.png\", \"path\": null, \"size\": 15.01, \"width\": 117, \"height\": 156}}','12_1_2_20e20a42bf','.png','image/png',1512.15,'/uploads/12_1_2_20e20a42bf.png',NULL,'local',NULL,'/','2024-01-31 17:14:06.639000','2024-01-31 17:14:06.639000',1,1),(36,'1.1.1.png',NULL,NULL,1183,1577,'{\"large\": {\"ext\": \".png\", \"url\": \"/uploads/large_1_1_1_003f7b97c9.png\", \"hash\": \"large_1_1_1_003f7b97c9\", \"mime\": \"image/png\", \"name\": \"large_1.1.1.png\", \"path\": null, \"size\": 485.32, \"width\": 750, \"height\": 1000}, \"small\": {\"ext\": \".png\", \"url\": \"/uploads/small_1_1_1_003f7b97c9.png\", \"hash\": \"small_1_1_1_003f7b97c9\", \"mime\": \"image/png\", \"name\": \"small_1.1.1.png\", \"path\": null, \"size\": 130.78, \"width\": 375, \"height\": 500}, \"medium\": {\"ext\": \".png\", \"url\": \"/uploads/medium_1_1_1_003f7b97c9.png\", \"hash\": \"medium_1_1_1_003f7b97c9\", \"mime\": \"image/png\", \"name\": \"medium_1.1.1.png\", \"path\": null, \"size\": 281.59, \"width\": 563, \"height\": 750}, \"thumbnail\": {\"ext\": \".png\", \"url\": \"/uploads/thumbnail_1_1_1_003f7b97c9.png\", \"hash\": \"thumbnail_1_1_1_003f7b97c9\", \"mime\": \"image/png\", \"name\": \"thumbnail_1.1.1.png\", \"path\": null, \"size\": 15.05, \"width\": 117, \"height\": 156}}','1_1_1_003f7b97c9','.png','image/png',287.11,'/uploads/1_1_1_003f7b97c9.png',NULL,'local',NULL,'/','2024-01-31 17:14:06.714000','2024-01-31 17:14:06.714000',1,1),(37,'10.1.2.png',NULL,NULL,3456,4608,'{\"large\": {\"ext\": \".png\", \"url\": \"/uploads/large_10_1_2_80640f1d68.png\", \"hash\": \"large_10_1_2_80640f1d68\", \"mime\": \"image/png\", \"name\": \"large_10.1.2.png\", \"path\": null, \"size\": 435.92, \"width\": 750, \"height\": 1000}, \"small\": {\"ext\": \".png\", \"url\": \"/uploads/small_10_1_2_80640f1d68.png\", \"hash\": \"small_10_1_2_80640f1d68\", \"mime\": \"image/png\", \"name\": \"small_10.1.2.png\", \"path\": null, \"size\": 120.37, \"width\": 375, \"height\": 500}, \"medium\": {\"ext\": \".png\", \"url\": \"/uploads/medium_10_1_2_80640f1d68.png\", \"hash\": \"medium_10_1_2_80640f1d68\", \"mime\": \"image/png\", \"name\": \"medium_10.1.2.png\", \"path\": null, \"size\": 257.63, \"width\": 563, \"height\": 750}, \"thumbnail\": {\"ext\": \".png\", \"url\": \"/uploads/thumbnail_10_1_2_80640f1d68.png\", \"hash\": \"thumbnail_10_1_2_80640f1d68\", \"mime\": \"image/png\", \"name\": \"thumbnail_10.1.2.png\", \"path\": null, \"size\": 14.28, \"width\": 117, \"height\": 156}}','10_1_2_80640f1d68','.png','image/png',1462.66,'/uploads/10_1_2_80640f1d68.png',NULL,'local',NULL,'/','2024-01-31 17:14:07.611000','2024-01-31 17:14:07.611000',1,1),(38,'order.png',NULL,NULL,1188,1188,'{\"large\": {\"ext\": \".png\", \"url\": \"/uploads/large_order_acc2786e43.png\", \"hash\": \"large_order_acc2786e43\", \"mime\": \"image/png\", \"name\": \"large_order.png\", \"path\": null, \"size\": 251.91, \"width\": 1000, \"height\": 1000}, \"small\": {\"ext\": \".png\", \"url\": \"/uploads/small_order_acc2786e43.png\", \"hash\": \"small_order_acc2786e43\", \"mime\": \"image/png\", \"name\": \"small_order.png\", \"path\": null, \"size\": 72.76, \"width\": 500, \"height\": 500}, \"medium\": {\"ext\": \".png\", \"url\": \"/uploads/medium_order_acc2786e43.png\", \"hash\": \"medium_order_acc2786e43\", \"mime\": \"image/png\", \"name\": \"medium_order.png\", \"path\": null, \"size\": 148.01, \"width\": 750, \"height\": 750}, \"thumbnail\": {\"ext\": \".png\", \"url\": \"/uploads/thumbnail_order_acc2786e43.png\", \"hash\": \"thumbnail_order_acc2786e43\", \"mime\": \"image/png\", \"name\": \"thumbnail_order.png\", \"path\": null, \"size\": 12.84, \"width\": 156, \"height\": 156}}','order_acc2786e43','.png','image/png',65.49,'/uploads/order_acc2786e43.png',NULL,'local',NULL,'/','2024-01-31 17:14:07.667000','2024-01-31 17:14:07.667000',1,1),(39,'1.1.2.png',NULL,NULL,3456,4608,'{\"large\": {\"ext\": \".png\", \"url\": \"/uploads/large_1_1_2_f14d6311d2.png\", \"hash\": \"large_1_1_2_f14d6311d2\", \"mime\": \"image/png\", \"name\": \"large_1.1.2.png\", \"path\": null, \"size\": 302.34, \"width\": 750, \"height\": 1000}, \"small\": {\"ext\": \".png\", \"url\": \"/uploads/small_1_1_2_f14d6311d2.png\", \"hash\": \"small_1_1_2_f14d6311d2\", \"mime\": \"image/png\", \"name\": \"small_1.1.2.png\", \"path\": null, \"size\": 82.49, \"width\": 375, \"height\": 500}, \"medium\": {\"ext\": \".png\", \"url\": \"/uploads/medium_1_1_2_f14d6311d2.png\", \"hash\": \"medium_1_1_2_f14d6311d2\", \"mime\": \"image/png\", \"name\": \"medium_1.1.2.png\", \"path\": null, \"size\": 177.34, \"width\": 563, \"height\": 750}, \"thumbnail\": {\"ext\": \".png\", \"url\": \"/uploads/thumbnail_1_1_2_f14d6311d2.png\", \"hash\": \"thumbnail_1_1_2_f14d6311d2\", \"mime\": \"image/png\", \"name\": \"thumbnail_1.1.2.png\", \"path\": null, \"size\": 10.04, \"width\": 117, \"height\": 156}}','1_1_2_f14d6311d2','.png','image/png',1064.55,'/uploads/1_1_2_f14d6311d2.png',NULL,'local',NULL,'/','2024-01-31 17:14:08.531000','2024-01-31 17:14:08.531000',1,1),(40,'ig.png',NULL,NULL,1079,1795,'{\"large\": {\"ext\": \".png\", \"url\": \"/uploads/large_ig_a5506f0f0f.png\", \"hash\": \"large_ig_a5506f0f0f\", \"mime\": \"image/png\", \"name\": \"large_ig.png\", \"path\": null, \"size\": 522.7, \"width\": 601, \"height\": 1000}, \"small\": {\"ext\": \".png\", \"url\": \"/uploads/small_ig_a5506f0f0f.png\", \"hash\": \"small_ig_a5506f0f0f\", \"mime\": \"image/png\", \"name\": \"small_ig.png\", \"path\": null, \"size\": 146.04, \"width\": 301, \"height\": 500}, \"medium\": {\"ext\": \".png\", \"url\": \"/uploads/medium_ig_a5506f0f0f.png\", \"hash\": \"medium_ig_a5506f0f0f\", \"mime\": \"image/png\", \"name\": \"medium_ig.png\", \"path\": null, \"size\": 305.87, \"width\": 451, \"height\": 750}, \"thumbnail\": {\"ext\": \".png\", \"url\": \"/uploads/thumbnail_ig_a5506f0f0f.png\", \"hash\": \"thumbnail_ig_a5506f0f0f\", \"mime\": \"image/png\", \"name\": \"thumbnail_ig.png\", \"path\": null, \"size\": 19.18, \"width\": 94, \"height\": 156}}','ig_a5506f0f0f','.png','image/png',326.68,'/uploads/ig_a5506f0f0f.png',NULL,'local',NULL,'/','2024-01-31 17:14:10.560000','2024-01-31 17:14:10.560000',1,1),(41,'1.1.3.png',NULL,NULL,3456,4608,'{\"large\": {\"ext\": \".png\", \"url\": \"/uploads/large_1_1_3_473109b6ba.png\", \"hash\": \"large_1_1_3_473109b6ba\", \"mime\": \"image/png\", \"name\": \"large_1.1.3.png\", \"path\": null, \"size\": 486.51, \"width\": 750, \"height\": 1000}, \"small\": {\"ext\": \".png\", \"url\": \"/uploads/small_1_1_3_473109b6ba.png\", \"hash\": \"small_1_1_3_473109b6ba\", \"mime\": \"image/png\", \"name\": \"small_1.1.3.png\", \"path\": null, \"size\": 132.38, \"width\": 375, \"height\": 500}, \"medium\": {\"ext\": \".png\", \"url\": \"/uploads/medium_1_1_3_473109b6ba.png\", \"hash\": \"medium_1_1_3_473109b6ba\", \"mime\": \"image/png\", \"name\": \"medium_1.1.3.png\", \"path\": null, \"size\": 287.59, \"width\": 563, \"height\": 750}, \"thumbnail\": {\"ext\": \".png\", \"url\": \"/uploads/thumbnail_1_1_3_473109b6ba.png\", \"hash\": \"thumbnail_1_1_3_473109b6ba\", \"mime\": \"image/png\", \"name\": \"thumbnail_1.1.3.png\", \"path\": null, \"size\": 15.75, \"width\": 117, \"height\": 156}}','1_1_3_473109b6ba','.png','image/png',1685.01,'/uploads/1_1_3_473109b6ba.png',NULL,'local',NULL,'/','2024-01-31 17:14:10.584000','2024-01-31 17:14:10.584000',1,1),(42,'1.png',NULL,NULL,1183,1577,'{\"large\": {\"ext\": \".png\", \"url\": \"/uploads/large_1_cf0b8bc9a1.png\", \"hash\": \"large_1_cf0b8bc9a1\", \"mime\": \"image/png\", \"name\": \"large_1.png\", \"path\": null, \"size\": 454.44, \"width\": 750, \"height\": 1000}, \"small\": {\"ext\": \".png\", \"url\": \"/uploads/small_1_cf0b8bc9a1.png\", \"hash\": \"small_1_cf0b8bc9a1\", \"mime\": \"image/png\", \"name\": \"small_1.png\", \"path\": null, \"size\": 120.06, \"width\": 375, \"height\": 500}, \"medium\": {\"ext\": \".png\", \"url\": \"/uploads/medium_1_cf0b8bc9a1.png\", \"hash\": \"medium_1_cf0b8bc9a1\", \"mime\": \"image/png\", \"name\": \"medium_1.png\", \"path\": null, \"size\": 262.26, \"width\": 563, \"height\": 750}, \"thumbnail\": {\"ext\": \".png\", \"url\": \"/uploads/thumbnail_1_cf0b8bc9a1.png\", \"hash\": \"thumbnail_1_cf0b8bc9a1\", \"mime\": \"image/png\", \"name\": \"thumbnail_1.png\", \"path\": null, \"size\": 12.93, \"width\": 117, \"height\": 156}}','1_cf0b8bc9a1','.png','image/png',319.38,'/uploads/1_cf0b8bc9a1.png',NULL,'local',NULL,'/','2024-01-31 17:14:10.607000','2024-01-31 17:14:10.607000',1,1),(43,'1.1.png',NULL,NULL,1034,1551,'{\"large\": {\"ext\": \".png\", \"url\": \"/uploads/large_1_1_dbfe88f8b0.png\", \"hash\": \"large_1_1_dbfe88f8b0\", \"mime\": \"image/png\", \"name\": \"large_1.1.png\", \"path\": null, \"size\": 770.48, \"width\": 667, \"height\": 1000}, \"small\": {\"ext\": \".png\", \"url\": \"/uploads/small_1_1_dbfe88f8b0.png\", \"hash\": \"small_1_1_dbfe88f8b0\", \"mime\": \"image/png\", \"name\": \"small_1.1.png\", \"path\": null, \"size\": 211.7, \"width\": 333, \"height\": 500}, \"medium\": {\"ext\": \".png\", \"url\": \"/uploads/medium_1_1_dbfe88f8b0.png\", \"hash\": \"medium_1_1_dbfe88f8b0\", \"mime\": \"image/png\", \"name\": \"medium_1.1.png\", \"path\": null, \"size\": 451.06, \"width\": 500, \"height\": 750}, \"thumbnail\": {\"ext\": \".png\", \"url\": \"/uploads/thumbnail_1_1_dbfe88f8b0.png\", \"hash\": \"thumbnail_1_1_dbfe88f8b0\", \"mime\": \"image/png\", \"name\": \"thumbnail_1.1.png\", \"path\": null, \"size\": 25.63, \"width\": 104, \"height\": 156}}','1_1_dbfe88f8b0','.png','image/png',462.17,'/uploads/1_1_dbfe88f8b0.png',NULL,'local',NULL,'/','2024-01-31 17:14:10.860000','2024-01-31 17:14:10.860000',1,1),(44,'11.png',NULL,NULL,1396,1862,'{\"large\": {\"ext\": \".png\", \"url\": \"/uploads/large_11_c0aee02fb4.png\", \"hash\": \"large_11_c0aee02fb4\", \"mime\": \"image/png\", \"name\": \"large_11.png\", \"path\": null, \"size\": 334.68, \"width\": 750, \"height\": 1000}, \"small\": {\"ext\": \".png\", \"url\": \"/uploads/small_11_c0aee02fb4.png\", \"hash\": \"small_11_c0aee02fb4\", \"mime\": \"image/png\", \"name\": \"small_11.png\", \"path\": null, \"size\": 95.9, \"width\": 375, \"height\": 500}, \"medium\": {\"ext\": \".png\", \"url\": \"/uploads/medium_11_c0aee02fb4.png\", \"hash\": \"medium_11_c0aee02fb4\", \"mime\": \"image/png\", \"name\": \"medium_11.png\", \"path\": null, \"size\": 198.94, \"width\": 562, \"height\": 750}, \"thumbnail\": {\"ext\": \".png\", \"url\": \"/uploads/thumbnail_11_c0aee02fb4.png\", \"hash\": \"thumbnail_11_c0aee02fb4\", \"mime\": \"image/png\", \"name\": \"thumbnail_11.png\", \"path\": null, \"size\": 11.94, \"width\": 117, \"height\": 156}}','11_c0aee02fb4','.png','image/png',205.32,'/uploads/11_c0aee02fb4.png',NULL,'local',NULL,'/','2024-01-31 17:14:12.867000','2024-01-31 17:14:12.867000',1,1),(45,'11.1.png',NULL,NULL,1232,1643,'{\"large\": {\"ext\": \".png\", \"url\": \"/uploads/large_11_1_c67ef12b00.png\", \"hash\": \"large_11_1_c67ef12b00\", \"mime\": \"image/png\", \"name\": \"large_11.1.png\", \"path\": null, \"size\": 826.07, \"width\": 750, \"height\": 1000}, \"small\": {\"ext\": \".png\", \"url\": \"/uploads/small_11_1_c67ef12b00.png\", \"hash\": \"small_11_1_c67ef12b00\", \"mime\": \"image/png\", \"name\": \"small_11.1.png\", \"path\": null, \"size\": 238.33, \"width\": 375, \"height\": 500}, \"medium\": {\"ext\": \".png\", \"url\": \"/uploads/medium_11_1_c67ef12b00.png\", \"hash\": \"medium_11_1_c67ef12b00\", \"mime\": \"image/png\", \"name\": \"medium_11.1.png\", \"path\": null, \"size\": 492.08, \"width\": 562, \"height\": 750}, \"thumbnail\": {\"ext\": \".png\", \"url\": \"/uploads/thumbnail_11_1_c67ef12b00.png\", \"hash\": \"thumbnail_11_1_c67ef12b00\", \"mime\": \"image/png\", \"name\": \"thumbnail_11.1.png\", \"path\": null, \"size\": 29.28, \"width\": 117, \"height\": 156}}','11_1_c67ef12b00','.png','image/png',525.00,'/uploads/11_1_c67ef12b00.png',NULL,'local',NULL,'/','2024-01-31 17:14:13.357000','2024-01-31 17:14:13.357000',1,1),(46,'12.png',NULL,NULL,1352,1802,'{\"large\": {\"ext\": \".png\", \"url\": \"/uploads/large_12_16cd103d57.png\", \"hash\": \"large_12_16cd103d57\", \"mime\": \"image/png\", \"name\": \"large_12.png\", \"path\": null, \"size\": 372.74, \"width\": 750, \"height\": 1000}, \"small\": {\"ext\": \".png\", \"url\": \"/uploads/small_12_16cd103d57.png\", \"hash\": \"small_12_16cd103d57\", \"mime\": \"image/png\", \"name\": \"small_12.png\", \"path\": null, \"size\": 100.19, \"width\": 375, \"height\": 500}, \"medium\": {\"ext\": \".png\", \"url\": \"/uploads/medium_12_16cd103d57.png\", \"hash\": \"medium_12_16cd103d57\", \"mime\": \"image/png\", \"name\": \"medium_12.png\", \"path\": null, \"size\": 217.37, \"width\": 563, \"height\": 750}, \"thumbnail\": {\"ext\": \".png\", \"url\": \"/uploads/thumbnail_12_16cd103d57.png\", \"hash\": \"thumbnail_12_16cd103d57\", \"mime\": \"image/png\", \"name\": \"thumbnail_12.png\", \"path\": null, \"size\": 11.33, \"width\": 117, \"height\": 156}}','12_16cd103d57','.png','image/png',225.99,'/uploads/12_16cd103d57.png',NULL,'local',NULL,'/','2024-01-31 17:14:13.391000','2024-01-31 17:14:13.391000',1,1),(47,'drawing.jpg',NULL,NULL,5303,5548,'{\"large\": {\"ext\": \".jpg\", \"url\": \"/uploads/large_drawing_a9f9ec0d38.jpg\", \"hash\": \"large_drawing_a9f9ec0d38\", \"mime\": \"image/jpeg\", \"name\": \"large_drawing.jpg\", \"path\": null, \"size\": 133.31, \"width\": 955, \"height\": 1000}, \"small\": {\"ext\": \".jpg\", \"url\": \"/uploads/small_drawing_a9f9ec0d38.jpg\", \"hash\": \"small_drawing_a9f9ec0d38\", \"mime\": \"image/jpeg\", \"name\": \"small_drawing.jpg\", \"path\": null, \"size\": 43.24, \"width\": 478, \"height\": 500}, \"medium\": {\"ext\": \".jpg\", \"url\": \"/uploads/medium_drawing_a9f9ec0d38.jpg\", \"hash\": \"medium_drawing_a9f9ec0d38\", \"mime\": \"image/jpeg\", \"name\": \"medium_drawing.jpg\", \"path\": null, \"size\": 83.47, \"width\": 716, \"height\": 750}, \"thumbnail\": {\"ext\": \".jpg\", \"url\": \"/uploads/thumbnail_drawing_a9f9ec0d38.jpg\", \"hash\": \"thumbnail_drawing_a9f9ec0d38\", \"mime\": \"image/jpeg\", \"name\": \"thumbnail_drawing.jpg\", \"path\": null, \"size\": 6.92, \"width\": 149, \"height\": 156}}','drawing_a9f9ec0d38','.jpg','image/jpeg',4570.00,'/uploads/drawing_a9f9ec0d38.jpg',NULL,'local',NULL,'/','2024-01-31 17:14:13.674000','2024-01-31 17:14:13.674000',1,1),(48,'12.1.png',NULL,NULL,1202,1602,'{\"large\": {\"ext\": \".png\", \"url\": \"/uploads/large_12_1_4c67707671.png\", \"hash\": \"large_12_1_4c67707671\", \"mime\": \"image/png\", \"name\": \"large_12.1.png\", \"path\": null, \"size\": 833.7, \"width\": 750, \"height\": 1000}, \"small\": {\"ext\": \".png\", \"url\": \"/uploads/small_12_1_4c67707671.png\", \"hash\": \"small_12_1_4c67707671\", \"mime\": \"image/png\", \"name\": \"small_12.1.png\", \"path\": null, \"size\": 238.9, \"width\": 375, \"height\": 500}, \"medium\": {\"ext\": \".png\", \"url\": \"/uploads/medium_12_1_4c67707671.png\", \"hash\": \"medium_12_1_4c67707671\", \"mime\": \"image/png\", \"name\": \"medium_12.1.png\", \"path\": null, \"size\": 496.22, \"width\": 563, \"height\": 750}, \"thumbnail\": {\"ext\": \".png\", \"url\": \"/uploads/thumbnail_12_1_4c67707671.png\", \"hash\": \"thumbnail_12_1_4c67707671\", \"mime\": \"image/png\", \"name\": \"thumbnail_12.1.png\", \"path\": null, \"size\": 29.32, \"width\": 117, \"height\": 156}}','12_1_4c67707671','.png','image/png',522.98,'/uploads/12_1_4c67707671.png',NULL,'local',NULL,'/','2024-01-31 17:14:15.783000','2024-01-31 17:14:15.783000',1,1),(49,'9.png',NULL,NULL,1233,1644,'{\"large\": {\"ext\": \".png\", \"url\": \"/uploads/large_9_1bae8f1bfb.png\", \"hash\": \"large_9_1bae8f1bfb\", \"mime\": \"image/png\", \"name\": \"large_9.png\", \"path\": null, \"size\": 374.75, \"width\": 750, \"height\": 1000}, \"small\": {\"ext\": \".png\", \"url\": \"/uploads/small_9_1bae8f1bfb.png\", \"hash\": \"small_9_1bae8f1bfb\", \"mime\": \"image/png\", \"name\": \"small_9.png\", \"path\": null, \"size\": 98.02, \"width\": 375, \"height\": 500}, \"medium\": {\"ext\": \".png\", \"url\": \"/uploads/medium_9_1bae8f1bfb.png\", \"hash\": \"medium_9_1bae8f1bfb\", \"mime\": \"image/png\", \"name\": \"medium_9.png\", \"path\": null, \"size\": 213.81, \"width\": 563, \"height\": 750}, \"thumbnail\": {\"ext\": \".png\", \"url\": \"/uploads/thumbnail_9_1bae8f1bfb.png\", \"hash\": \"thumbnail_9_1bae8f1bfb\", \"mime\": \"image/png\", \"name\": \"thumbnail_9.png\", \"path\": null, \"size\": 11.14, \"width\": 117, \"height\": 156}}','9_1bae8f1bfb','.png','image/png',275.20,'/uploads/9_1bae8f1bfb.png',NULL,'local',NULL,'/','2024-01-31 17:14:15.980000','2024-01-31 17:14:15.980000',1,1),(50,'13.1.png',NULL,NULL,1213,1617,'{\"large\": {\"ext\": \".png\", \"url\": \"/uploads/large_13_1_7294d0007d.png\", \"hash\": \"large_13_1_7294d0007d\", \"mime\": \"image/png\", \"name\": \"large_13.1.png\", \"path\": null, \"size\": 824.2, \"width\": 750, \"height\": 1000}, \"small\": {\"ext\": \".png\", \"url\": \"/uploads/small_13_1_7294d0007d.png\", \"hash\": \"small_13_1_7294d0007d\", \"mime\": \"image/png\", \"name\": \"small_13.1.png\", \"path\": null, \"size\": 233.68, \"width\": 375, \"height\": 500}, \"medium\": {\"ext\": \".png\", \"url\": \"/uploads/medium_13_1_7294d0007d.png\", \"hash\": \"medium_13_1_7294d0007d\", \"mime\": \"image/png\", \"name\": \"medium_13.1.png\", \"path\": null, \"size\": 487.05, \"width\": 563, \"height\": 750}, \"thumbnail\": {\"ext\": \".png\", \"url\": \"/uploads/thumbnail_13_1_7294d0007d.png\", \"hash\": \"thumbnail_13_1_7294d0007d\", \"mime\": \"image/png\", \"name\": \"thumbnail_13.1.png\", \"path\": null, \"size\": 28.45, \"width\": 117, \"height\": 156}}','13_1_7294d0007d','.png','image/png',497.96,'/uploads/13_1_7294d0007d.png',NULL,'local',NULL,'/','2024-01-31 17:14:16.163000','2024-01-31 17:14:16.163000',1,1),(51,'13.png',NULL,NULL,1343,1790,'{\"large\": {\"ext\": \".png\", \"url\": \"/uploads/large_13_2def49df99.png\", \"hash\": \"large_13_2def49df99\", \"mime\": \"image/png\", \"name\": \"large_13.png\", \"path\": null, \"size\": 520.06, \"width\": 750, \"height\": 1000}, \"small\": {\"ext\": \".png\", \"url\": \"/uploads/small_13_2def49df99.png\", \"hash\": \"small_13_2def49df99\", \"mime\": \"image/png\", \"name\": \"small_13.png\", \"path\": null, \"size\": 140.04, \"width\": 375, \"height\": 500}, \"medium\": {\"ext\": \".png\", \"url\": \"/uploads/medium_13_2def49df99.png\", \"hash\": \"medium_13_2def49df99\", \"mime\": \"image/png\", \"name\": \"medium_13.png\", \"path\": null, \"size\": 300.97, \"width\": 563, \"height\": 750}, \"thumbnail\": {\"ext\": \".png\", \"url\": \"/uploads/thumbnail_13_2def49df99.png\", \"hash\": \"thumbnail_13_2def49df99\", \"mime\": \"image/png\", \"name\": \"thumbnail_13.png\", \"path\": null, \"size\": 15.91, \"width\": 117, \"height\": 156}}','13_2def49df99','.png','image/png',362.62,'/uploads/13_2def49df99.png',NULL,'local',NULL,'/','2024-01-31 17:14:16.183000','2024-01-31 17:14:16.183000',1,1),(52,'10.1.png',NULL,NULL,864,1153,'{\"large\": {\"ext\": \".png\", \"url\": \"/uploads/large_10_1_ba6a405a3d.png\", \"hash\": \"large_10_1_ba6a405a3d\", \"mime\": \"image/png\", \"name\": \"large_10.1.png\", \"path\": null, \"size\": 910.64, \"width\": 749, \"height\": 1000}, \"small\": {\"ext\": \".png\", \"url\": \"/uploads/small_10_1_ba6a405a3d.png\", \"hash\": \"small_10_1_ba6a405a3d\", \"mime\": \"image/png\", \"name\": \"small_10.1.png\", \"path\": null, \"size\": 267.47, \"width\": 375, \"height\": 500}, \"medium\": {\"ext\": \".png\", \"url\": \"/uploads/medium_10_1_ba6a405a3d.png\", \"hash\": \"medium_10_1_ba6a405a3d\", \"mime\": \"image/png\", \"name\": \"medium_10.1.png\", \"path\": null, \"size\": 550.42, \"width\": 562, \"height\": 750}, \"thumbnail\": {\"ext\": \".png\", \"url\": \"/uploads/thumbnail_10_1_ba6a405a3d.png\", \"hash\": \"thumbnail_10_1_ba6a405a3d\", \"mime\": \"image/png\", \"name\": \"thumbnail_10.1.png\", \"path\": null, \"size\": 33.81, \"width\": 117, \"height\": 156}}','10_1_ba6a405a3d','.png','image/png',306.69,'/uploads/10_1_ba6a405a3d.png',NULL,'local',NULL,'/','2024-01-31 17:14:16.258000','2024-01-31 17:14:16.258000',1,1),(53,'9.1.png',NULL,NULL,1228,1636,'{\"large\": {\"ext\": \".png\", \"url\": \"/uploads/large_9_1_9a9200907e.png\", \"hash\": \"large_9_1_9a9200907e\", \"mime\": \"image/png\", \"name\": \"large_9.1.png\", \"path\": null, \"size\": 841.01, \"width\": 751, \"height\": 1000}, \"small\": {\"ext\": \".png\", \"url\": \"/uploads/small_9_1_9a9200907e.png\", \"hash\": \"small_9_1_9a9200907e\", \"mime\": \"image/png\", \"name\": \"small_9.1.png\", \"path\": null, \"size\": 236.77, \"width\": 375, \"height\": 500}, \"medium\": {\"ext\": \".png\", \"url\": \"/uploads/medium_9_1_9a9200907e.png\", \"hash\": \"medium_9_1_9a9200907e\", \"mime\": \"image/png\", \"name\": \"medium_9.1.png\", \"path\": null, \"size\": 494.73, \"width\": 563, \"height\": 750}, \"thumbnail\": {\"ext\": \".png\", \"url\": \"/uploads/thumbnail_9_1_9a9200907e.png\", \"hash\": \"thumbnail_9_1_9a9200907e\", \"mime\": \"image/png\", \"name\": \"thumbnail_9.1.png\", \"path\": null, \"size\": 29, \"width\": 117, \"height\": 156}}','9_1_9a9200907e','.png','image/png',560.02,'/uploads/9_1_9a9200907e.png',NULL,'local',NULL,'/','2024-01-31 17:14:16.963000','2024-01-31 17:14:16.963000',1,1),(54,'10.png',NULL,NULL,1408,1824,'{\"large\": {\"ext\": \".png\", \"url\": \"/uploads/large_10_52bb97145f.png\", \"hash\": \"large_10_52bb97145f\", \"mime\": \"image/png\", \"name\": \"large_10.png\", \"path\": null, \"size\": 366.07, \"width\": 772, \"height\": 1000}, \"small\": {\"ext\": \".png\", \"url\": \"/uploads/small_10_52bb97145f.png\", \"hash\": \"small_10_52bb97145f\", \"mime\": \"image/png\", \"name\": \"small_10.png\", \"path\": null, \"size\": 101.23, \"width\": 386, \"height\": 500}, \"medium\": {\"ext\": \".png\", \"url\": \"/uploads/medium_10_52bb97145f.png\", \"hash\": \"medium_10_52bb97145f\", \"mime\": \"image/png\", \"name\": \"medium_10.png\", \"path\": null, \"size\": 215.07, \"width\": 579, \"height\": 750}, \"thumbnail\": {\"ext\": \".png\", \"url\": \"/uploads/thumbnail_10_52bb97145f.png\", \"hash\": \"thumbnail_10_52bb97145f\", \"mime\": \"image/png\", \"name\": \"thumbnail_10.png\", \"path\": null, \"size\": 11.6, \"width\": 120, \"height\": 156}}','10_52bb97145f','.png','image/png',257.47,'/uploads/10_52bb97145f.png',NULL,'local',NULL,'/','2024-01-31 17:14:19.752000','2024-01-31 17:14:19.752000',1,1),(55,'8.1.png',NULL,NULL,1295,1727,'{\"large\": {\"ext\": \".png\", \"url\": \"/uploads/large_8_1_53e39be66f.png\", \"hash\": \"large_8_1_53e39be66f\", \"mime\": \"image/png\", \"name\": \"large_8.1.png\", \"path\": null, \"size\": 891.5, \"width\": 750, \"height\": 1000}, \"small\": {\"ext\": \".png\", \"url\": \"/uploads/small_8_1_53e39be66f.png\", \"hash\": \"small_8_1_53e39be66f\", \"mime\": \"image/png\", \"name\": \"small_8.1.png\", \"path\": null, \"size\": 255.94, \"width\": 375, \"height\": 500}, \"medium\": {\"ext\": \".png\", \"url\": \"/uploads/medium_8_1_53e39be66f.png\", \"hash\": \"medium_8_1_53e39be66f\", \"mime\": \"image/png\", \"name\": \"medium_8.1.png\", \"path\": null, \"size\": 529.75, \"width\": 562, \"height\": 750}, \"thumbnail\": {\"ext\": \".png\", \"url\": \"/uploads/thumbnail_8_1_53e39be66f.png\", \"hash\": \"thumbnail_8_1_53e39be66f\", \"mime\": \"image/png\", \"name\": \"thumbnail_8.1.png\", \"path\": null, \"size\": 31.99, \"width\": 117, \"height\": 156}}','8_1_53e39be66f','.png','image/png',620.96,'/uploads/8_1_53e39be66f.png',NULL,'local',NULL,'/','2024-01-31 17:14:20.001000','2024-01-31 17:14:20.001000',1,1),(56,'7.1.png',NULL,NULL,1362,1815,'{\"large\": {\"ext\": \".png\", \"url\": \"/uploads/large_7_1_96d35704af.png\", \"hash\": \"large_7_1_96d35704af\", \"mime\": \"image/png\", \"name\": \"large_7.1.png\", \"path\": null, \"size\": 885.21, \"width\": 750, \"height\": 1000}, \"small\": {\"ext\": \".png\", \"url\": \"/uploads/small_7_1_96d35704af.png\", \"hash\": \"small_7_1_96d35704af\", \"mime\": \"image/png\", \"name\": \"small_7.1.png\", \"path\": null, \"size\": 255.65, \"width\": 375, \"height\": 500}, \"medium\": {\"ext\": \".png\", \"url\": \"/uploads/medium_7_1_96d35704af.png\", \"hash\": \"medium_7_1_96d35704af\", \"mime\": \"image/png\", \"name\": \"medium_7.1.png\", \"path\": null, \"size\": 529.68, \"width\": 563, \"height\": 750}, \"thumbnail\": {\"ext\": \".png\", \"url\": \"/uploads/thumbnail_7_1_96d35704af.png\", \"hash\": \"thumbnail_7_1_96d35704af\", \"mime\": \"image/png\", \"name\": \"thumbnail_7.1.png\", \"path\": null, \"size\": 31.75, \"width\": 117, \"height\": 156}}','7_1_96d35704af','.png','image/png',653.67,'/uploads/7_1_96d35704af.png',NULL,'local',NULL,'/','2024-01-31 17:14:20.089000','2024-01-31 17:14:20.089000',1,1),(57,'6.1.png',NULL,NULL,1329,1772,'{\"large\": {\"ext\": \".png\", \"url\": \"/uploads/large_6_1_014aa5939a.png\", \"hash\": \"large_6_1_014aa5939a\", \"mime\": \"image/png\", \"name\": \"large_6.1.png\", \"path\": null, \"size\": 857.9, \"width\": 750, \"height\": 1000}, \"small\": {\"ext\": \".png\", \"url\": \"/uploads/small_6_1_014aa5939a.png\", \"hash\": \"small_6_1_014aa5939a\", \"mime\": \"image/png\", \"name\": \"small_6.1.png\", \"path\": null, \"size\": 249.17, \"width\": 375, \"height\": 500}, \"medium\": {\"ext\": \".png\", \"url\": \"/uploads/medium_6_1_014aa5939a.png\", \"hash\": \"medium_6_1_014aa5939a\", \"mime\": \"image/png\", \"name\": \"medium_6.1.png\", \"path\": null, \"size\": 513.08, \"width\": 563, \"height\": 750}, \"thumbnail\": {\"ext\": \".png\", \"url\": \"/uploads/thumbnail_6_1_014aa5939a.png\", \"hash\": \"thumbnail_6_1_014aa5939a\", \"mime\": \"image/png\", \"name\": \"thumbnail_6.1.png\", \"path\": null, \"size\": 31, \"width\": 117, \"height\": 156}}','6_1_014aa5939a','.png','image/png',666.93,'/uploads/6_1_014aa5939a.png',NULL,'local',NULL,'/','2024-01-31 17:14:20.448000','2024-01-31 17:14:20.448000',1,1),(58,'5.1.png',NULL,NULL,1327,1769,'{\"large\": {\"ext\": \".png\", \"url\": \"/uploads/large_5_1_739a3b5202.png\", \"hash\": \"large_5_1_739a3b5202\", \"mime\": \"image/png\", \"name\": \"large_5.1.png\", \"path\": null, \"size\": 869.87, \"width\": 750, \"height\": 1000}, \"small\": {\"ext\": \".png\", \"url\": \"/uploads/small_5_1_739a3b5202.png\", \"hash\": \"small_5_1_739a3b5202\", \"mime\": \"image/png\", \"name\": \"small_5.1.png\", \"path\": null, \"size\": 251.09, \"width\": 375, \"height\": 500}, \"medium\": {\"ext\": \".png\", \"url\": \"/uploads/medium_5_1_739a3b5202.png\", \"hash\": \"medium_5_1_739a3b5202\", \"mime\": \"image/png\", \"name\": \"medium_5.1.png\", \"path\": null, \"size\": 519.33, \"width\": 563, \"height\": 750}, \"thumbnail\": {\"ext\": \".png\", \"url\": \"/uploads/thumbnail_5_1_739a3b5202.png\", \"hash\": \"thumbnail_5_1_739a3b5202\", \"mime\": \"image/png\", \"name\": \"thumbnail_5.1.png\", \"path\": null, \"size\": 30.68, \"width\": 117, \"height\": 156}}','5_1_739a3b5202','.png','image/png',658.67,'/uploads/5_1_739a3b5202.png',NULL,'local',NULL,'/','2024-01-31 17:14:20.981000','2024-01-31 17:14:20.981000',1,1),(59,'3.1.png',NULL,NULL,1354,1805,'{\"large\": {\"ext\": \".png\", \"url\": \"/uploads/large_3_1_2949483372.png\", \"hash\": \"large_3_1_2949483372\", \"mime\": \"image/png\", \"name\": \"large_3.1.png\", \"path\": null, \"size\": 796.71, \"width\": 750, \"height\": 1000}, \"small\": {\"ext\": \".png\", \"url\": \"/uploads/small_3_1_2949483372.png\", \"hash\": \"small_3_1_2949483372\", \"mime\": \"image/png\", \"name\": \"small_3.1.png\", \"path\": null, \"size\": 228.45, \"width\": 375, \"height\": 500}, \"medium\": {\"ext\": \".png\", \"url\": \"/uploads/medium_3_1_2949483372.png\", \"hash\": \"medium_3_1_2949483372\", \"mime\": \"image/png\", \"name\": \"medium_3.1.png\", \"path\": null, \"size\": 474.09, \"width\": 563, \"height\": 750}, \"thumbnail\": {\"ext\": \".png\", \"url\": \"/uploads/thumbnail_3_1_2949483372.png\", \"hash\": \"thumbnail_3_1_2949483372\", \"mime\": \"image/png\", \"name\": \"thumbnail_3.1.png\", \"path\": null, \"size\": 29.12, \"width\": 117, \"height\": 156}}','3_1_2949483372','.png','image/png',570.89,'/uploads/3_1_2949483372.png',NULL,'local',NULL,'/','2024-01-31 17:14:23.319000','2024-01-31 17:14:23.319000',1,1),(60,'4.1.png',NULL,NULL,1293,1723,'{\"large\": {\"ext\": \".png\", \"url\": \"/uploads/large_4_1_b19d3cf696.png\", \"hash\": \"large_4_1_b19d3cf696\", \"mime\": \"image/png\", \"name\": \"large_4.1.png\", \"path\": null, \"size\": 849.66, \"width\": 750, \"height\": 1000}, \"small\": {\"ext\": \".png\", \"url\": \"/uploads/small_4_1_b19d3cf696.png\", \"hash\": \"small_4_1_b19d3cf696\", \"mime\": \"image/png\", \"name\": \"small_4.1.png\", \"path\": null, \"size\": 246.02, \"width\": 375, \"height\": 500}, \"medium\": {\"ext\": \".png\", \"url\": \"/uploads/medium_4_1_b19d3cf696.png\", \"hash\": \"medium_4_1_b19d3cf696\", \"mime\": \"image/png\", \"name\": \"medium_4.1.png\", \"path\": null, \"size\": 509.92, \"width\": 563, \"height\": 750}, \"thumbnail\": {\"ext\": \".png\", \"url\": \"/uploads/thumbnail_4_1_b19d3cf696.png\", \"hash\": \"thumbnail_4_1_b19d3cf696\", \"mime\": \"image/png\", \"name\": \"thumbnail_4.1.png\", \"path\": null, \"size\": 30.18, \"width\": 117, \"height\": 156}}','4_1_b19d3cf696','.png','image/png',634.76,'/uploads/4_1_b19d3cf696.png',NULL,'local',NULL,'/','2024-01-31 17:14:23.336000','2024-01-31 17:14:59.033000',1,1),(61,'2.1.png',NULL,NULL,1279,1706,'{\"large\": {\"ext\": \".png\", \"url\": \"/uploads/large_2_1_caac5f1e7b.png\", \"hash\": \"large_2_1_caac5f1e7b\", \"mime\": \"image/png\", \"name\": \"large_2.1.png\", \"path\": null, \"size\": 871.81, \"width\": 750, \"height\": 1000}, \"small\": {\"ext\": \".png\", \"url\": \"/uploads/small_2_1_caac5f1e7b.png\", \"hash\": \"small_2_1_caac5f1e7b\", \"mime\": \"image/png\", \"name\": \"small_2.1.png\", \"path\": null, \"size\": 254.56, \"width\": 375, \"height\": 500}, \"medium\": {\"ext\": \".png\", \"url\": \"/uploads/medium_2_1_caac5f1e7b.png\", \"hash\": \"medium_2_1_caac5f1e7b\", \"mime\": \"image/png\", \"name\": \"medium_2.1.png\", \"path\": null, \"size\": 520.75, \"width\": 562, \"height\": 750}, \"thumbnail\": {\"ext\": \".png\", \"url\": \"/uploads/thumbnail_2_1_caac5f1e7b.png\", \"hash\": \"thumbnail_2_1_caac5f1e7b\", \"mime\": \"image/png\", \"name\": \"thumbnail_2.1.png\", \"path\": null, \"size\": 32.23, \"width\": 117, \"height\": 156}}','2_1_caac5f1e7b','.png','image/png',560.52,'/uploads/2_1_caac5f1e7b.png',NULL,'local',NULL,'/','2024-01-31 17:14:23.606000','2024-01-31 17:14:23.606000',1,1),(62,'art2.png',NULL,NULL,1996,531,'{\"large\": {\"ext\": \".png\", \"url\": \"/uploads/large_art2_0f2b93b3aa.png\", \"hash\": \"large_art2_0f2b93b3aa\", \"mime\": \"image/png\", \"name\": \"large_art2.png\", \"path\": null, \"size\": 345.18, \"width\": 1000, \"height\": 266}, \"small\": {\"ext\": \".png\", \"url\": \"/uploads/small_art2_0f2b93b3aa.png\", \"hash\": \"small_art2_0f2b93b3aa\", \"mime\": \"image/png\", \"name\": \"small_art2.png\", \"path\": null, \"size\": 93.49, \"width\": 500, \"height\": 133}, \"medium\": {\"ext\": \".png\", \"url\": \"/uploads/medium_art2_0f2b93b3aa.png\", \"hash\": \"medium_art2_0f2b93b3aa\", \"mime\": \"image/png\", \"name\": \"medium_art2.png\", \"path\": null, \"size\": 202.32, \"width\": 750, \"height\": 200}, \"thumbnail\": {\"ext\": \".png\", \"url\": \"/uploads/thumbnail_art2_0f2b93b3aa.png\", \"hash\": \"thumbnail_art2_0f2b93b3aa\", \"mime\": \"image/png\", \"name\": \"thumbnail_art2.png\", \"path\": null, \"size\": 25.46, \"width\": 245, \"height\": 65}}','art2_0f2b93b3aa','.png','image/png',258.46,'/uploads/art2_0f2b93b3aa.png',NULL,'local',NULL,'/','2024-01-31 17:14:23.941000','2024-01-31 17:14:23.941000',1,1),(63,'8.png',NULL,NULL,1332,1775,'{\"large\": {\"ext\": \".png\", \"url\": \"/uploads/large_8_18988b6066.png\", \"hash\": \"large_8_18988b6066\", \"mime\": \"image/png\", \"name\": \"large_8.png\", \"path\": null, \"size\": 682.75, \"width\": 750, \"height\": 1000}, \"small\": {\"ext\": \".png\", \"url\": \"/uploads/small_8_18988b6066.png\", \"hash\": \"small_8_18988b6066\", \"mime\": \"image/png\", \"name\": \"small_8.png\", \"path\": null, \"size\": 180.27, \"width\": 375, \"height\": 500}, \"medium\": {\"ext\": \".png\", \"url\": \"/uploads/medium_8_18988b6066.png\", \"hash\": \"medium_8_18988b6066\", \"mime\": \"image/png\", \"name\": \"medium_8.png\", \"path\": null, \"size\": 391.18, \"width\": 563, \"height\": 750}, \"thumbnail\": {\"ext\": \".png\", \"url\": \"/uploads/thumbnail_8_18988b6066.png\", \"hash\": \"thumbnail_8_18988b6066\", \"mime\": \"image/png\", \"name\": \"thumbnail_8.png\", \"path\": null, \"size\": 20.38, \"width\": 117, \"height\": 156}}','8_18988b6066','.png','image/png',547.54,'/uploads/8_18988b6066.png',NULL,'local',NULL,'/','2024-01-31 17:14:27.206000','2024-01-31 17:14:27.206000',1,1),(64,'7.png',NULL,NULL,1331,1775,'{\"large\": {\"ext\": \".png\", \"url\": \"/uploads/large_7_7d87a663d2.png\", \"hash\": \"large_7_7d87a663d2\", \"mime\": \"image/png\", \"name\": \"large_7.png\", \"path\": null, \"size\": 624.77, \"width\": 750, \"height\": 1000}, \"small\": {\"ext\": \".png\", \"url\": \"/uploads/small_7_7d87a663d2.png\", \"hash\": \"small_7_7d87a663d2\", \"mime\": \"image/png\", \"name\": \"small_7.png\", \"path\": null, \"size\": 169.35, \"width\": 375, \"height\": 500}, \"medium\": {\"ext\": \".png\", \"url\": \"/uploads/medium_7_7d87a663d2.png\", \"hash\": \"medium_7_7d87a663d2\", \"mime\": \"image/png\", \"name\": \"medium_7.png\", \"path\": null, \"size\": 362.97, \"width\": 562, \"height\": 750}, \"thumbnail\": {\"ext\": \".png\", \"url\": \"/uploads/thumbnail_7_7d87a663d2.png\", \"hash\": \"thumbnail_7_7d87a663d2\", \"mime\": \"image/png\", \"name\": \"thumbnail_7.png\", \"path\": null, \"size\": 18.9, \"width\": 117, \"height\": 156}}','7_7d87a663d2','.png','image/png',448.97,'/uploads/7_7d87a663d2.png',NULL,'local',NULL,'/','2024-01-31 17:14:28.124000','2024-01-31 17:14:28.124000',1,1),(65,'art.png',NULL,NULL,2015,1360,'{\"large\": {\"ext\": \".png\", \"url\": \"/uploads/large_art_a718ff8862.png\", \"hash\": \"large_art_a718ff8862\", \"mime\": \"image/png\", \"name\": \"large_art.png\", \"path\": null, \"size\": 689.13, \"width\": 1000, \"height\": 675}, \"small\": {\"ext\": \".png\", \"url\": \"/uploads/small_art_a718ff8862.png\", \"hash\": \"small_art_a718ff8862\", \"mime\": \"image/png\", \"name\": \"small_art.png\", \"path\": null, \"size\": 187.43, \"width\": 500, \"height\": 337}, \"medium\": {\"ext\": \".png\", \"url\": \"/uploads/medium_art_a718ff8862.png\", \"hash\": \"medium_art_a718ff8862\", \"mime\": \"image/png\", \"name\": \"medium_art.png\", \"path\": null, \"size\": 400.79, \"width\": 750, \"height\": 506}, \"thumbnail\": {\"ext\": \".png\", \"url\": \"/uploads/thumbnail_art_a718ff8862.png\", \"hash\": \"thumbnail_art_a718ff8862\", \"mime\": \"image/png\", \"name\": \"thumbnail_art.png\", \"path\": null, \"size\": 44.32, \"width\": 231, \"height\": 156}}','art_a718ff8862','.png','image/png',477.71,'/uploads/art_a718ff8862.png',NULL,'local',NULL,'/','2024-01-31 17:14:28.668000','2024-01-31 17:14:28.668000',1,1),(66,'6.png',NULL,NULL,1332,1775,'{\"large\": {\"ext\": \".png\", \"url\": \"/uploads/large_6_9df16c7b64.png\", \"hash\": \"large_6_9df16c7b64\", \"mime\": \"image/png\", \"name\": \"large_6.png\", \"path\": null, \"size\": 779.19, \"width\": 750, \"height\": 1000}, \"small\": {\"ext\": \".png\", \"url\": \"/uploads/small_6_9df16c7b64.png\", \"hash\": \"small_6_9df16c7b64\", \"mime\": \"image/png\", \"name\": \"small_6.png\", \"path\": null, \"size\": 203.02, \"width\": 375, \"height\": 500}, \"medium\": {\"ext\": \".png\", \"url\": \"/uploads/medium_6_9df16c7b64.png\", \"hash\": \"medium_6_9df16c7b64\", \"mime\": \"image/png\", \"name\": \"medium_6.png\", \"path\": null, \"size\": 444.21, \"width\": 563, \"height\": 750}, \"thumbnail\": {\"ext\": \".png\", \"url\": \"/uploads/thumbnail_6_9df16c7b64.png\", \"hash\": \"thumbnail_6_9df16c7b64\", \"mime\": \"image/png\", \"name\": \"thumbnail_6.png\", \"path\": null, \"size\": 22.13, \"width\": 117, \"height\": 156}}','6_9df16c7b64','.png','image/png',611.11,'/uploads/6_9df16c7b64.png',NULL,'local',NULL,'/','2024-01-31 17:14:29.641000','2024-01-31 17:14:29.641000',1,1),(67,'3.png',NULL,NULL,1332,1775,'{\"large\": {\"ext\": \".png\", \"url\": \"/uploads/large_3_94156c855a.png\", \"hash\": \"large_3_94156c855a\", \"mime\": \"image/png\", \"name\": \"large_3.png\", \"path\": null, \"size\": 465.77, \"width\": 750, \"height\": 1000}, \"small\": {\"ext\": \".png\", \"url\": \"/uploads/small_3_94156c855a.png\", \"hash\": \"small_3_94156c855a\", \"mime\": \"image/png\", \"name\": \"small_3.png\", \"path\": null, \"size\": 124.05, \"width\": 375, \"height\": 500}, \"medium\": {\"ext\": \".png\", \"url\": \"/uploads/medium_3_94156c855a.png\", \"hash\": \"medium_3_94156c855a\", \"mime\": \"image/png\", \"name\": \"medium_3.png\", \"path\": null, \"size\": 267.31, \"width\": 563, \"height\": 750}, \"thumbnail\": {\"ext\": \".png\", \"url\": \"/uploads/thumbnail_3_94156c855a.png\", \"hash\": \"thumbnail_3_94156c855a\", \"mime\": \"image/png\", \"name\": \"thumbnail_3.png\", \"path\": null, \"size\": 15.42, \"width\": 117, \"height\": 156}}','3_94156c855a','.png','image/png',342.88,'/uploads/3_94156c855a.png',NULL,'local',NULL,'/','2024-01-31 17:14:29.825000','2024-01-31 17:14:29.825000',1,1),(68,'5.png',NULL,NULL,1332,1774,'{\"large\": {\"ext\": \".png\", \"url\": \"/uploads/large_5_c77e829a32.png\", \"hash\": \"large_5_c77e829a32\", \"mime\": \"image/png\", \"name\": \"large_5.png\", \"path\": null, \"size\": 637.03, \"width\": 751, \"height\": 1000}, \"small\": {\"ext\": \".png\", \"url\": \"/uploads/small_5_c77e829a32.png\", \"hash\": \"small_5_c77e829a32\", \"mime\": \"image/png\", \"name\": \"small_5.png\", \"path\": null, \"size\": 165.38, \"width\": 375, \"height\": 500}, \"medium\": {\"ext\": \".png\", \"url\": \"/uploads/medium_5_c77e829a32.png\", \"hash\": \"medium_5_c77e829a32\", \"mime\": \"image/png\", \"name\": \"medium_5.png\", \"path\": null, \"size\": 364.16, \"width\": 563, \"height\": 750}, \"thumbnail\": {\"ext\": \".png\", \"url\": \"/uploads/thumbnail_5_c77e829a32.png\", \"hash\": \"thumbnail_5_c77e829a32\", \"mime\": \"image/png\", \"name\": \"thumbnail_5.png\", \"path\": null, \"size\": 17.95, \"width\": 117, \"height\": 156}}','5_c77e829a32','.png','image/png',503.59,'/uploads/5_c77e829a32.png',NULL,'local',NULL,'/','2024-01-31 17:14:30.041000','2024-01-31 17:14:30.041000',1,1),(69,'2.png',NULL,NULL,1333,1776,'{\"large\": {\"ext\": \".png\", \"url\": \"/uploads/large_2_c16afc80fa.png\", \"hash\": \"large_2_c16afc80fa\", \"mime\": \"image/png\", \"name\": \"large_2.png\", \"path\": null, \"size\": 378.62, \"width\": 751, \"height\": 1000}, \"small\": {\"ext\": \".png\", \"url\": \"/uploads/small_2_c16afc80fa.png\", \"hash\": \"small_2_c16afc80fa\", \"mime\": \"image/png\", \"name\": \"small_2.png\", \"path\": null, \"size\": 105.22, \"width\": 375, \"height\": 500}, \"medium\": {\"ext\": \".png\", \"url\": \"/uploads/medium_2_c16afc80fa.png\", \"hash\": \"medium_2_c16afc80fa\", \"mime\": \"image/png\", \"name\": \"medium_2.png\", \"path\": null, \"size\": 223.32, \"width\": 563, \"height\": 750}, \"thumbnail\": {\"ext\": \".png\", \"url\": \"/uploads/thumbnail_2_c16afc80fa.png\", \"hash\": \"thumbnail_2_c16afc80fa\", \"mime\": \"image/png\", \"name\": \"thumbnail_2.png\", \"path\": null, \"size\": 12.26, \"width\": 117, \"height\": 156}}','2_c16afc80fa','.png','image/png',240.19,'/uploads/2_c16afc80fa.png',NULL,'local',NULL,'/','2024-01-31 17:14:30.199000','2024-01-31 17:14:30.199000',1,1),(70,'4.png',NULL,NULL,1332,1775,'{\"large\": {\"ext\": \".png\", \"url\": \"/uploads/large_4_caf625630e.png\", \"hash\": \"large_4_caf625630e\", \"mime\": \"image/png\", \"name\": \"large_4.png\", \"path\": null, \"size\": 543.42, \"width\": 750, \"height\": 1000}, \"small\": {\"ext\": \".png\", \"url\": \"/uploads/small_4_caf625630e.png\", \"hash\": \"small_4_caf625630e\", \"mime\": \"image/png\", \"name\": \"small_4.png\", \"path\": null, \"size\": 142.35, \"width\": 375, \"height\": 500}, \"medium\": {\"ext\": \".png\", \"url\": \"/uploads/medium_4_caf625630e.png\", \"hash\": \"medium_4_caf625630e\", \"mime\": \"image/png\", \"name\": \"medium_4.png\", \"path\": null, \"size\": 311.61, \"width\": 563, \"height\": 750}, \"thumbnail\": {\"ext\": \".png\", \"url\": \"/uploads/thumbnail_4_caf625630e.png\", \"hash\": \"thumbnail_4_caf625630e\", \"mime\": \"image/png\", \"name\": \"thumbnail_4.png\", \"path\": null, \"size\": 15.3, \"width\": 117, \"height\": 156}}','4_caf625630e','.png','image/png',371.06,'/uploads/4_caf625630e.png',NULL,'local',NULL,'/','2024-01-31 17:14:30.631000','2024-01-31 17:14:30.631000',1,1),(71,'1.1.1.png',NULL,NULL,1183,1577,'{\"large\": {\"ext\": \".png\", \"url\": \"/uploads/large_1_1_1_a408739225.png\", \"hash\": \"large_1_1_1_a408739225\", \"mime\": \"image/png\", \"name\": \"large_1.1.1.png\", \"path\": null, \"size\": 485.32, \"width\": 750, \"height\": 1000}, \"small\": {\"ext\": \".png\", \"url\": \"/uploads/small_1_1_1_a408739225.png\", \"hash\": \"small_1_1_1_a408739225\", \"mime\": \"image/png\", \"name\": \"small_1.1.1.png\", \"path\": null, \"size\": 130.78, \"width\": 375, \"height\": 500}, \"medium\": {\"ext\": \".png\", \"url\": \"/uploads/medium_1_1_1_a408739225.png\", \"hash\": \"medium_1_1_1_a408739225\", \"mime\": \"image/png\", \"name\": \"medium_1.1.1.png\", \"path\": null, \"size\": 281.59, \"width\": 563, \"height\": 750}, \"thumbnail\": {\"ext\": \".png\", \"url\": \"/uploads/thumbnail_1_1_1_a408739225.png\", \"hash\": \"thumbnail_1_1_1_a408739225\", \"mime\": \"image/png\", \"name\": \"thumbnail_1.1.1.png\", \"path\": null, \"size\": 15.05, \"width\": 117, \"height\": 156}}','1_1_1_a408739225','.png','image/png',287.11,'/uploads/1_1_1_a408739225.png',NULL,'local',NULL,'/','2024-02-02 12:00:32.167000','2024-02-02 12:00:32.167000',1,1),(72,'1.png',NULL,NULL,1183,1577,'{\"large\": {\"ext\": \".png\", \"url\": \"/uploads/large_1_3862e76d9f.png\", \"hash\": \"large_1_3862e76d9f\", \"mime\": \"image/png\", \"name\": \"large_1.png\", \"path\": null, \"size\": 454.44, \"width\": 750, \"height\": 1000}, \"small\": {\"ext\": \".png\", \"url\": \"/uploads/small_1_3862e76d9f.png\", \"hash\": \"small_1_3862e76d9f\", \"mime\": \"image/png\", \"name\": \"small_1.png\", \"path\": null, \"size\": 120.06, \"width\": 375, \"height\": 500}, \"medium\": {\"ext\": \".png\", \"url\": \"/uploads/medium_1_3862e76d9f.png\", \"hash\": \"medium_1_3862e76d9f\", \"mime\": \"image/png\", \"name\": \"medium_1.png\", \"path\": null, \"size\": 262.26, \"width\": 563, \"height\": 750}, \"thumbnail\": {\"ext\": \".png\", \"url\": \"/uploads/thumbnail_1_3862e76d9f.png\", \"hash\": \"thumbnail_1_3862e76d9f\", \"mime\": \"image/png\", \"name\": \"thumbnail_1.png\", \"path\": null, \"size\": 12.93, \"width\": 117, \"height\": 156}}','1_3862e76d9f','.png','image/png',319.38,'/uploads/1_3862e76d9f.png',NULL,'local',NULL,'/','2024-02-02 12:00:32.315000','2024-02-02 12:00:32.315000',1,1),(73,'1.1.png',NULL,NULL,1034,1551,'{\"large\": {\"ext\": \".png\", \"url\": \"/uploads/large_1_1_b3eed092a7.png\", \"hash\": \"large_1_1_b3eed092a7\", \"mime\": \"image/png\", \"name\": \"large_1.1.png\", \"path\": null, \"size\": 770.48, \"width\": 667, \"height\": 1000}, \"small\": {\"ext\": \".png\", \"url\": \"/uploads/small_1_1_b3eed092a7.png\", \"hash\": \"small_1_1_b3eed092a7\", \"mime\": \"image/png\", \"name\": \"small_1.1.png\", \"path\": null, \"size\": 211.7, \"width\": 333, \"height\": 500}, \"medium\": {\"ext\": \".png\", \"url\": \"/uploads/medium_1_1_b3eed092a7.png\", \"hash\": \"medium_1_1_b3eed092a7\", \"mime\": \"image/png\", \"name\": \"medium_1.1.png\", \"path\": null, \"size\": 451.06, \"width\": 500, \"height\": 750}, \"thumbnail\": {\"ext\": \".png\", \"url\": \"/uploads/thumbnail_1_1_b3eed092a7.png\", \"hash\": \"thumbnail_1_1_b3eed092a7\", \"mime\": \"image/png\", \"name\": \"thumbnail_1.1.png\", \"path\": null, \"size\": 25.63, \"width\": 104, \"height\": 156}}','1_1_b3eed092a7','.png','image/png',462.17,'/uploads/1_1_b3eed092a7.png',NULL,'local',NULL,'/','2024-02-02 12:00:32.532000','2024-02-02 12:00:32.532000',1,1),(74,'1.1.2.png',NULL,NULL,3456,4608,'{\"large\": {\"ext\": \".png\", \"url\": \"/uploads/large_1_1_2_1b730bf21b.png\", \"hash\": \"large_1_1_2_1b730bf21b\", \"mime\": \"image/png\", \"name\": \"large_1.1.2.png\", \"path\": null, \"size\": 302.34, \"width\": 750, \"height\": 1000}, \"small\": {\"ext\": \".png\", \"url\": \"/uploads/small_1_1_2_1b730bf21b.png\", \"hash\": \"small_1_1_2_1b730bf21b\", \"mime\": \"image/png\", \"name\": \"small_1.1.2.png\", \"path\": null, \"size\": 82.49, \"width\": 375, \"height\": 500}, \"medium\": {\"ext\": \".png\", \"url\": \"/uploads/medium_1_1_2_1b730bf21b.png\", \"hash\": \"medium_1_1_2_1b730bf21b\", \"mime\": \"image/png\", \"name\": \"medium_1.1.2.png\", \"path\": null, \"size\": 177.34, \"width\": 563, \"height\": 750}, \"thumbnail\": {\"ext\": \".png\", \"url\": \"/uploads/thumbnail_1_1_2_1b730bf21b.png\", \"hash\": \"thumbnail_1_1_2_1b730bf21b\", \"mime\": \"image/png\", \"name\": \"thumbnail_1.1.2.png\", \"path\": null, \"size\": 10.04, \"width\": 117, \"height\": 156}}','1_1_2_1b730bf21b','.png','image/png',1064.55,'/uploads/1_1_2_1b730bf21b.png',NULL,'local',NULL,'/','2024-02-02 12:00:33.954000','2024-02-02 12:00:33.954000',1,1),(75,'1.1.3.png',NULL,NULL,3456,4608,'{\"large\": {\"ext\": \".png\", \"url\": \"/uploads/large_1_1_3_fe08eee4d9.png\", \"hash\": \"large_1_1_3_fe08eee4d9\", \"mime\": \"image/png\", \"name\": \"large_1.1.3.png\", \"path\": null, \"size\": 486.51, \"width\": 750, \"height\": 1000}, \"small\": {\"ext\": \".png\", \"url\": \"/uploads/small_1_1_3_fe08eee4d9.png\", \"hash\": \"small_1_1_3_fe08eee4d9\", \"mime\": \"image/png\", \"name\": \"small_1.1.3.png\", \"path\": null, \"size\": 132.38, \"width\": 375, \"height\": 500}, \"medium\": {\"ext\": \".png\", \"url\": \"/uploads/medium_1_1_3_fe08eee4d9.png\", \"hash\": \"medium_1_1_3_fe08eee4d9\", \"mime\": \"image/png\", \"name\": \"medium_1.1.3.png\", \"path\": null, \"size\": 287.59, \"width\": 563, \"height\": 750}, \"thumbnail\": {\"ext\": \".png\", \"url\": \"/uploads/thumbnail_1_1_3_fe08eee4d9.png\", \"hash\": \"thumbnail_1_1_3_fe08eee4d9\", \"mime\": \"image/png\", \"name\": \"thumbnail_1.1.3.png\", \"path\": null, \"size\": 15.75, \"width\": 117, \"height\": 156}}','1_1_3_fe08eee4d9','.png','image/png',1685.01,'/uploads/1_1_3_fe08eee4d9.png',NULL,'local',NULL,'/','2024-02-02 12:00:35.173000','2024-02-02 12:00:35.173000',1,1),(76,'2.png',NULL,NULL,1333,1776,'{\"large\": {\"ext\": \".png\", \"url\": \"/uploads/large_2_674d0de19b.png\", \"hash\": \"large_2_674d0de19b\", \"mime\": \"image/png\", \"name\": \"large_2.png\", \"path\": null, \"size\": 378.62, \"width\": 751, \"height\": 1000}, \"small\": {\"ext\": \".png\", \"url\": \"/uploads/small_2_674d0de19b.png\", \"hash\": \"small_2_674d0de19b\", \"mime\": \"image/png\", \"name\": \"small_2.png\", \"path\": null, \"size\": 105.22, \"width\": 375, \"height\": 500}, \"medium\": {\"ext\": \".png\", \"url\": \"/uploads/medium_2_674d0de19b.png\", \"hash\": \"medium_2_674d0de19b\", \"mime\": \"image/png\", \"name\": \"medium_2.png\", \"path\": null, \"size\": 223.32, \"width\": 563, \"height\": 750}, \"thumbnail\": {\"ext\": \".png\", \"url\": \"/uploads/thumbnail_2_674d0de19b.png\", \"hash\": \"thumbnail_2_674d0de19b\", \"mime\": \"image/png\", \"name\": \"thumbnail_2.png\", \"path\": null, \"size\": 12.26, \"width\": 117, \"height\": 156}}','2_674d0de19b','.png','image/png',240.19,'/uploads/2_674d0de19b.png',NULL,'local',NULL,'/','2024-02-02 12:05:30.384000','2024-02-02 12:05:30.384000',1,1),(77,'2.1.png',NULL,NULL,1279,1706,'{\"large\": {\"ext\": \".png\", \"url\": \"/uploads/large_2_1_cc8d75dd4a.png\", \"hash\": \"large_2_1_cc8d75dd4a\", \"mime\": \"image/png\", \"name\": \"large_2.1.png\", \"path\": null, \"size\": 871.81, \"width\": 750, \"height\": 1000}, \"small\": {\"ext\": \".png\", \"url\": \"/uploads/small_2_1_cc8d75dd4a.png\", \"hash\": \"small_2_1_cc8d75dd4a\", \"mime\": \"image/png\", \"name\": \"small_2.1.png\", \"path\": null, \"size\": 254.56, \"width\": 375, \"height\": 500}, \"medium\": {\"ext\": \".png\", \"url\": \"/uploads/medium_2_1_cc8d75dd4a.png\", \"hash\": \"medium_2_1_cc8d75dd4a\", \"mime\": \"image/png\", \"name\": \"medium_2.1.png\", \"path\": null, \"size\": 520.75, \"width\": 562, \"height\": 750}, \"thumbnail\": {\"ext\": \".png\", \"url\": \"/uploads/thumbnail_2_1_cc8d75dd4a.png\", \"hash\": \"thumbnail_2_1_cc8d75dd4a\", \"mime\": \"image/png\", \"name\": \"thumbnail_2.1.png\", \"path\": null, \"size\": 32.23, \"width\": 117, \"height\": 156}}','2_1_cc8d75dd4a','.png','image/png',560.52,'/uploads/2_1_cc8d75dd4a.png',NULL,'local',NULL,'/','2024-02-02 12:05:30.798000','2024-02-02 12:05:44.654000',1,1),(78,'2.1.3.png',NULL,NULL,3456,4608,'{\"large\": {\"ext\": \".png\", \"url\": \"/uploads/large_2_1_3_0dc368c967.png\", \"hash\": \"large_2_1_3_0dc368c967\", \"mime\": \"image/png\", \"name\": \"large_2.1.3.png\", \"path\": null, \"size\": 295.4, \"width\": 750, \"height\": 1000}, \"small\": {\"ext\": \".png\", \"url\": \"/uploads/small_2_1_3_0dc368c967.png\", \"hash\": \"small_2_1_3_0dc368c967\", \"mime\": \"image/png\", \"name\": \"small_2.1.3.png\", \"path\": null, \"size\": 84.26, \"width\": 375, \"height\": 500}, \"medium\": {\"ext\": \".png\", \"url\": \"/uploads/medium_2_1_3_0dc368c967.png\", \"hash\": \"medium_2_1_3_0dc368c967\", \"mime\": \"image/png\", \"name\": \"medium_2.1.3.png\", \"path\": null, \"size\": 175.71, \"width\": 563, \"height\": 750}, \"thumbnail\": {\"ext\": \".png\", \"url\": \"/uploads/thumbnail_2_1_3_0dc368c967.png\", \"hash\": \"thumbnail_2_1_3_0dc368c967\", \"mime\": \"image/png\", \"name\": \"thumbnail_2.1.3.png\", \"path\": null, \"size\": 10.4, \"width\": 117, \"height\": 156}}','2_1_3_0dc368c967','.png','image/png',859.29,'/uploads/2_1_3_0dc368c967.png',NULL,'local',NULL,'/','2024-02-02 12:05:32.128000','2024-02-02 12:05:32.128000',1,1),(79,'2.1.1.png',NULL,NULL,3456,4608,'{\"large\": {\"ext\": \".png\", \"url\": \"/uploads/large_2_1_1_a1b1046961.png\", \"hash\": \"large_2_1_1_a1b1046961\", \"mime\": \"image/png\", \"name\": \"large_2.1.1.png\", \"path\": null, \"size\": 331.54, \"width\": 750, \"height\": 1000}, \"small\": {\"ext\": \".png\", \"url\": \"/uploads/small_2_1_1_a1b1046961.png\", \"hash\": \"small_2_1_1_a1b1046961\", \"mime\": \"image/png\", \"name\": \"small_2.1.1.png\", \"path\": null, \"size\": 93.45, \"width\": 375, \"height\": 500}, \"medium\": {\"ext\": \".png\", \"url\": \"/uploads/medium_2_1_1_a1b1046961.png\", \"hash\": \"medium_2_1_1_a1b1046961\", \"mime\": \"image/png\", \"name\": \"medium_2.1.1.png\", \"path\": null, \"size\": 196.14, \"width\": 563, \"height\": 750}, \"thumbnail\": {\"ext\": \".png\", \"url\": \"/uploads/thumbnail_2_1_1_a1b1046961.png\", \"hash\": \"thumbnail_2_1_1_a1b1046961\", \"mime\": \"image/png\", \"name\": \"thumbnail_2.1.1.png\", \"path\": null, \"size\": 11.51, \"width\": 117, \"height\": 156}}','2_1_1_a1b1046961','.png','image/png',991.10,'/uploads/2_1_1_a1b1046961.png',NULL,'local',NULL,'/','2024-02-02 12:05:32.512000','2024-02-02 12:05:32.512000',1,1),(80,'2.1.2.png',NULL,NULL,3456,4608,'{\"large\": {\"ext\": \".png\", \"url\": \"/uploads/large_2_1_2_c983112ac6.png\", \"hash\": \"large_2_1_2_c983112ac6\", \"mime\": \"image/png\", \"name\": \"large_2.1.2.png\", \"path\": null, \"size\": 431.39, \"width\": 750, \"height\": 1000}, \"small\": {\"ext\": \".png\", \"url\": \"/uploads/small_2_1_2_c983112ac6.png\", \"hash\": \"small_2_1_2_c983112ac6\", \"mime\": \"image/png\", \"name\": \"small_2.1.2.png\", \"path\": null, \"size\": 119.03, \"width\": 375, \"height\": 500}, \"medium\": {\"ext\": \".png\", \"url\": \"/uploads/medium_2_1_2_c983112ac6.png\", \"hash\": \"medium_2_1_2_c983112ac6\", \"mime\": \"image/png\", \"name\": \"medium_2.1.2.png\", \"path\": null, \"size\": 254.17, \"width\": 563, \"height\": 750}, \"thumbnail\": {\"ext\": \".png\", \"url\": \"/uploads/thumbnail_2_1_2_c983112ac6.png\", \"hash\": \"thumbnail_2_1_2_c983112ac6\", \"mime\": \"image/png\", \"name\": \"thumbnail_2.1.2.png\", \"path\": null, \"size\": 14.6, \"width\": 117, \"height\": 156}}','2_1_2_c983112ac6','.png','image/png',1352.81,'/uploads/2_1_2_c983112ac6.png',NULL,'local',NULL,'/','2024-02-02 12:05:33.373000','2024-02-02 12:05:33.373000',1,1),(81,'3.png',NULL,NULL,1332,1775,'{\"large\": {\"ext\": \".png\", \"url\": \"/uploads/large_3_83d9f8cc5c.png\", \"hash\": \"large_3_83d9f8cc5c\", \"mime\": \"image/png\", \"name\": \"large_3.png\", \"path\": null, \"size\": 465.77, \"width\": 750, \"height\": 1000}, \"small\": {\"ext\": \".png\", \"url\": \"/uploads/small_3_83d9f8cc5c.png\", \"hash\": \"small_3_83d9f8cc5c\", \"mime\": \"image/png\", \"name\": \"small_3.png\", \"path\": null, \"size\": 124.05, \"width\": 375, \"height\": 500}, \"medium\": {\"ext\": \".png\", \"url\": \"/uploads/medium_3_83d9f8cc5c.png\", \"hash\": \"medium_3_83d9f8cc5c\", \"mime\": \"image/png\", \"name\": \"medium_3.png\", \"path\": null, \"size\": 267.31, \"width\": 563, \"height\": 750}, \"thumbnail\": {\"ext\": \".png\", \"url\": \"/uploads/thumbnail_3_83d9f8cc5c.png\", \"hash\": \"thumbnail_3_83d9f8cc5c\", \"mime\": \"image/png\", \"name\": \"thumbnail_3.png\", \"path\": null, \"size\": 15.42, \"width\": 117, \"height\": 156}}','3_83d9f8cc5c','.png','image/png',342.88,'/uploads/3_83d9f8cc5c.png',NULL,'local',NULL,'/','2024-02-02 12:07:02.950000','2024-02-02 12:07:02.950000',1,1),(82,'3.1.png',NULL,NULL,1354,1805,'{\"large\": {\"ext\": \".png\", \"url\": \"/uploads/large_3_1_94ed5b77e6.png\", \"hash\": \"large_3_1_94ed5b77e6\", \"mime\": \"image/png\", \"name\": \"large_3.1.png\", \"path\": null, \"size\": 796.71, \"width\": 750, \"height\": 1000}, \"small\": {\"ext\": \".png\", \"url\": \"/uploads/small_3_1_94ed5b77e6.png\", \"hash\": \"small_3_1_94ed5b77e6\", \"mime\": \"image/png\", \"name\": \"small_3.1.png\", \"path\": null, \"size\": 228.45, \"width\": 375, \"height\": 500}, \"medium\": {\"ext\": \".png\", \"url\": \"/uploads/medium_3_1_94ed5b77e6.png\", \"hash\": \"medium_3_1_94ed5b77e6\", \"mime\": \"image/png\", \"name\": \"medium_3.1.png\", \"path\": null, \"size\": 474.09, \"width\": 563, \"height\": 750}, \"thumbnail\": {\"ext\": \".png\", \"url\": \"/uploads/thumbnail_3_1_94ed5b77e6.png\", \"hash\": \"thumbnail_3_1_94ed5b77e6\", \"mime\": \"image/png\", \"name\": \"thumbnail_3.1.png\", \"path\": null, \"size\": 29.12, \"width\": 117, \"height\": 156}}','3_1_94ed5b77e6','.png','image/png',570.89,'/uploads/3_1_94ed5b77e6.png',NULL,'local',NULL,'/','2024-02-02 12:07:03.136000','2024-02-02 12:07:03.136000',1,1),(83,'3.1.1.png',NULL,NULL,3456,4608,'{\"large\": {\"ext\": \".png\", \"url\": \"/uploads/large_3_1_1_b7f51b0cc2.png\", \"hash\": \"large_3_1_1_b7f51b0cc2\", \"mime\": \"image/png\", \"name\": \"large_3.1.1.png\", \"path\": null, \"size\": 200.56, \"width\": 750, \"height\": 1000}, \"small\": {\"ext\": \".png\", \"url\": \"/uploads/small_3_1_1_b7f51b0cc2.png\", \"hash\": \"small_3_1_1_b7f51b0cc2\", \"mime\": \"image/png\", \"name\": \"small_3.1.1.png\", \"path\": null, \"size\": 57.68, \"width\": 375, \"height\": 500}, \"medium\": {\"ext\": \".png\", \"url\": \"/uploads/medium_3_1_1_b7f51b0cc2.png\", \"hash\": \"medium_3_1_1_b7f51b0cc2\", \"mime\": \"image/png\", \"name\": \"medium_3.1.1.png\", \"path\": null, \"size\": 118.16, \"width\": 563, \"height\": 750}, \"thumbnail\": {\"ext\": \".png\", \"url\": \"/uploads/thumbnail_3_1_1_b7f51b0cc2.png\", \"hash\": \"thumbnail_3_1_1_b7f51b0cc2\", \"mime\": \"image/png\", \"name\": \"thumbnail_3.1.1.png\", \"path\": null, \"size\": 7.92, \"width\": 117, \"height\": 156}}','3_1_1_b7f51b0cc2','.png','image/png',692.66,'/uploads/3_1_1_b7f51b0cc2.png',NULL,'local',NULL,'/','2024-02-02 12:07:03.667000','2024-02-02 12:07:03.667000',1,1),(84,'3.1.3.png',NULL,NULL,3456,4608,'{\"large\": {\"ext\": \".png\", \"url\": \"/uploads/large_3_1_3_777da9676a.png\", \"hash\": \"large_3_1_3_777da9676a\", \"mime\": \"image/png\", \"name\": \"large_3.1.3.png\", \"path\": null, \"size\": 218.82, \"width\": 750, \"height\": 1000}, \"small\": {\"ext\": \".png\", \"url\": \"/uploads/small_3_1_3_777da9676a.png\", \"hash\": \"small_3_1_3_777da9676a\", \"mime\": \"image/png\", \"name\": \"small_3.1.3.png\", \"path\": null, \"size\": 63.46, \"width\": 375, \"height\": 500}, \"medium\": {\"ext\": \".png\", \"url\": \"/uploads/medium_3_1_3_777da9676a.png\", \"hash\": \"medium_3_1_3_777da9676a\", \"mime\": \"image/png\", \"name\": \"medium_3.1.3.png\", \"path\": null, \"size\": 130.75, \"width\": 563, \"height\": 750}, \"thumbnail\": {\"ext\": \".png\", \"url\": \"/uploads/thumbnail_3_1_3_777da9676a.png\", \"hash\": \"thumbnail_3_1_3_777da9676a\", \"mime\": \"image/png\", \"name\": \"thumbnail_3.1.3.png\", \"path\": null, \"size\": 9.21, \"width\": 117, \"height\": 156}}','3_1_3_777da9676a','.png','image/png',697.37,'/uploads/3_1_3_777da9676a.png',NULL,'local',NULL,'/','2024-02-02 12:07:04.166000','2024-02-02 12:07:04.166000',1,1),(85,'3.1.2.png',NULL,NULL,3456,4608,'{\"large\": {\"ext\": \".png\", \"url\": \"/uploads/large_3_1_2_f1e8b1c353.png\", \"hash\": \"large_3_1_2_f1e8b1c353\", \"mime\": \"image/png\", \"name\": \"large_3.1.2.png\", \"path\": null, \"size\": 426.43, \"width\": 750, \"height\": 1000}, \"small\": {\"ext\": \".png\", \"url\": \"/uploads/small_3_1_2_f1e8b1c353.png\", \"hash\": \"small_3_1_2_f1e8b1c353\", \"mime\": \"image/png\", \"name\": \"small_3.1.2.png\", \"path\": null, \"size\": 116.33, \"width\": 375, \"height\": 500}, \"medium\": {\"ext\": \".png\", \"url\": \"/uploads/medium_3_1_2_f1e8b1c353.png\", \"hash\": \"medium_3_1_2_f1e8b1c353\", \"mime\": \"image/png\", \"name\": \"medium_3.1.2.png\", \"path\": null, \"size\": 252.17, \"width\": 563, \"height\": 750}, \"thumbnail\": {\"ext\": \".png\", \"url\": \"/uploads/thumbnail_3_1_2_f1e8b1c353.png\", \"hash\": \"thumbnail_3_1_2_f1e8b1c353\", \"mime\": \"image/png\", \"name\": \"thumbnail_3.1.2.png\", \"path\": null, \"size\": 14.52, \"width\": 117, \"height\": 156}}','3_1_2_f1e8b1c353','.png','image/png',1421.57,'/uploads/3_1_2_f1e8b1c353.png',NULL,'local',NULL,'/','2024-02-02 12:07:04.601000','2024-02-02 12:07:04.601000',1,1),(86,'5.1.png',NULL,NULL,1327,1769,'{\"large\": {\"ext\": \".png\", \"url\": \"/uploads/large_5_1_13fda358aa.png\", \"hash\": \"large_5_1_13fda358aa\", \"mime\": \"image/png\", \"name\": \"large_5.1.png\", \"path\": null, \"size\": 869.87, \"width\": 750, \"height\": 1000}, \"small\": {\"ext\": \".png\", \"url\": \"/uploads/small_5_1_13fda358aa.png\", \"hash\": \"small_5_1_13fda358aa\", \"mime\": \"image/png\", \"name\": \"small_5.1.png\", \"path\": null, \"size\": 251.09, \"width\": 375, \"height\": 500}, \"medium\": {\"ext\": \".png\", \"url\": \"/uploads/medium_5_1_13fda358aa.png\", \"hash\": \"medium_5_1_13fda358aa\", \"mime\": \"image/png\", \"name\": \"medium_5.1.png\", \"path\": null, \"size\": 519.33, \"width\": 563, \"height\": 750}, \"thumbnail\": {\"ext\": \".png\", \"url\": \"/uploads/thumbnail_5_1_13fda358aa.png\", \"hash\": \"thumbnail_5_1_13fda358aa\", \"mime\": \"image/png\", \"name\": \"thumbnail_5.1.png\", \"path\": null, \"size\": 30.68, \"width\": 117, \"height\": 156}}','5_1_13fda358aa','.png','image/png',658.67,'/uploads/5_1_13fda358aa.png',NULL,'local',NULL,'/','2024-02-02 12:10:30.569000','2024-02-02 12:10:30.569000',1,1),(87,'5.png',NULL,NULL,1332,1774,'{\"large\": {\"ext\": \".png\", \"url\": \"/uploads/large_5_6f159156e5.png\", \"hash\": \"large_5_6f159156e5\", \"mime\": \"image/png\", \"name\": \"large_5.png\", \"path\": null, \"size\": 637.03, \"width\": 751, \"height\": 1000}, \"small\": {\"ext\": \".png\", \"url\": \"/uploads/small_5_6f159156e5.png\", \"hash\": \"small_5_6f159156e5\", \"mime\": \"image/png\", \"name\": \"small_5.png\", \"path\": null, \"size\": 165.38, \"width\": 375, \"height\": 500}, \"medium\": {\"ext\": \".png\", \"url\": \"/uploads/medium_5_6f159156e5.png\", \"hash\": \"medium_5_6f159156e5\", \"mime\": \"image/png\", \"name\": \"medium_5.png\", \"path\": null, \"size\": 364.16, \"width\": 563, \"height\": 750}, \"thumbnail\": {\"ext\": \".png\", \"url\": \"/uploads/thumbnail_5_6f159156e5.png\", \"hash\": \"thumbnail_5_6f159156e5\", \"mime\": \"image/png\", \"name\": \"thumbnail_5.png\", \"path\": null, \"size\": 17.95, \"width\": 117, \"height\": 156}}','5_6f159156e5','.png','image/png',503.59,'/uploads/5_6f159156e5.png',NULL,'local',NULL,'/','2024-02-02 12:10:30.767000','2024-02-02 12:10:30.767000',1,1),(88,'5.1.3.png',NULL,NULL,3456,4608,'{\"large\": {\"ext\": \".png\", \"url\": \"/uploads/large_5_1_3_27282449ba.png\", \"hash\": \"large_5_1_3_27282449ba\", \"mime\": \"image/png\", \"name\": \"large_5.1.3.png\", \"path\": null, \"size\": 283.57, \"width\": 750, \"height\": 1000}, \"small\": {\"ext\": \".png\", \"url\": \"/uploads/small_5_1_3_27282449ba.png\", \"hash\": \"small_5_1_3_27282449ba\", \"mime\": \"image/png\", \"name\": \"small_5.1.3.png\", \"path\": null, \"size\": 78.38, \"width\": 375, \"height\": 500}, \"medium\": {\"ext\": \".png\", \"url\": \"/uploads/medium_5_1_3_27282449ba.png\", \"hash\": \"medium_5_1_3_27282449ba\", \"mime\": \"image/png\", \"name\": \"medium_5.1.3.png\", \"path\": null, \"size\": 165.59, \"width\": 563, \"height\": 750}, \"thumbnail\": {\"ext\": \".png\", \"url\": \"/uploads/thumbnail_5_1_3_27282449ba.png\", \"hash\": \"thumbnail_5_1_3_27282449ba\", \"mime\": \"image/png\", \"name\": \"thumbnail_5.1.3.png\", \"path\": null, \"size\": 9.84, \"width\": 117, \"height\": 156}}','5_1_3_27282449ba','.png','image/png',1055.64,'/uploads/5_1_3_27282449ba.png',NULL,'local',NULL,'/','2024-02-02 12:10:32.593000','2024-02-02 12:10:32.593000',1,1),(89,'5.1.1.png',NULL,NULL,3456,4608,'{\"large\": {\"ext\": \".png\", \"url\": \"/uploads/large_5_1_1_38c4dc0035.png\", \"hash\": \"large_5_1_1_38c4dc0035\", \"mime\": \"image/png\", \"name\": \"large_5.1.1.png\", \"path\": null, \"size\": 265.71, \"width\": 750, \"height\": 1000}, \"small\": {\"ext\": \".png\", \"url\": \"/uploads/small_5_1_1_38c4dc0035.png\", \"hash\": \"small_5_1_1_38c4dc0035\", \"mime\": \"image/png\", \"name\": \"small_5.1.1.png\", \"path\": null, \"size\": 72.11, \"width\": 375, \"height\": 500}, \"medium\": {\"ext\": \".png\", \"url\": \"/uploads/medium_5_1_1_38c4dc0035.png\", \"hash\": \"medium_5_1_1_38c4dc0035\", \"mime\": \"image/png\", \"name\": \"medium_5.1.1.png\", \"path\": null, \"size\": 154.2, \"width\": 563, \"height\": 750}, \"thumbnail\": {\"ext\": \".png\", \"url\": \"/uploads/thumbnail_5_1_1_38c4dc0035.png\", \"hash\": \"thumbnail_5_1_1_38c4dc0035\", \"mime\": \"image/png\", \"name\": \"thumbnail_5.1.1.png\", \"path\": null, \"size\": 8.77, \"width\": 117, \"height\": 156}}','5_1_1_38c4dc0035','.png','image/png',1088.35,'/uploads/5_1_1_38c4dc0035.png',NULL,'local',NULL,'/','2024-02-02 12:10:32.812000','2024-02-02 12:11:08.003000',1,1),(90,'5.1.2.png',NULL,NULL,3456,4608,'{\"large\": {\"ext\": \".png\", \"url\": \"/uploads/large_5_1_2_df65ccd9d2.png\", \"hash\": \"large_5_1_2_df65ccd9d2\", \"mime\": \"image/png\", \"name\": \"large_5.1.2.png\", \"path\": null, \"size\": 484.23, \"width\": 750, \"height\": 1000}, \"small\": {\"ext\": \".png\", \"url\": \"/uploads/small_5_1_2_df65ccd9d2.png\", \"hash\": \"small_5_1_2_df65ccd9d2\", \"mime\": \"image/png\", \"name\": \"small_5.1.2.png\", \"path\": null, \"size\": 129.92, \"width\": 375, \"height\": 500}, \"medium\": {\"ext\": \".png\", \"url\": \"/uploads/medium_5_1_2_df65ccd9d2.png\", \"hash\": \"medium_5_1_2_df65ccd9d2\", \"mime\": \"image/png\", \"name\": \"medium_5.1.2.png\", \"path\": null, \"size\": 282.74, \"width\": 563, \"height\": 750}, \"thumbnail\": {\"ext\": \".png\", \"url\": \"/uploads/thumbnail_5_1_2_df65ccd9d2.png\", \"hash\": \"thumbnail_5_1_2_df65ccd9d2\", \"mime\": \"image/png\", \"name\": \"thumbnail_5.1.2.png\", \"path\": null, \"size\": 15.3, \"width\": 117, \"height\": 156}}','5_1_2_df65ccd9d2','.png','image/png',1850.07,'/uploads/5_1_2_df65ccd9d2.png',NULL,'local',NULL,'/','2024-02-02 12:10:34.932000','2024-02-02 12:10:34.932000',1,1),(91,'6.1.1.png',NULL,NULL,1183,1577,'{\"large\": {\"ext\": \".png\", \"url\": \"/uploads/large_6_1_1_79a8900a12.png\", \"hash\": \"large_6_1_1_79a8900a12\", \"mime\": \"image/png\", \"name\": \"large_6.1.1.png\", \"path\": null, \"size\": 488.93, \"width\": 750, \"height\": 1000}, \"small\": {\"ext\": \".png\", \"url\": \"/uploads/small_6_1_1_79a8900a12.png\", \"hash\": \"small_6_1_1_79a8900a12\", \"mime\": \"image/png\", \"name\": \"small_6.1.1.png\", \"path\": null, \"size\": 129.44, \"width\": 375, \"height\": 500}, \"medium\": {\"ext\": \".png\", \"url\": \"/uploads/medium_6_1_1_79a8900a12.png\", \"hash\": \"medium_6_1_1_79a8900a12\", \"mime\": \"image/png\", \"name\": \"medium_6.1.1.png\", \"path\": null, \"size\": 280.54, \"width\": 563, \"height\": 750}, \"thumbnail\": {\"ext\": \".png\", \"url\": \"/uploads/thumbnail_6_1_1_79a8900a12.png\", \"hash\": \"thumbnail_6_1_1_79a8900a12\", \"mime\": \"image/png\", \"name\": \"thumbnail_6.1.1.png\", \"path\": null, \"size\": 14.95, \"width\": 117, \"height\": 156}}','6_1_1_79a8900a12','.png','image/png',311.05,'/uploads/6_1_1_79a8900a12.png',NULL,'local',NULL,'/','2024-02-02 12:11:53.201000','2024-02-02 12:11:53.201000',1,1),(92,'6.png',NULL,NULL,1332,1775,'{\"large\": {\"ext\": \".png\", \"url\": \"/uploads/large_6_a9604832ce.png\", \"hash\": \"large_6_a9604832ce\", \"mime\": \"image/png\", \"name\": \"large_6.png\", \"path\": null, \"size\": 779.19, \"width\": 750, \"height\": 1000}, \"small\": {\"ext\": \".png\", \"url\": \"/uploads/small_6_a9604832ce.png\", \"hash\": \"small_6_a9604832ce\", \"mime\": \"image/png\", \"name\": \"small_6.png\", \"path\": null, \"size\": 203.02, \"width\": 375, \"height\": 500}, \"medium\": {\"ext\": \".png\", \"url\": \"/uploads/medium_6_a9604832ce.png\", \"hash\": \"medium_6_a9604832ce\", \"mime\": \"image/png\", \"name\": \"medium_6.png\", \"path\": null, \"size\": 444.21, \"width\": 563, \"height\": 750}, \"thumbnail\": {\"ext\": \".png\", \"url\": \"/uploads/thumbnail_6_a9604832ce.png\", \"hash\": \"thumbnail_6_a9604832ce\", \"mime\": \"image/png\", \"name\": \"thumbnail_6.png\", \"path\": null, \"size\": 22.13, \"width\": 117, \"height\": 156}}','6_a9604832ce','.png','image/png',611.11,'/uploads/6_a9604832ce.png',NULL,'local',NULL,'/','2024-02-02 12:11:54.248000','2024-02-02 12:11:54.248000',1,1),(93,'6.1.png',NULL,NULL,1329,1772,'{\"large\": {\"ext\": \".png\", \"url\": \"/uploads/large_6_1_073ce2e580.png\", \"hash\": \"large_6_1_073ce2e580\", \"mime\": \"image/png\", \"name\": \"large_6.1.png\", \"path\": null, \"size\": 857.9, \"width\": 750, \"height\": 1000}, \"small\": {\"ext\": \".png\", \"url\": \"/uploads/small_6_1_073ce2e580.png\", \"hash\": \"small_6_1_073ce2e580\", \"mime\": \"image/png\", \"name\": \"small_6.1.png\", \"path\": null, \"size\": 249.17, \"width\": 375, \"height\": 500}, \"medium\": {\"ext\": \".png\", \"url\": \"/uploads/medium_6_1_073ce2e580.png\", \"hash\": \"medium_6_1_073ce2e580\", \"mime\": \"image/png\", \"name\": \"medium_6.1.png\", \"path\": null, \"size\": 513.08, \"width\": 563, \"height\": 750}, \"thumbnail\": {\"ext\": \".png\", \"url\": \"/uploads/thumbnail_6_1_073ce2e580.png\", \"hash\": \"thumbnail_6_1_073ce2e580\", \"mime\": \"image/png\", \"name\": \"thumbnail_6.1.png\", \"path\": null, \"size\": 31, \"width\": 117, \"height\": 156}}','6_1_073ce2e580','.png','image/png',666.93,'/uploads/6_1_073ce2e580.png',NULL,'local',NULL,'/','2024-02-02 12:11:54.780000','2024-02-02 12:11:54.780000',1,1),(94,'6.1.3.png',NULL,NULL,3456,4608,'{\"large\": {\"ext\": \".png\", \"url\": \"/uploads/large_6_1_3_481587f9ff.png\", \"hash\": \"large_6_1_3_481587f9ff\", \"mime\": \"image/png\", \"name\": \"large_6.1.3.png\", \"path\": null, \"size\": 261.03, \"width\": 750, \"height\": 1000}, \"small\": {\"ext\": \".png\", \"url\": \"/uploads/small_6_1_3_481587f9ff.png\", \"hash\": \"small_6_1_3_481587f9ff\", \"mime\": \"image/png\", \"name\": \"small_6.1.3.png\", \"path\": null, \"size\": 71.04, \"width\": 375, \"height\": 500}, \"medium\": {\"ext\": \".png\", \"url\": \"/uploads/medium_6_1_3_481587f9ff.png\", \"hash\": \"medium_6_1_3_481587f9ff\", \"mime\": \"image/png\", \"name\": \"medium_6.1.3.png\", \"path\": null, \"size\": 151.86, \"width\": 563, \"height\": 750}, \"thumbnail\": {\"ext\": \".png\", \"url\": \"/uploads/thumbnail_6_1_3_481587f9ff.png\", \"hash\": \"thumbnail_6_1_3_481587f9ff\", \"mime\": \"image/png\", \"name\": \"thumbnail_6.1.3.png\", \"path\": null, \"size\": 8.85, \"width\": 117, \"height\": 156}}','6_1_3_481587f9ff','.png','image/png',1124.15,'/uploads/6_1_3_481587f9ff.png',NULL,'local',NULL,'/','2024-02-02 12:11:55.565000','2024-02-02 12:11:55.565000',1,1),(95,'6.1.2.png',NULL,NULL,3456,4608,'{\"large\": {\"ext\": \".png\", \"url\": \"/uploads/large_6_1_2_8dfcc50cc2.png\", \"hash\": \"large_6_1_2_8dfcc50cc2\", \"mime\": \"image/png\", \"name\": \"large_6.1.2.png\", \"path\": null, \"size\": 359.16, \"width\": 750, \"height\": 1000}, \"small\": {\"ext\": \".png\", \"url\": \"/uploads/small_6_1_2_8dfcc50cc2.png\", \"hash\": \"small_6_1_2_8dfcc50cc2\", \"mime\": \"image/png\", \"name\": \"small_6.1.2.png\", \"path\": null, \"size\": 96.68, \"width\": 375, \"height\": 500}, \"medium\": {\"ext\": \".png\", \"url\": \"/uploads/medium_6_1_2_8dfcc50cc2.png\", \"hash\": \"medium_6_1_2_8dfcc50cc2\", \"mime\": \"image/png\", \"name\": \"medium_6.1.2.png\", \"path\": null, \"size\": 210.52, \"width\": 563, \"height\": 750}, \"thumbnail\": {\"ext\": \".png\", \"url\": \"/uploads/thumbnail_6_1_2_8dfcc50cc2.png\", \"hash\": \"thumbnail_6_1_2_8dfcc50cc2\", \"mime\": \"image/png\", \"name\": \"thumbnail_6.1.2.png\", \"path\": null, \"size\": 11.9, \"width\": 117, \"height\": 156}}','6_1_2_8dfcc50cc2','.png','image/png',1377.32,'/uploads/6_1_2_8dfcc50cc2.png',NULL,'local',NULL,'/','2024-02-02 12:11:55.609000','2024-02-02 12:11:55.609000',1,1),(96,'8.1.png',NULL,NULL,1295,1727,'{\"large\": {\"ext\": \".png\", \"url\": \"/uploads/large_8_1_65862283d4.png\", \"hash\": \"large_8_1_65862283d4\", \"mime\": \"image/png\", \"name\": \"large_8.1.png\", \"path\": null, \"size\": 891.5, \"width\": 750, \"height\": 1000}, \"small\": {\"ext\": \".png\", \"url\": \"/uploads/small_8_1_65862283d4.png\", \"hash\": \"small_8_1_65862283d4\", \"mime\": \"image/png\", \"name\": \"small_8.1.png\", \"path\": null, \"size\": 255.94, \"width\": 375, \"height\": 500}, \"medium\": {\"ext\": \".png\", \"url\": \"/uploads/medium_8_1_65862283d4.png\", \"hash\": \"medium_8_1_65862283d4\", \"mime\": \"image/png\", \"name\": \"medium_8.1.png\", \"path\": null, \"size\": 529.75, \"width\": 562, \"height\": 750}, \"thumbnail\": {\"ext\": \".png\", \"url\": \"/uploads/thumbnail_8_1_65862283d4.png\", \"hash\": \"thumbnail_8_1_65862283d4\", \"mime\": \"image/png\", \"name\": \"thumbnail_8.1.png\", \"path\": null, \"size\": 31.99, \"width\": 117, \"height\": 156}}','8_1_65862283d4','.png','image/png',620.96,'/uploads/8_1_65862283d4.png',NULL,'local',NULL,'/','2024-02-02 12:13:09.974000','2024-02-02 12:13:09.974000',1,1),(97,'8.png',NULL,NULL,1332,1775,'{\"large\": {\"ext\": \".png\", \"url\": \"/uploads/large_8_f46c3c61c9.png\", \"hash\": \"large_8_f46c3c61c9\", \"mime\": \"image/png\", \"name\": \"large_8.png\", \"path\": null, \"size\": 682.75, \"width\": 750, \"height\": 1000}, \"small\": {\"ext\": \".png\", \"url\": \"/uploads/small_8_f46c3c61c9.png\", \"hash\": \"small_8_f46c3c61c9\", \"mime\": \"image/png\", \"name\": \"small_8.png\", \"path\": null, \"size\": 180.27, \"width\": 375, \"height\": 500}, \"medium\": {\"ext\": \".png\", \"url\": \"/uploads/medium_8_f46c3c61c9.png\", \"hash\": \"medium_8_f46c3c61c9\", \"mime\": \"image/png\", \"name\": \"medium_8.png\", \"path\": null, \"size\": 391.18, \"width\": 563, \"height\": 750}, \"thumbnail\": {\"ext\": \".png\", \"url\": \"/uploads/thumbnail_8_f46c3c61c9.png\", \"hash\": \"thumbnail_8_f46c3c61c9\", \"mime\": \"image/png\", \"name\": \"thumbnail_8.png\", \"path\": null, \"size\": 20.38, \"width\": 117, \"height\": 156}}','8_f46c3c61c9','.png','image/png',547.54,'/uploads/8_f46c3c61c9.png',NULL,'local',NULL,'/','2024-02-02 12:13:10.137000','2024-02-02 12:13:10.137000',1,1),(98,'8.1.2.png',NULL,NULL,3456,4608,'{\"large\": {\"ext\": \".png\", \"url\": \"/uploads/large_8_1_2_fbbb2e4dff.png\", \"hash\": \"large_8_1_2_fbbb2e4dff\", \"mime\": \"image/png\", \"name\": \"large_8.1.2.png\", \"path\": null, \"size\": 342.58, \"width\": 750, \"height\": 1000}, \"small\": {\"ext\": \".png\", \"url\": \"/uploads/small_8_1_2_fbbb2e4dff.png\", \"hash\": \"small_8_1_2_fbbb2e4dff\", \"mime\": \"image/png\", \"name\": \"small_8.1.2.png\", \"path\": null, \"size\": 92.4, \"width\": 375, \"height\": 500}, \"medium\": {\"ext\": \".png\", \"url\": \"/uploads/medium_8_1_2_fbbb2e4dff.png\", \"hash\": \"medium_8_1_2_fbbb2e4dff\", \"mime\": \"image/png\", \"name\": \"medium_8.1.2.png\", \"path\": null, \"size\": 201.15, \"width\": 563, \"height\": 750}, \"thumbnail\": {\"ext\": \".png\", \"url\": \"/uploads/thumbnail_8_1_2_fbbb2e4dff.png\", \"hash\": \"thumbnail_8_1_2_fbbb2e4dff\", \"mime\": \"image/png\", \"name\": \"thumbnail_8.1.2.png\", \"path\": null, \"size\": 11.53, \"width\": 117, \"height\": 156}}','8_1_2_fbbb2e4dff','.png','image/png',1191.94,'/uploads/8_1_2_fbbb2e4dff.png',NULL,'local',NULL,'/','2024-02-02 12:13:11.128000','2024-02-02 12:13:11.128000',1,1),(99,'8.1.1.png',NULL,NULL,3456,4608,'{\"large\": {\"ext\": \".png\", \"url\": \"/uploads/large_8_1_1_13d54e872b.png\", \"hash\": \"large_8_1_1_13d54e872b\", \"mime\": \"image/png\", \"name\": \"large_8.1.1.png\", \"path\": null, \"size\": 244.83, \"width\": 750, \"height\": 1000}, \"small\": {\"ext\": \".png\", \"url\": \"/uploads/small_8_1_1_13d54e872b.png\", \"hash\": \"small_8_1_1_13d54e872b\", \"mime\": \"image/png\", \"name\": \"small_8.1.1.png\", \"path\": null, \"size\": 66.52, \"width\": 375, \"height\": 500}, \"medium\": {\"ext\": \".png\", \"url\": \"/uploads/medium_8_1_1_13d54e872b.png\", \"hash\": \"medium_8_1_1_13d54e872b\", \"mime\": \"image/png\", \"name\": \"medium_8.1.1.png\", \"path\": null, \"size\": 144.01, \"width\": 563, \"height\": 750}, \"thumbnail\": {\"ext\": \".png\", \"url\": \"/uploads/thumbnail_8_1_1_13d54e872b.png\", \"hash\": \"thumbnail_8_1_1_13d54e872b\", \"mime\": \"image/png\", \"name\": \"thumbnail_8.1.1.png\", \"path\": null, \"size\": 8.53, \"width\": 117, \"height\": 156}}','8_1_1_13d54e872b','.png','image/png',904.98,'/uploads/8_1_1_13d54e872b.png',NULL,'local',NULL,'/','2024-02-02 12:13:11.333000','2024-02-02 12:13:11.333000',1,1),(100,'8.1.3.png',NULL,NULL,3456,4608,'{\"large\": {\"ext\": \".png\", \"url\": \"/uploads/large_8_1_3_ab5ba8f4a0.png\", \"hash\": \"large_8_1_3_ab5ba8f4a0\", \"mime\": \"image/png\", \"name\": \"large_8.1.3.png\", \"path\": null, \"size\": 255.13, \"width\": 750, \"height\": 1000}, \"small\": {\"ext\": \".png\", \"url\": \"/uploads/small_8_1_3_ab5ba8f4a0.png\", \"hash\": \"small_8_1_3_ab5ba8f4a0\", \"mime\": \"image/png\", \"name\": \"small_8.1.3.png\", \"path\": null, \"size\": 69.5, \"width\": 375, \"height\": 500}, \"medium\": {\"ext\": \".png\", \"url\": \"/uploads/medium_8_1_3_ab5ba8f4a0.png\", \"hash\": \"medium_8_1_3_ab5ba8f4a0\", \"mime\": \"image/png\", \"name\": \"medium_8.1.3.png\", \"path\": null, \"size\": 148.97, \"width\": 563, \"height\": 750}, \"thumbnail\": {\"ext\": \".png\", \"url\": \"/uploads/thumbnail_8_1_3_ab5ba8f4a0.png\", \"hash\": \"thumbnail_8_1_3_ab5ba8f4a0\", \"mime\": \"image/png\", \"name\": \"thumbnail_8.1.3.png\", \"path\": null, \"size\": 8.89, \"width\": 117, \"height\": 156}}','8_1_3_ab5ba8f4a0','.png','image/png',918.96,'/uploads/8_1_3_ab5ba8f4a0.png',NULL,'local',NULL,'/','2024-02-02 12:13:12.469000','2024-02-02 12:13:12.469000',1,1),(101,'13.1.png',NULL,NULL,1213,1617,'{\"large\": {\"ext\": \".png\", \"url\": \"/uploads/large_13_1_a3e65ad26a.png\", \"hash\": \"large_13_1_a3e65ad26a\", \"mime\": \"image/png\", \"name\": \"large_13.1.png\", \"path\": null, \"size\": 824.2, \"width\": 750, \"height\": 1000}, \"small\": {\"ext\": \".png\", \"url\": \"/uploads/small_13_1_a3e65ad26a.png\", \"hash\": \"small_13_1_a3e65ad26a\", \"mime\": \"image/png\", \"name\": \"small_13.1.png\", \"path\": null, \"size\": 233.68, \"width\": 375, \"height\": 500}, \"medium\": {\"ext\": \".png\", \"url\": \"/uploads/medium_13_1_a3e65ad26a.png\", \"hash\": \"medium_13_1_a3e65ad26a\", \"mime\": \"image/png\", \"name\": \"medium_13.1.png\", \"path\": null, \"size\": 487.05, \"width\": 563, \"height\": 750}, \"thumbnail\": {\"ext\": \".png\", \"url\": \"/uploads/thumbnail_13_1_a3e65ad26a.png\", \"hash\": \"thumbnail_13_1_a3e65ad26a\", \"mime\": \"image/png\", \"name\": \"thumbnail_13.1.png\", \"path\": null, \"size\": 28.45, \"width\": 117, \"height\": 156}}','13_1_a3e65ad26a','.png','image/png',497.96,'/uploads/13_1_a3e65ad26a.png',NULL,'local',NULL,'/','2024-02-02 12:15:24.896000','2024-02-02 12:15:24.896000',1,1),(102,'13.png',NULL,NULL,1343,1790,'{\"large\": {\"ext\": \".png\", \"url\": \"/uploads/large_13_12fdbf6644.png\", \"hash\": \"large_13_12fdbf6644\", \"mime\": \"image/png\", \"name\": \"large_13.png\", \"path\": null, \"size\": 520.06, \"width\": 750, \"height\": 1000}, \"small\": {\"ext\": \".png\", \"url\": \"/uploads/small_13_12fdbf6644.png\", \"hash\": \"small_13_12fdbf6644\", \"mime\": \"image/png\", \"name\": \"small_13.png\", \"path\": null, \"size\": 140.04, \"width\": 375, \"height\": 500}, \"medium\": {\"ext\": \".png\", \"url\": \"/uploads/medium_13_12fdbf6644.png\", \"hash\": \"medium_13_12fdbf6644\", \"mime\": \"image/png\", \"name\": \"medium_13.png\", \"path\": null, \"size\": 300.97, \"width\": 563, \"height\": 750}, \"thumbnail\": {\"ext\": \".png\", \"url\": \"/uploads/thumbnail_13_12fdbf6644.png\", \"hash\": \"thumbnail_13_12fdbf6644\", \"mime\": \"image/png\", \"name\": \"thumbnail_13.png\", \"path\": null, \"size\": 15.91, \"width\": 117, \"height\": 156}}','13_12fdbf6644','.png','image/png',362.62,'/uploads/13_12fdbf6644.png',NULL,'local',NULL,'/','2024-02-02 12:15:25.034000','2024-02-02 12:15:25.034000',1,1),(103,'13.1.1.png',NULL,NULL,3456,4608,'{\"large\": {\"ext\": \".png\", \"url\": \"/uploads/large_13_1_1_20b08e07e0.png\", \"hash\": \"large_13_1_1_20b08e07e0\", \"mime\": \"image/png\", \"name\": \"large_13.1.1.png\", \"path\": null, \"size\": 271.85, \"width\": 750, \"height\": 1000}, \"small\": {\"ext\": \".png\", \"url\": \"/uploads/small_13_1_1_20b08e07e0.png\", \"hash\": \"small_13_1_1_20b08e07e0\", \"mime\": \"image/png\", \"name\": \"small_13.1.1.png\", \"path\": null, \"size\": 75.72, \"width\": 375, \"height\": 500}, \"medium\": {\"ext\": \".png\", \"url\": \"/uploads/medium_13_1_1_20b08e07e0.png\", \"hash\": \"medium_13_1_1_20b08e07e0\", \"mime\": \"image/png\", \"name\": \"medium_13.1.1.png\", \"path\": null, \"size\": 158.94, \"width\": 563, \"height\": 750}, \"thumbnail\": {\"ext\": \".png\", \"url\": \"/uploads/thumbnail_13_1_1_20b08e07e0.png\", \"hash\": \"thumbnail_13_1_1_20b08e07e0\", \"mime\": \"image/png\", \"name\": \"thumbnail_13.1.1.png\", \"path\": null, \"size\": 9.18, \"width\": 117, \"height\": 156}}','13_1_1_20b08e07e0','.png','image/png',943.67,'/uploads/13_1_1_20b08e07e0.png',NULL,'local',NULL,'/','2024-02-02 12:15:26.709000','2024-02-02 12:15:26.709000',1,1),(104,'13.1.3.png',NULL,NULL,3456,4608,'{\"large\": {\"ext\": \".png\", \"url\": \"/uploads/large_13_1_3_0976db9574.png\", \"hash\": \"large_13_1_3_0976db9574\", \"mime\": \"image/png\", \"name\": \"large_13.1.3.png\", \"path\": null, \"size\": 290.15, \"width\": 750, \"height\": 1000}, \"small\": {\"ext\": \".png\", \"url\": \"/uploads/small_13_1_3_0976db9574.png\", \"hash\": \"small_13_1_3_0976db9574\", \"mime\": \"image/png\", \"name\": \"small_13.1.3.png\", \"path\": null, \"size\": 82.35, \"width\": 375, \"height\": 500}, \"medium\": {\"ext\": \".png\", \"url\": \"/uploads/medium_13_1_3_0976db9574.png\", \"hash\": \"medium_13_1_3_0976db9574\", \"mime\": \"image/png\", \"name\": \"medium_13.1.3.png\", \"path\": null, \"size\": 172.64, \"width\": 563, \"height\": 750}, \"thumbnail\": {\"ext\": \".png\", \"url\": \"/uploads/thumbnail_13_1_3_0976db9574.png\", \"hash\": \"thumbnail_13_1_3_0976db9574\", \"mime\": \"image/png\", \"name\": \"thumbnail_13.1.3.png\", \"path\": null, \"size\": 10.17, \"width\": 117, \"height\": 156}}','13_1_3_0976db9574','.png','image/png',940.66,'/uploads/13_1_3_0976db9574.png',NULL,'local',NULL,'/','2024-02-02 12:15:26.744000','2024-02-02 12:15:26.744000',1,1),(105,'13.1.2.png',NULL,NULL,3456,4608,'{\"large\": {\"ext\": \".png\", \"url\": \"/uploads/large_13_1_2_5971b51b8f.png\", \"hash\": \"large_13_1_2_5971b51b8f\", \"mime\": \"image/png\", \"name\": \"large_13.1.2.png\", \"path\": null, \"size\": 461.6, \"width\": 750, \"height\": 1000}, \"small\": {\"ext\": \".png\", \"url\": \"/uploads/small_13_1_2_5971b51b8f.png\", \"hash\": \"small_13_1_2_5971b51b8f\", \"mime\": \"image/png\", \"name\": \"small_13.1.2.png\", \"path\": null, \"size\": 124.93, \"width\": 375, \"height\": 500}, \"medium\": {\"ext\": \".png\", \"url\": \"/uploads/medium_13_1_2_5971b51b8f.png\", \"hash\": \"medium_13_1_2_5971b51b8f\", \"mime\": \"image/png\", \"name\": \"medium_13.1.2.png\", \"path\": null, \"size\": 270.65, \"width\": 563, \"height\": 750}, \"thumbnail\": {\"ext\": \".png\", \"url\": \"/uploads/thumbnail_13_1_2_5971b51b8f.png\", \"hash\": \"thumbnail_13_1_2_5971b51b8f\", \"mime\": \"image/png\", \"name\": \"thumbnail_13.1.2.png\", \"path\": null, \"size\": 15.01, \"width\": 117, \"height\": 156}}','13_1_2_5971b51b8f','.png','image/png',1556.34,'/uploads/13_1_2_5971b51b8f.png',NULL,'local',NULL,'/','2024-02-02 12:15:27.992000','2024-02-02 12:15:27.992000',1,1);
/*!40000 ALTER TABLE `files` ENABLE KEYS */;
UNLOCK TABLES;

--
-- Table structure for table `files_folder_links`
--

DROP TABLE IF EXISTS `files_folder_links`;
/*!40101 SET @saved_cs_client     = @@character_set_client */;
/*!50503 SET character_set_client = utf8mb4 */;
CREATE TABLE `files_folder_links` (
  `id` int unsigned NOT NULL AUTO_INCREMENT,
  `file_id` int unsigned DEFAULT NULL,
  `folder_id` int unsigned DEFAULT NULL,
  `file_order` double unsigned DEFAULT NULL,
  PRIMARY KEY (`id`),
  UNIQUE KEY `files_folder_links_unique` (`file_id`,`folder_id`),
  KEY `files_folder_links_fk` (`file_id`),
  KEY `files_folder_links_inv_fk` (`folder_id`),
  KEY `files_folder_links_order_inv_fk` (`file_order`),
  CONSTRAINT `files_folder_links_fk` FOREIGN KEY (`file_id`) REFERENCES `files` (`id`) ON DELETE CASCADE,
  CONSTRAINT `files_folder_links_inv_fk` FOREIGN KEY (`folder_id`) REFERENCES `upload_folders` (`id`) ON DELETE CASCADE
) ENGINE=InnoDB DEFAULT CHARSET=utf8mb4 COLLATE=utf8mb4_0900_ai_ci;
/*!40101 SET character_set_client = @saved_cs_client */;

--
-- Dumping data for table `files_folder_links`
--

LOCK TABLES `files_folder_links` WRITE;
/*!40000 ALTER TABLE `files_folder_links` DISABLE KEYS */;
/*!40000 ALTER TABLE `files_folder_links` ENABLE KEYS */;
UNLOCK TABLES;

--
-- Table structure for table `files_related_morphs`
--

DROP TABLE IF EXISTS `files_related_morphs`;
/*!40101 SET @saved_cs_client     = @@character_set_client */;
/*!50503 SET character_set_client = utf8mb4 */;
CREATE TABLE `files_related_morphs` (
  `id` int unsigned NOT NULL AUTO_INCREMENT,
  `file_id` int unsigned DEFAULT NULL,
  `related_id` int unsigned DEFAULT NULL,
  `related_type` varchar(255) DEFAULT NULL,
  `field` varchar(255) DEFAULT NULL,
  `order` double unsigned DEFAULT NULL,
  PRIMARY KEY (`id`),
  KEY `files_related_morphs_fk` (`file_id`),
  KEY `files_related_morphs_order_index` (`order`),
  KEY `files_related_morphs_id_column_index` (`related_id`),
  CONSTRAINT `files_related_morphs_fk` FOREIGN KEY (`file_id`) REFERENCES `files` (`id`) ON DELETE CASCADE
) ENGINE=InnoDB AUTO_INCREMENT=41 DEFAULT CHARSET=utf8mb4 COLLATE=utf8mb4_0900_ai_ci;
/*!40101 SET character_set_client = @saved_cs_client */;

--
-- Dumping data for table `files_related_morphs`
--

LOCK TABLES `files_related_morphs` WRITE;
/*!40000 ALTER TABLE `files_related_morphs` DISABLE KEYS */;
INSERT INTO `files_related_morphs` VALUES (1,70,1,'api::product.product','img',1),(2,60,1,'api::product.product','img2',1),(3,15,1,'api::product.product','white',1),(4,18,1,'api::product.product','black',1),(5,22,1,'api::product.product','wooden',1),(6,72,2,'api::product.product','img',1),(7,73,2,'api::product.product','img2',1),(8,71,2,'api::product.product','white',1),(9,74,2,'api::product.product','black',1),(10,75,2,'api::product.product','wooden',1),(11,76,3,'api::product.product','img',1),(12,77,3,'api::product.product','img2',1),(13,79,3,'api::product.product','white',1),(14,78,3,'api::product.product','black',1),(15,80,3,'api::product.product','wooden',1),(16,81,4,'api::product.product','img',1),(17,82,4,'api::product.product','img2',1),(18,83,4,'api::product.product','white',1),(19,84,4,'api::product.product','black',1),(20,85,4,'api::product.product','wooden',1),(21,87,5,'api::product.product','img',1),(22,86,5,'api::product.product','img2',1),(23,89,5,'api::product.product','white',1),(24,88,5,'api::product.product','black',1),(25,90,5,'api::product.product','wooden',1),(26,92,6,'api::product.product','img',1),(27,93,6,'api::product.product','img2',1),(28,91,6,'api::product.product','white',1),(29,94,6,'api::product.product','black',1),(30,95,6,'api::product.product','wooden',1),(31,97,7,'api::product.product','img',1),(32,96,7,'api::product.product','img2',1),(33,99,7,'api::product.product','white',1),(34,100,7,'api::product.product','black',1),(35,98,7,'api::product.product','wooden',1),(36,102,8,'api::product.product','img',1),(37,101,8,'api::product.product','img2',1),(38,103,8,'api::product.product','white',1),(39,104,8,'api::product.product','black',1),(40,105,8,'api::product.product','wooden',1);
/*!40000 ALTER TABLE `files_related_morphs` ENABLE KEYS */;
UNLOCK TABLES;

--
-- Table structure for table `i18n_locale`
--

DROP TABLE IF EXISTS `i18n_locale`;
/*!40101 SET @saved_cs_client     = @@character_set_client */;
/*!50503 SET character_set_client = utf8mb4 */;
CREATE TABLE `i18n_locale` (
  `id` int unsigned NOT NULL AUTO_INCREMENT,
  `name` varchar(255) DEFAULT NULL,
  `code` varchar(255) DEFAULT NULL,
  `created_at` datetime(6) DEFAULT NULL,
  `updated_at` datetime(6) DEFAULT NULL,
  `created_by_id` int unsigned DEFAULT NULL,
  `updated_by_id` int unsigned DEFAULT NULL,
  PRIMARY KEY (`id`),
  KEY `i18n_locale_created_by_id_fk` (`created_by_id`),
  KEY `i18n_locale_updated_by_id_fk` (`updated_by_id`),
  CONSTRAINT `i18n_locale_created_by_id_fk` FOREIGN KEY (`created_by_id`) REFERENCES `admin_users` (`id`) ON DELETE SET NULL,
  CONSTRAINT `i18n_locale_updated_by_id_fk` FOREIGN KEY (`updated_by_id`) REFERENCES `admin_users` (`id`) ON DELETE SET NULL
) ENGINE=InnoDB AUTO_INCREMENT=2 DEFAULT CHARSET=utf8mb4 COLLATE=utf8mb4_0900_ai_ci;
/*!40101 SET character_set_client = @saved_cs_client */;

--
-- Dumping data for table `i18n_locale`
--

LOCK TABLES `i18n_locale` WRITE;
/*!40000 ALTER TABLE `i18n_locale` DISABLE KEYS */;
INSERT INTO `i18n_locale` VALUES (1,'English (en)','en','2024-01-31 17:03:38.178000','2024-01-31 17:03:38.178000',NULL,NULL);
/*!40000 ALTER TABLE `i18n_locale` ENABLE KEYS */;
UNLOCK TABLES;

--
-- Table structure for table `orders`
--

DROP TABLE IF EXISTS `orders`;
/*!40101 SET @saved_cs_client     = @@character_set_client */;
/*!50503 SET character_set_client = utf8mb4 */;
CREATE TABLE `orders` (
  `id` int unsigned NOT NULL AUTO_INCREMENT,
  `stripe_id` longtext,
  `product` json DEFAULT NULL,
  `created_at` datetime(6) DEFAULT NULL,
  `updated_at` datetime(6) DEFAULT NULL,
  `published_at` datetime(6) DEFAULT NULL,
  `created_by_id` int unsigned DEFAULT NULL,
  `updated_by_id` int unsigned DEFAULT NULL,
  PRIMARY KEY (`id`),
  KEY `orders_created_by_id_fk` (`created_by_id`),
  KEY `orders_updated_by_id_fk` (`updated_by_id`),
  CONSTRAINT `orders_created_by_id_fk` FOREIGN KEY (`created_by_id`) REFERENCES `admin_users` (`id`) ON DELETE SET NULL,
  CONSTRAINT `orders_updated_by_id_fk` FOREIGN KEY (`updated_by_id`) REFERENCES `admin_users` (`id`) ON DELETE SET NULL
) ENGINE=InnoDB DEFAULT CHARSET=utf8mb4 COLLATE=utf8mb4_0900_ai_ci;
/*!40101 SET character_set_client = @saved_cs_client */;

--
-- Dumping data for table `orders`
--

LOCK TABLES `orders` WRITE;
/*!40000 ALTER TABLE `orders` DISABLE KEYS */;
/*!40000 ALTER TABLE `orders` ENABLE KEYS */;
UNLOCK TABLES;

--
-- Table structure for table `products`
--

DROP TABLE IF EXISTS `products`;
/*!40101 SET @saved_cs_client     = @@character_set_client */;
/*!50503 SET character_set_client = utf8mb4 */;
CREATE TABLE `products` (
  `id` int unsigned NOT NULL AUTO_INCREMENT,
  `title` varchar(255) DEFAULT NULL,
  `desc` varchar(255) DEFAULT NULL,
  `price` decimal(10,2) DEFAULT NULL,
  `size` varchar(255) DEFAULT NULL,
  `created_at` datetime(6) DEFAULT NULL,
  `updated_at` datetime(6) DEFAULT NULL,
  `published_at` datetime(6) DEFAULT NULL,
  `created_by_id` int unsigned DEFAULT NULL,
  `updated_by_id` int unsigned DEFAULT NULL,
  PRIMARY KEY (`id`),
  KEY `products_created_by_id_fk` (`created_by_id`),
  KEY `products_updated_by_id_fk` (`updated_by_id`),
  CONSTRAINT `products_created_by_id_fk` FOREIGN KEY (`created_by_id`) REFERENCES `admin_users` (`id`) ON DELETE SET NULL,
  CONSTRAINT `products_updated_by_id_fk` FOREIGN KEY (`updated_by_id`) REFERENCES `admin_users` (`id`) ON DELETE SET NULL
) ENGINE=InnoDB AUTO_INCREMENT=9 DEFAULT CHARSET=utf8mb4 COLLATE=utf8mb4_0900_ai_ci;
/*!40101 SET character_set_client = @saved_cs_client */;

--
-- Dumping data for table `products`
--

LOCK TABLES `products` WRITE;
/*!40000 ALTER TABLE `products` DISABLE KEYS */;
INSERT INTO `products` VALUES (1,'Flamingo attack','idkdikd',589.00,'20x78','2024-01-31 17:16:46.850000','2024-01-31 17:16:48.882000','2024-01-31 17:16:48.875000',1,1),(2,'Sun in the woods','The Sun in the Woods is a painting that depicts the natural beauty of a forest illuminated by the sun\'s rays. The painting captures the interplay of light and shadow, with the sun\'s warmth and brightness shining through the trees.',1580.00,'80x80','2024-02-02 12:01:31.196000','2024-02-02 12:01:32.022000','2024-02-02 12:01:32.018000',1,1),(3,'Far beyond the horizon','The painting depicts a sunset with hues of pink, orange, and purple. The colors blend seamlessly together, creating a soft and dreamy effect. ',999.00,'80x120','2024-02-02 12:06:39.849000','2024-02-02 12:06:40.660000','2024-02-02 12:06:40.658000',1,1),(4,'Chaos','The paint appears to be a mix of purple and blue tones, with varying shades and tones throughout. ',1799.00,'80x120','2024-02-02 12:08:01.742000','2024-02-02 12:08:02.573000','2024-02-02 12:08:02.569000',1,1),(5,'Beautiful sky','The painting portrays a sky filled with vibrant, swirling clouds in a variety of colors. The brushstrokes are loose and expressive, creating a sense of movement and energy in the sky.',999.00,'80x120','2024-02-02 12:11:24.628000','2024-02-02 12:11:25.233000','2024-02-02 12:11:25.231000',1,1),(6,'City view','The painting portrays a panoramic view of a bustling city on a bright and sunny day. The colors are warm and vibrant, with blue skies and golden sunlight reflecting off of the buildings. ',1999.00,'80x80','2024-02-02 12:12:33.023000','2024-02-02 12:12:33.837000','2024-02-02 12:12:33.834000',1,1),(7,'Quiet coast','The painting portrays a serene and tranquil coastal scene, with calm waters lapping at the shore. The colors are mostly cool and subdued, with hints of blue and green in the water and sky. ',1799.00,'80x80','2024-02-02 12:14:09.873000','2024-02-02 12:14:10.498000','2024-02-02 12:14:10.495000',1,1),(8,'Freckled woman','The painting depicts a young woman with hazel eyes and a smattering of freckles on her nose and cheeks. ',999.00,'80x120','2024-02-02 12:16:01.221000','2024-02-02 12:16:02.389000','2024-02-02 12:16:02.386000',1,1);
/*!40000 ALTER TABLE `products` ENABLE KEYS */;
UNLOCK TABLES;

--
-- Table structure for table `products_categories_links`
--

DROP TABLE IF EXISTS `products_categories_links`;
/*!40101 SET @saved_cs_client     = @@character_set_client */;
/*!50503 SET character_set_client = utf8mb4 */;
CREATE TABLE `products_categories_links` (
  `id` int unsigned NOT NULL AUTO_INCREMENT,
  `product_id` int unsigned DEFAULT NULL,
  `category_id` int unsigned DEFAULT NULL,
  `category_order` double unsigned DEFAULT NULL,
  `product_order` double unsigned DEFAULT NULL,
  PRIMARY KEY (`id`),
  UNIQUE KEY `products_categories_links_unique` (`product_id`,`category_id`),
  KEY `products_categories_links_fk` (`product_id`),
  KEY `products_categories_links_inv_fk` (`category_id`),
  KEY `products_categories_links_order_fk` (`category_order`),
  KEY `products_categories_links_order_inv_fk` (`product_order`),
  CONSTRAINT `products_categories_links_fk` FOREIGN KEY (`product_id`) REFERENCES `products` (`id`) ON DELETE CASCADE,
  CONSTRAINT `products_categories_links_inv_fk` FOREIGN KEY (`category_id`) REFERENCES `categories` (`id`) ON DELETE CASCADE
) ENGINE=InnoDB AUTO_INCREMENT=9 DEFAULT CHARSET=utf8mb4 COLLATE=utf8mb4_0900_ai_ci;
/*!40101 SET character_set_client = @saved_cs_client */;

--
-- Dumping data for table `products_categories_links`
--

LOCK TABLES `products_categories_links` WRITE;
/*!40000 ALTER TABLE `products_categories_links` DISABLE KEYS */;
INSERT INTO `products_categories_links` VALUES (1,1,1,0,1),(2,2,1,0,2),(3,3,1,0,3),(4,4,1,0,4),(5,5,1,0,5),(6,6,1,0,6),(7,7,1,0,7),(8,8,1,0,8);
/*!40000 ALTER TABLE `products_categories_links` ENABLE KEYS */;
UNLOCK TABLES;

--
-- Table structure for table `strapi_api_token_permissions`
--

DROP TABLE IF EXISTS `strapi_api_token_permissions`;
/*!40101 SET @saved_cs_client     = @@character_set_client */;
/*!50503 SET character_set_client = utf8mb4 */;
CREATE TABLE `strapi_api_token_permissions` (
  `id` int unsigned NOT NULL AUTO_INCREMENT,
  `action` varchar(255) DEFAULT NULL,
  `created_at` datetime(6) DEFAULT NULL,
  `updated_at` datetime(6) DEFAULT NULL,
  `created_by_id` int unsigned DEFAULT NULL,
  `updated_by_id` int unsigned DEFAULT NULL,
  PRIMARY KEY (`id`),
  KEY `strapi_api_token_permissions_created_by_id_fk` (`created_by_id`),
  KEY `strapi_api_token_permissions_updated_by_id_fk` (`updated_by_id`),
  CONSTRAINT `strapi_api_token_permissions_created_by_id_fk` FOREIGN KEY (`created_by_id`) REFERENCES `admin_users` (`id`) ON DELETE SET NULL,
  CONSTRAINT `strapi_api_token_permissions_updated_by_id_fk` FOREIGN KEY (`updated_by_id`) REFERENCES `admin_users` (`id`) ON DELETE SET NULL
) ENGINE=InnoDB DEFAULT CHARSET=utf8mb4 COLLATE=utf8mb4_0900_ai_ci;
/*!40101 SET character_set_client = @saved_cs_client */;

--
-- Dumping data for table `strapi_api_token_permissions`
--

LOCK TABLES `strapi_api_token_permissions` WRITE;
/*!40000 ALTER TABLE `strapi_api_token_permissions` DISABLE KEYS */;
/*!40000 ALTER TABLE `strapi_api_token_permissions` ENABLE KEYS */;
UNLOCK TABLES;

--
-- Table structure for table `strapi_api_token_permissions_token_links`
--

DROP TABLE IF EXISTS `strapi_api_token_permissions_token_links`;
/*!40101 SET @saved_cs_client     = @@character_set_client */;
/*!50503 SET character_set_client = utf8mb4 */;
CREATE TABLE `strapi_api_token_permissions_token_links` (
  `id` int unsigned NOT NULL AUTO_INCREMENT,
  `api_token_permission_id` int unsigned DEFAULT NULL,
  `api_token_id` int unsigned DEFAULT NULL,
  `api_token_permission_order` double unsigned DEFAULT NULL,
  PRIMARY KEY (`id`),
  UNIQUE KEY `strapi_api_token_permissions_token_links_unique` (`api_token_permission_id`,`api_token_id`),
  KEY `strapi_api_token_permissions_token_links_fk` (`api_token_permission_id`),
  KEY `strapi_api_token_permissions_token_links_inv_fk` (`api_token_id`),
  KEY `strapi_api_token_permissions_token_links_order_inv_fk` (`api_token_permission_order`),
  CONSTRAINT `strapi_api_token_permissions_token_links_fk` FOREIGN KEY (`api_token_permission_id`) REFERENCES `strapi_api_token_permissions` (`id`) ON DELETE CASCADE,
  CONSTRAINT `strapi_api_token_permissions_token_links_inv_fk` FOREIGN KEY (`api_token_id`) REFERENCES `strapi_api_tokens` (`id`) ON DELETE CASCADE
) ENGINE=InnoDB DEFAULT CHARSET=utf8mb4 COLLATE=utf8mb4_0900_ai_ci;
/*!40101 SET character_set_client = @saved_cs_client */;

--
-- Dumping data for table `strapi_api_token_permissions_token_links`
--

LOCK TABLES `strapi_api_token_permissions_token_links` WRITE;
/*!40000 ALTER TABLE `strapi_api_token_permissions_token_links` DISABLE KEYS */;
/*!40000 ALTER TABLE `strapi_api_token_permissions_token_links` ENABLE KEYS */;
UNLOCK TABLES;

--
-- Table structure for table `strapi_api_tokens`
--

DROP TABLE IF EXISTS `strapi_api_tokens`;
/*!40101 SET @saved_cs_client     = @@character_set_client */;
/*!50503 SET character_set_client = utf8mb4 */;
CREATE TABLE `strapi_api_tokens` (
  `id` int unsigned NOT NULL AUTO_INCREMENT,
  `name` varchar(255) DEFAULT NULL,
  `description` varchar(255) DEFAULT NULL,
  `type` varchar(255) DEFAULT NULL,
  `access_key` varchar(255) DEFAULT NULL,
  `last_used_at` datetime(6) DEFAULT NULL,
  `expires_at` datetime(6) DEFAULT NULL,
  `lifespan` bigint DEFAULT NULL,
  `created_at` datetime(6) DEFAULT NULL,
  `updated_at` datetime(6) DEFAULT NULL,
  `created_by_id` int unsigned DEFAULT NULL,
  `updated_by_id` int unsigned DEFAULT NULL,
  PRIMARY KEY (`id`),
  KEY `strapi_api_tokens_created_by_id_fk` (`created_by_id`),
  KEY `strapi_api_tokens_updated_by_id_fk` (`updated_by_id`),
  CONSTRAINT `strapi_api_tokens_created_by_id_fk` FOREIGN KEY (`created_by_id`) REFERENCES `admin_users` (`id`) ON DELETE SET NULL,
  CONSTRAINT `strapi_api_tokens_updated_by_id_fk` FOREIGN KEY (`updated_by_id`) REFERENCES `admin_users` (`id`) ON DELETE SET NULL
) ENGINE=InnoDB AUTO_INCREMENT=2 DEFAULT CHARSET=utf8mb4 COLLATE=utf8mb4_0900_ai_ci;
/*!40101 SET character_set_client = @saved_cs_client */;

--
-- Dumping data for table `strapi_api_tokens`
--

LOCK TABLES `strapi_api_tokens` WRITE;
/*!40000 ALTER TABLE `strapi_api_tokens` DISABLE KEYS */;
INSERT INTO `strapi_api_tokens` VALUES (1,'first','','full-access','1d03b34ba5f38658aa395496fd59917b636fab1f8ef4a4cc5547a08328c92c677492005192453edff56fb28fe44ef99132dd177fac9e31303df48c57db7ae735',NULL,NULL,NULL,'2024-01-31 17:10:17.110000','2024-01-31 17:10:17.110000',NULL,NULL);
/*!40000 ALTER TABLE `strapi_api_tokens` ENABLE KEYS */;
UNLOCK TABLES;

--
-- Table structure for table `strapi_core_store_settings`
--

DROP TABLE IF EXISTS `strapi_core_store_settings`;
/*!40101 SET @saved_cs_client     = @@character_set_client */;
/*!50503 SET character_set_client = utf8mb4 */;
CREATE TABLE `strapi_core_store_settings` (
  `id` int unsigned NOT NULL AUTO_INCREMENT,
  `key` varchar(255) DEFAULT NULL,
  `value` longtext,
  `type` varchar(255) DEFAULT NULL,
  `environment` varchar(255) DEFAULT NULL,
  `tag` varchar(255) DEFAULT NULL,
  PRIMARY KEY (`id`)
) ENGINE=InnoDB AUTO_INCREMENT=28 DEFAULT CHARSET=utf8mb4 COLLATE=utf8mb4_0900_ai_ci;
/*!40101 SET character_set_client = @saved_cs_client */;

--
-- Dumping data for table `strapi_core_store_settings`
--

LOCK TABLES `strapi_core_store_settings` WRITE;
/*!40000 ALTER TABLE `strapi_core_store_settings` DISABLE KEYS */;
INSERT INTO `strapi_core_store_settings` VALUES (1,'strapi_content_types_schema','{\"admin::permission\":{\"collectionName\":\"admin_permissions\",\"info\":{\"name\":\"Permission\",\"description\":\"\",\"singularName\":\"permission\",\"pluralName\":\"permissions\",\"displayName\":\"Permission\"},\"options\":{},\"pluginOptions\":{\"content-manager\":{\"visible\":false},\"content-type-builder\":{\"visible\":false}},\"attributes\":{\"action\":{\"type\":\"string\",\"minLength\":1,\"configurable\":false,\"required\":true},\"actionParameters\":{\"type\":\"json\",\"configurable\":false,\"required\":false,\"default\":{}},\"subject\":{\"type\":\"string\",\"minLength\":1,\"configurable\":false,\"required\":false},\"properties\":{\"type\":\"json\",\"configurable\":false,\"required\":false,\"default\":{}},\"conditions\":{\"type\":\"json\",\"configurable\":false,\"required\":false,\"default\":[]},\"role\":{\"configurable\":false,\"type\":\"relation\",\"relation\":\"manyToOne\",\"inversedBy\":\"permissions\",\"target\":\"admin::role\"},\"createdAt\":{\"type\":\"datetime\"},\"updatedAt\":{\"type\":\"datetime\"},\"createdBy\":{\"type\":\"relation\",\"relation\":\"oneToOne\",\"target\":\"admin::user\",\"configurable\":false,\"writable\":false,\"visible\":false,\"useJoinTable\":false,\"private\":true},\"updatedBy\":{\"type\":\"relation\",\"relation\":\"oneToOne\",\"target\":\"admin::user\",\"configurable\":false,\"writable\":false,\"visible\":false,\"useJoinTable\":false,\"private\":true}},\"kind\":\"collectionType\",\"__schema__\":{\"collectionName\":\"admin_permissions\",\"info\":{\"name\":\"Permission\",\"description\":\"\",\"singularName\":\"permission\",\"pluralName\":\"permissions\",\"displayName\":\"Permission\"},\"options\":{},\"pluginOptions\":{\"content-manager\":{\"visible\":false},\"content-type-builder\":{\"visible\":false}},\"attributes\":{\"action\":{\"type\":\"string\",\"minLength\":1,\"configurable\":false,\"required\":true},\"actionParameters\":{\"type\":\"json\",\"configurable\":false,\"required\":false,\"default\":{}},\"subject\":{\"type\":\"string\",\"minLength\":1,\"configurable\":false,\"required\":false},\"properties\":{\"type\":\"json\",\"configurable\":false,\"required\":false,\"default\":{}},\"conditions\":{\"type\":\"json\",\"configurable\":false,\"required\":false,\"default\":[]},\"role\":{\"configurable\":false,\"type\":\"relation\",\"relation\":\"manyToOne\",\"inversedBy\":\"permissions\",\"target\":\"admin::role\"}},\"kind\":\"collectionType\"},\"modelType\":\"contentType\",\"modelName\":\"permission\",\"connection\":\"default\",\"uid\":\"admin::permission\",\"plugin\":\"admin\",\"globalId\":\"AdminPermission\"},\"admin::user\":{\"collectionName\":\"admin_users\",\"info\":{\"name\":\"User\",\"description\":\"\",\"singularName\":\"user\",\"pluralName\":\"users\",\"displayName\":\"User\"},\"pluginOptions\":{\"content-manager\":{\"visible\":false},\"content-type-builder\":{\"visible\":false}},\"attributes\":{\"firstname\":{\"type\":\"string\",\"unique\":false,\"minLength\":1,\"configurable\":false,\"required\":false},\"lastname\":{\"type\":\"string\",\"unique\":false,\"minLength\":1,\"configurable\":false,\"required\":false},\"username\":{\"type\":\"string\",\"unique\":false,\"configurable\":false,\"required\":false},\"email\":{\"type\":\"email\",\"minLength\":6,\"configurable\":false,\"required\":true,\"unique\":true,\"private\":true},\"password\":{\"type\":\"password\",\"minLength\":6,\"configurable\":false,\"required\":false,\"private\":true,\"searchable\":false},\"resetPasswordToken\":{\"type\":\"string\",\"configurable\":false,\"private\":true,\"searchable\":false},\"registrationToken\":{\"type\":\"string\",\"configurable\":false,\"private\":true,\"searchable\":false},\"isActive\":{\"type\":\"boolean\",\"default\":false,\"configurable\":false,\"private\":true},\"roles\":{\"configurable\":false,\"private\":true,\"type\":\"relation\",\"relation\":\"manyToMany\",\"inversedBy\":\"users\",\"target\":\"admin::role\",\"collectionName\":\"strapi_users_roles\"},\"blocked\":{\"type\":\"boolean\",\"default\":false,\"configurable\":false,\"private\":true},\"preferedLanguage\":{\"type\":\"string\",\"configurable\":false,\"required\":false,\"searchable\":false},\"createdAt\":{\"type\":\"datetime\"},\"updatedAt\":{\"type\":\"datetime\"},\"createdBy\":{\"type\":\"relation\",\"relation\":\"oneToOne\",\"target\":\"admin::user\",\"configurable\":false,\"writable\":false,\"visible\":false,\"useJoinTable\":false,\"private\":true},\"updatedBy\":{\"type\":\"relation\",\"relation\":\"oneToOne\",\"target\":\"admin::user\",\"configurable\":false,\"writable\":false,\"visible\":false,\"useJoinTable\":false,\"private\":true}},\"config\":{\"attributes\":{\"resetPasswordToken\":{\"hidden\":true},\"registrationToken\":{\"hidden\":true}}},\"kind\":\"collectionType\",\"__schema__\":{\"collectionName\":\"admin_users\",\"info\":{\"name\":\"User\",\"description\":\"\",\"singularName\":\"user\",\"pluralName\":\"users\",\"displayName\":\"User\"},\"pluginOptions\":{\"content-manager\":{\"visible\":false},\"content-type-builder\":{\"visible\":false}},\"attributes\":{\"firstname\":{\"type\":\"string\",\"unique\":false,\"minLength\":1,\"configurable\":false,\"required\":false},\"lastname\":{\"type\":\"string\",\"unique\":false,\"minLength\":1,\"configurable\":false,\"required\":false},\"username\":{\"type\":\"string\",\"unique\":false,\"configurable\":false,\"required\":false},\"email\":{\"type\":\"email\",\"minLength\":6,\"configurable\":false,\"required\":true,\"unique\":true,\"private\":true},\"password\":{\"type\":\"password\",\"minLength\":6,\"configurable\":false,\"required\":false,\"private\":true,\"searchable\":false},\"resetPasswordToken\":{\"type\":\"string\",\"configurable\":false,\"private\":true,\"searchable\":false},\"registrationToken\":{\"type\":\"string\",\"configurable\":false,\"private\":true,\"searchable\":false},\"isActive\":{\"type\":\"boolean\",\"default\":false,\"configurable\":false,\"private\":true},\"roles\":{\"configurable\":false,\"private\":true,\"type\":\"relation\",\"relation\":\"manyToMany\",\"inversedBy\":\"users\",\"target\":\"admin::role\",\"collectionName\":\"strapi_users_roles\"},\"blocked\":{\"type\":\"boolean\",\"default\":false,\"configurable\":false,\"private\":true},\"preferedLanguage\":{\"type\":\"string\",\"configurable\":false,\"required\":false,\"searchable\":false}},\"kind\":\"collectionType\"},\"modelType\":\"contentType\",\"modelName\":\"user\",\"connection\":\"default\",\"uid\":\"admin::user\",\"plugin\":\"admin\",\"globalId\":\"AdminUser\"},\"admin::role\":{\"collectionName\":\"admin_roles\",\"info\":{\"name\":\"Role\",\"description\":\"\",\"singularName\":\"role\",\"pluralName\":\"roles\",\"displayName\":\"Role\"},\"options\":{},\"pluginOptions\":{\"content-manager\":{\"visible\":false},\"content-type-builder\":{\"visible\":false}},\"attributes\":{\"name\":{\"type\":\"string\",\"minLength\":1,\"unique\":true,\"configurable\":false,\"required\":true},\"code\":{\"type\":\"string\",\"minLength\":1,\"unique\":true,\"configurable\":false,\"required\":true},\"description\":{\"type\":\"string\",\"configurable\":false},\"users\":{\"configurable\":false,\"type\":\"relation\",\"relation\":\"manyToMany\",\"mappedBy\":\"roles\",\"target\":\"admin::user\"},\"permissions\":{\"configurable\":false,\"type\":\"relation\",\"relation\":\"oneToMany\",\"mappedBy\":\"role\",\"target\":\"admin::permission\"},\"createdAt\":{\"type\":\"datetime\"},\"updatedAt\":{\"type\":\"datetime\"},\"createdBy\":{\"type\":\"relation\",\"relation\":\"oneToOne\",\"target\":\"admin::user\",\"configurable\":false,\"writable\":false,\"visible\":false,\"useJoinTable\":false,\"private\":true},\"updatedBy\":{\"type\":\"relation\",\"relation\":\"oneToOne\",\"target\":\"admin::user\",\"configurable\":false,\"writable\":false,\"visible\":false,\"useJoinTable\":false,\"private\":true}},\"kind\":\"collectionType\",\"__schema__\":{\"collectionName\":\"admin_roles\",\"info\":{\"name\":\"Role\",\"description\":\"\",\"singularName\":\"role\",\"pluralName\":\"roles\",\"displayName\":\"Role\"},\"options\":{},\"pluginOptions\":{\"content-manager\":{\"visible\":false},\"content-type-builder\":{\"visible\":false}},\"attributes\":{\"name\":{\"type\":\"string\",\"minLength\":1,\"unique\":true,\"configurable\":false,\"required\":true},\"code\":{\"type\":\"string\",\"minLength\":1,\"unique\":true,\"configurable\":false,\"required\":true},\"description\":{\"type\":\"string\",\"configurable\":false},\"users\":{\"configurable\":false,\"type\":\"relation\",\"relation\":\"manyToMany\",\"mappedBy\":\"roles\",\"target\":\"admin::user\"},\"permissions\":{\"configurable\":false,\"type\":\"relation\",\"relation\":\"oneToMany\",\"mappedBy\":\"role\",\"target\":\"admin::permission\"}},\"kind\":\"collectionType\"},\"modelType\":\"contentType\",\"modelName\":\"role\",\"connection\":\"default\",\"uid\":\"admin::role\",\"plugin\":\"admin\",\"globalId\":\"AdminRole\"},\"admin::api-token\":{\"collectionName\":\"strapi_api_tokens\",\"info\":{\"name\":\"Api Token\",\"singularName\":\"api-token\",\"pluralName\":\"api-tokens\",\"displayName\":\"Api Token\",\"description\":\"\"},\"options\":{},\"pluginOptions\":{\"content-manager\":{\"visible\":false},\"content-type-builder\":{\"visible\":false}},\"attributes\":{\"name\":{\"type\":\"string\",\"minLength\":1,\"configurable\":false,\"required\":true,\"unique\":true},\"description\":{\"type\":\"string\",\"minLength\":1,\"configurable\":false,\"required\":false,\"default\":\"\"},\"type\":{\"type\":\"enumeration\",\"enum\":[\"read-only\",\"full-access\",\"custom\"],\"configurable\":false,\"required\":true,\"default\":\"read-only\"},\"accessKey\":{\"type\":\"string\",\"minLength\":1,\"configurable\":false,\"required\":true,\"searchable\":false},\"lastUsedAt\":{\"type\":\"datetime\",\"configurable\":false,\"required\":false},\"permissions\":{\"type\":\"relation\",\"target\":\"admin::api-token-permission\",\"relation\":\"oneToMany\",\"mappedBy\":\"token\",\"configurable\":false,\"required\":false},\"expiresAt\":{\"type\":\"datetime\",\"configurable\":false,\"required\":false},\"lifespan\":{\"type\":\"biginteger\",\"configurable\":false,\"required\":false},\"createdAt\":{\"type\":\"datetime\"},\"updatedAt\":{\"type\":\"datetime\"},\"createdBy\":{\"type\":\"relation\",\"relation\":\"oneToOne\",\"target\":\"admin::user\",\"configurable\":false,\"writable\":false,\"visible\":false,\"useJoinTable\":false,\"private\":true},\"updatedBy\":{\"type\":\"relation\",\"relation\":\"oneToOne\",\"target\":\"admin::user\",\"configurable\":false,\"writable\":false,\"visible\":false,\"useJoinTable\":false,\"private\":true}},\"kind\":\"collectionType\",\"__schema__\":{\"collectionName\":\"strapi_api_tokens\",\"info\":{\"name\":\"Api Token\",\"singularName\":\"api-token\",\"pluralName\":\"api-tokens\",\"displayName\":\"Api Token\",\"description\":\"\"},\"options\":{},\"pluginOptions\":{\"content-manager\":{\"visible\":false},\"content-type-builder\":{\"visible\":false}},\"attributes\":{\"name\":{\"type\":\"string\",\"minLength\":1,\"configurable\":false,\"required\":true,\"unique\":true},\"description\":{\"type\":\"string\",\"minLength\":1,\"configurable\":false,\"required\":false,\"default\":\"\"},\"type\":{\"type\":\"enumeration\",\"enum\":[\"read-only\",\"full-access\",\"custom\"],\"configurable\":false,\"required\":true,\"default\":\"read-only\"},\"accessKey\":{\"type\":\"string\",\"minLength\":1,\"configurable\":false,\"required\":true,\"searchable\":false},\"lastUsedAt\":{\"type\":\"datetime\",\"configurable\":false,\"required\":false},\"permissions\":{\"type\":\"relation\",\"target\":\"admin::api-token-permission\",\"relation\":\"oneToMany\",\"mappedBy\":\"token\",\"configurable\":false,\"required\":false},\"expiresAt\":{\"type\":\"datetime\",\"configurable\":false,\"required\":false},\"lifespan\":{\"type\":\"biginteger\",\"configurable\":false,\"required\":false}},\"kind\":\"collectionType\"},\"modelType\":\"contentType\",\"modelName\":\"api-token\",\"connection\":\"default\",\"uid\":\"admin::api-token\",\"plugin\":\"admin\",\"globalId\":\"AdminApiToken\"},\"admin::api-token-permission\":{\"collectionName\":\"strapi_api_token_permissions\",\"info\":{\"name\":\"API Token Permission\",\"description\":\"\",\"singularName\":\"api-token-permission\",\"pluralName\":\"api-token-permissions\",\"displayName\":\"API Token Permission\"},\"options\":{},\"pluginOptions\":{\"content-manager\":{\"visible\":false},\"content-type-builder\":{\"visible\":false}},\"attributes\":{\"action\":{\"type\":\"string\",\"minLength\":1,\"configurable\":false,\"required\":true},\"token\":{\"configurable\":false,\"type\":\"relation\",\"relation\":\"manyToOne\",\"inversedBy\":\"permissions\",\"target\":\"admin::api-token\"},\"createdAt\":{\"type\":\"datetime\"},\"updatedAt\":{\"type\":\"datetime\"},\"createdBy\":{\"type\":\"relation\",\"relation\":\"oneToOne\",\"target\":\"admin::user\",\"configurable\":false,\"writable\":false,\"visible\":false,\"useJoinTable\":false,\"private\":true},\"updatedBy\":{\"type\":\"relation\",\"relation\":\"oneToOne\",\"target\":\"admin::user\",\"configurable\":false,\"writable\":false,\"visible\":false,\"useJoinTable\":false,\"private\":true}},\"kind\":\"collectionType\",\"__schema__\":{\"collectionName\":\"strapi_api_token_permissions\",\"info\":{\"name\":\"API Token Permission\",\"description\":\"\",\"singularName\":\"api-token-permission\",\"pluralName\":\"api-token-permissions\",\"displayName\":\"API Token Permission\"},\"options\":{},\"pluginOptions\":{\"content-manager\":{\"visible\":false},\"content-type-builder\":{\"visible\":false}},\"attributes\":{\"action\":{\"type\":\"string\",\"minLength\":1,\"configurable\":false,\"required\":true},\"token\":{\"configurable\":false,\"type\":\"relation\",\"relation\":\"manyToOne\",\"inversedBy\":\"permissions\",\"target\":\"admin::api-token\"}},\"kind\":\"collectionType\"},\"modelType\":\"contentType\",\"modelName\":\"api-token-permission\",\"connection\":\"default\",\"uid\":\"admin::api-token-permission\",\"plugin\":\"admin\",\"globalId\":\"AdminApiTokenPermission\"},\"admin::transfer-token\":{\"collectionName\":\"strapi_transfer_tokens\",\"info\":{\"name\":\"Transfer Token\",\"singularName\":\"transfer-token\",\"pluralName\":\"transfer-tokens\",\"displayName\":\"Transfer Token\",\"description\":\"\"},\"options\":{},\"pluginOptions\":{\"content-manager\":{\"visible\":false},\"content-type-builder\":{\"visible\":false}},\"attributes\":{\"name\":{\"type\":\"string\",\"minLength\":1,\"configurable\":false,\"required\":true,\"unique\":true},\"description\":{\"type\":\"string\",\"minLength\":1,\"configurable\":false,\"required\":false,\"default\":\"\"},\"accessKey\":{\"type\":\"string\",\"minLength\":1,\"configurable\":false,\"required\":true},\"lastUsedAt\":{\"type\":\"datetime\",\"configurable\":false,\"required\":false},\"permissions\":{\"type\":\"relation\",\"target\":\"admin::transfer-token-permission\",\"relation\":\"oneToMany\",\"mappedBy\":\"token\",\"configurable\":false,\"required\":false},\"expiresAt\":{\"type\":\"datetime\",\"configurable\":false,\"required\":false},\"lifespan\":{\"type\":\"biginteger\",\"configurable\":false,\"required\":false},\"createdAt\":{\"type\":\"datetime\"},\"updatedAt\":{\"type\":\"datetime\"},\"createdBy\":{\"type\":\"relation\",\"relation\":\"oneToOne\",\"target\":\"admin::user\",\"configurable\":false,\"writable\":false,\"visible\":false,\"useJoinTable\":false,\"private\":true},\"updatedBy\":{\"type\":\"relation\",\"relation\":\"oneToOne\",\"target\":\"admin::user\",\"configurable\":false,\"writable\":false,\"visible\":false,\"useJoinTable\":false,\"private\":true}},\"kind\":\"collectionType\",\"__schema__\":{\"collectionName\":\"strapi_transfer_tokens\",\"info\":{\"name\":\"Transfer Token\",\"singularName\":\"transfer-token\",\"pluralName\":\"transfer-tokens\",\"displayName\":\"Transfer Token\",\"description\":\"\"},\"options\":{},\"pluginOptions\":{\"content-manager\":{\"visible\":false},\"content-type-builder\":{\"visible\":false}},\"attributes\":{\"name\":{\"type\":\"string\",\"minLength\":1,\"configurable\":false,\"required\":true,\"unique\":true},\"description\":{\"type\":\"string\",\"minLength\":1,\"configurable\":false,\"required\":false,\"default\":\"\"},\"accessKey\":{\"type\":\"string\",\"minLength\":1,\"configurable\":false,\"required\":true},\"lastUsedAt\":{\"type\":\"datetime\",\"configurable\":false,\"required\":false},\"permissions\":{\"type\":\"relation\",\"target\":\"admin::transfer-token-permission\",\"relation\":\"oneToMany\",\"mappedBy\":\"token\",\"configurable\":false,\"required\":false},\"expiresAt\":{\"type\":\"datetime\",\"configurable\":false,\"required\":false},\"lifespan\":{\"type\":\"biginteger\",\"configurable\":false,\"required\":false}},\"kind\":\"collectionType\"},\"modelType\":\"contentType\",\"modelName\":\"transfer-token\",\"connection\":\"default\",\"uid\":\"admin::transfer-token\",\"plugin\":\"admin\",\"globalId\":\"AdminTransferToken\"},\"admin::transfer-token-permission\":{\"collectionName\":\"strapi_transfer_token_permissions\",\"info\":{\"name\":\"Transfer Token Permission\",\"description\":\"\",\"singularName\":\"transfer-token-permission\",\"pluralName\":\"transfer-token-permissions\",\"displayName\":\"Transfer Token Permission\"},\"options\":{},\"pluginOptions\":{\"content-manager\":{\"visible\":false},\"content-type-builder\":{\"visible\":false}},\"attributes\":{\"action\":{\"type\":\"string\",\"minLength\":1,\"configurable\":false,\"required\":true},\"token\":{\"configurable\":false,\"type\":\"relation\",\"relation\":\"manyToOne\",\"inversedBy\":\"permissions\",\"target\":\"admin::transfer-token\"},\"createdAt\":{\"type\":\"datetime\"},\"updatedAt\":{\"type\":\"datetime\"},\"createdBy\":{\"type\":\"relation\",\"relation\":\"oneToOne\",\"target\":\"admin::user\",\"configurable\":false,\"writable\":false,\"visible\":false,\"useJoinTable\":false,\"private\":true},\"updatedBy\":{\"type\":\"relation\",\"relation\":\"oneToOne\",\"target\":\"admin::user\",\"configurable\":false,\"writable\":false,\"visible\":false,\"useJoinTable\":false,\"private\":true}},\"kind\":\"collectionType\",\"__schema__\":{\"collectionName\":\"strapi_transfer_token_permissions\",\"info\":{\"name\":\"Transfer Token Permission\",\"description\":\"\",\"singularName\":\"transfer-token-permission\",\"pluralName\":\"transfer-token-permissions\",\"displayName\":\"Transfer Token Permission\"},\"options\":{},\"pluginOptions\":{\"content-manager\":{\"visible\":false},\"content-type-builder\":{\"visible\":false}},\"attributes\":{\"action\":{\"type\":\"string\",\"minLength\":1,\"configurable\":false,\"required\":true},\"token\":{\"configurable\":false,\"type\":\"relation\",\"relation\":\"manyToOne\",\"inversedBy\":\"permissions\",\"target\":\"admin::transfer-token\"}},\"kind\":\"collectionType\"},\"modelType\":\"contentType\",\"modelName\":\"transfer-token-permission\",\"connection\":\"default\",\"uid\":\"admin::transfer-token-permission\",\"plugin\":\"admin\",\"globalId\":\"AdminTransferTokenPermission\"},\"plugin::upload.file\":{\"collectionName\":\"files\",\"info\":{\"singularName\":\"file\",\"pluralName\":\"files\",\"displayName\":\"File\",\"description\":\"\"},\"options\":{},\"pluginOptions\":{\"content-manager\":{\"visible\":false},\"content-type-builder\":{\"visible\":false}},\"attributes\":{\"name\":{\"type\":\"string\",\"configurable\":false,\"required\":true},\"alternativeText\":{\"type\":\"string\",\"configurable\":false},\"caption\":{\"type\":\"string\",\"configurable\":false},\"width\":{\"type\":\"integer\",\"configurable\":false},\"height\":{\"type\":\"integer\",\"configurable\":false},\"formats\":{\"type\":\"json\",\"configurable\":false},\"hash\":{\"type\":\"string\",\"configurable\":false,\"required\":true},\"ext\":{\"type\":\"string\",\"configurable\":false},\"mime\":{\"type\":\"string\",\"configurable\":false,\"required\":true},\"size\":{\"type\":\"decimal\",\"configurable\":false,\"required\":true},\"url\":{\"type\":\"string\",\"configurable\":false,\"required\":true},\"previewUrl\":{\"type\":\"string\",\"configurable\":false},\"provider\":{\"type\":\"string\",\"configurable\":false,\"required\":true},\"provider_metadata\":{\"type\":\"json\",\"configurable\":false},\"related\":{\"type\":\"relation\",\"relation\":\"morphToMany\",\"configurable\":false},\"folder\":{\"type\":\"relation\",\"relation\":\"manyToOne\",\"target\":\"plugin::upload.folder\",\"inversedBy\":\"files\",\"private\":true},\"folderPath\":{\"type\":\"string\",\"min\":1,\"required\":true,\"private\":true,\"searchable\":false},\"createdAt\":{\"type\":\"datetime\"},\"updatedAt\":{\"type\":\"datetime\"},\"createdBy\":{\"type\":\"relation\",\"relation\":\"oneToOne\",\"target\":\"admin::user\",\"configurable\":false,\"writable\":false,\"visible\":false,\"useJoinTable\":false,\"private\":true},\"updatedBy\":{\"type\":\"relation\",\"relation\":\"oneToOne\",\"target\":\"admin::user\",\"configurable\":false,\"writable\":false,\"visible\":false,\"useJoinTable\":false,\"private\":true}},\"indexes\":[{\"name\":\"upload_files_folder_path_index\",\"columns\":[\"folder_path\"],\"type\":null},{\"name\":\"upload_files_created_at_index\",\"columns\":[\"created_at\"],\"type\":null},{\"name\":\"upload_files_updated_at_index\",\"columns\":[\"updated_at\"],\"type\":null},{\"name\":\"upload_files_name_index\",\"columns\":[\"name\"],\"type\":null},{\"name\":\"upload_files_size_index\",\"columns\":[\"size\"],\"type\":null},{\"name\":\"upload_files_ext_index\",\"columns\":[\"ext\"],\"type\":null}],\"kind\":\"collectionType\",\"__schema__\":{\"collectionName\":\"files\",\"info\":{\"singularName\":\"file\",\"pluralName\":\"files\",\"displayName\":\"File\",\"description\":\"\"},\"options\":{},\"pluginOptions\":{\"content-manager\":{\"visible\":false},\"content-type-builder\":{\"visible\":false}},\"attributes\":{\"name\":{\"type\":\"string\",\"configurable\":false,\"required\":true},\"alternativeText\":{\"type\":\"string\",\"configurable\":false},\"caption\":{\"type\":\"string\",\"configurable\":false},\"width\":{\"type\":\"integer\",\"configurable\":false},\"height\":{\"type\":\"integer\",\"configurable\":false},\"formats\":{\"type\":\"json\",\"configurable\":false},\"hash\":{\"type\":\"string\",\"configurable\":false,\"required\":true},\"ext\":{\"type\":\"string\",\"configurable\":false},\"mime\":{\"type\":\"string\",\"configurable\":false,\"required\":true},\"size\":{\"type\":\"decimal\",\"configurable\":false,\"required\":true},\"url\":{\"type\":\"string\",\"configurable\":false,\"required\":true},\"previewUrl\":{\"type\":\"string\",\"configurable\":false},\"provider\":{\"type\":\"string\",\"configurable\":false,\"required\":true},\"provider_metadata\":{\"type\":\"json\",\"configurable\":false},\"related\":{\"type\":\"relation\",\"relation\":\"morphToMany\",\"configurable\":false},\"folder\":{\"type\":\"relation\",\"relation\":\"manyToOne\",\"target\":\"plugin::upload.folder\",\"inversedBy\":\"files\",\"private\":true},\"folderPath\":{\"type\":\"string\",\"min\":1,\"required\":true,\"private\":true,\"searchable\":false}},\"kind\":\"collectionType\"},\"modelType\":\"contentType\",\"modelName\":\"file\",\"connection\":\"default\",\"uid\":\"plugin::upload.file\",\"plugin\":\"upload\",\"globalId\":\"UploadFile\"},\"plugin::upload.folder\":{\"collectionName\":\"upload_folders\",\"info\":{\"singularName\":\"folder\",\"pluralName\":\"folders\",\"displayName\":\"Folder\"},\"options\":{},\"pluginOptions\":{\"content-manager\":{\"visible\":false},\"content-type-builder\":{\"visible\":false}},\"attributes\":{\"name\":{\"type\":\"string\",\"min\":1,\"required\":true},\"pathId\":{\"type\":\"integer\",\"unique\":true,\"required\":true},\"parent\":{\"type\":\"relation\",\"relation\":\"manyToOne\",\"target\":\"plugin::upload.folder\",\"inversedBy\":\"children\"},\"children\":{\"type\":\"relation\",\"relation\":\"oneToMany\",\"target\":\"plugin::upload.folder\",\"mappedBy\":\"parent\"},\"files\":{\"type\":\"relation\",\"relation\":\"oneToMany\",\"target\":\"plugin::upload.file\",\"mappedBy\":\"folder\"},\"path\":{\"type\":\"string\",\"min\":1,\"required\":true},\"createdAt\":{\"type\":\"datetime\"},\"updatedAt\":{\"type\":\"datetime\"},\"createdBy\":{\"type\":\"relation\",\"relation\":\"oneToOne\",\"target\":\"admin::user\",\"configurable\":false,\"writable\":false,\"visible\":false,\"useJoinTable\":false,\"private\":true},\"updatedBy\":{\"type\":\"relation\",\"relation\":\"oneToOne\",\"target\":\"admin::user\",\"configurable\":false,\"writable\":false,\"visible\":false,\"useJoinTable\":false,\"private\":true}},\"indexes\":[{\"name\":\"upload_folders_path_id_index\",\"columns\":[\"path_id\"],\"type\":\"unique\"},{\"name\":\"upload_folders_path_index\",\"columns\":[\"path\"],\"type\":\"unique\"}],\"kind\":\"collectionType\",\"__schema__\":{\"collectionName\":\"upload_folders\",\"info\":{\"singularName\":\"folder\",\"pluralName\":\"folders\",\"displayName\":\"Folder\"},\"options\":{},\"pluginOptions\":{\"content-manager\":{\"visible\":false},\"content-type-builder\":{\"visible\":false}},\"attributes\":{\"name\":{\"type\":\"string\",\"min\":1,\"required\":true},\"pathId\":{\"type\":\"integer\",\"unique\":true,\"required\":true},\"parent\":{\"type\":\"relation\",\"relation\":\"manyToOne\",\"target\":\"plugin::upload.folder\",\"inversedBy\":\"children\"},\"children\":{\"type\":\"relation\",\"relation\":\"oneToMany\",\"target\":\"plugin::upload.folder\",\"mappedBy\":\"parent\"},\"files\":{\"type\":\"relation\",\"relation\":\"oneToMany\",\"target\":\"plugin::upload.file\",\"mappedBy\":\"folder\"},\"path\":{\"type\":\"string\",\"min\":1,\"required\":true}},\"kind\":\"collectionType\"},\"modelType\":\"contentType\",\"modelName\":\"folder\",\"connection\":\"default\",\"uid\":\"plugin::upload.folder\",\"plugin\":\"upload\",\"globalId\":\"UploadFolder\"},\"plugin::content-releases.release\":{\"collectionName\":\"strapi_releases\",\"info\":{\"singularName\":\"release\",\"pluralName\":\"releases\",\"displayName\":\"Release\"},\"options\":{\"draftAndPublish\":false},\"pluginOptions\":{\"content-manager\":{\"visible\":false},\"content-type-builder\":{\"visible\":false}},\"attributes\":{\"name\":{\"type\":\"string\",\"required\":true},\"releasedAt\":{\"type\":\"datetime\"},\"actions\":{\"type\":\"relation\",\"relation\":\"oneToMany\",\"target\":\"plugin::content-releases.release-action\",\"mappedBy\":\"release\"},\"createdAt\":{\"type\":\"datetime\"},\"updatedAt\":{\"type\":\"datetime\"},\"createdBy\":{\"type\":\"relation\",\"relation\":\"oneToOne\",\"target\":\"admin::user\",\"configurable\":false,\"writable\":false,\"visible\":false,\"useJoinTable\":false,\"private\":true},\"updatedBy\":{\"type\":\"relation\",\"relation\":\"oneToOne\",\"target\":\"admin::user\",\"configurable\":false,\"writable\":false,\"visible\":false,\"useJoinTable\":false,\"private\":true}},\"kind\":\"collectionType\",\"__schema__\":{\"collectionName\":\"strapi_releases\",\"info\":{\"singularName\":\"release\",\"pluralName\":\"releases\",\"displayName\":\"Release\"},\"options\":{\"draftAndPublish\":false},\"pluginOptions\":{\"content-manager\":{\"visible\":false},\"content-type-builder\":{\"visible\":false}},\"attributes\":{\"name\":{\"type\":\"string\",\"required\":true},\"releasedAt\":{\"type\":\"datetime\"},\"actions\":{\"type\":\"relation\",\"relation\":\"oneToMany\",\"target\":\"plugin::content-releases.release-action\",\"mappedBy\":\"release\"}},\"kind\":\"collectionType\"},\"modelType\":\"contentType\",\"modelName\":\"release\",\"connection\":\"default\",\"uid\":\"plugin::content-releases.release\",\"plugin\":\"content-releases\",\"globalId\":\"ContentReleasesRelease\"},\"plugin::content-releases.release-action\":{\"collectionName\":\"strapi_release_actions\",\"info\":{\"singularName\":\"release-action\",\"pluralName\":\"release-actions\",\"displayName\":\"Release Action\"},\"options\":{\"draftAndPublish\":false},\"pluginOptions\":{\"content-manager\":{\"visible\":false},\"content-type-builder\":{\"visible\":false}},\"attributes\":{\"type\":{\"type\":\"enumeration\",\"enum\":[\"publish\",\"unpublish\"],\"required\":true},\"entry\":{\"type\":\"relation\",\"relation\":\"morphToOne\",\"configurable\":false},\"contentType\":{\"type\":\"string\",\"required\":true},\"locale\":{\"type\":\"string\"},\"release\":{\"type\":\"relation\",\"relation\":\"manyToOne\",\"target\":\"plugin::content-releases.release\",\"inversedBy\":\"actions\"},\"createdAt\":{\"type\":\"datetime\"},\"updatedAt\":{\"type\":\"datetime\"},\"createdBy\":{\"type\":\"relation\",\"relation\":\"oneToOne\",\"target\":\"admin::user\",\"configurable\":false,\"writable\":false,\"visible\":false,\"useJoinTable\":false,\"private\":true},\"updatedBy\":{\"type\":\"relation\",\"relation\":\"oneToOne\",\"target\":\"admin::user\",\"configurable\":false,\"writable\":false,\"visible\":false,\"useJoinTable\":false,\"private\":true}},\"kind\":\"collectionType\",\"__schema__\":{\"collectionName\":\"strapi_release_actions\",\"info\":{\"singularName\":\"release-action\",\"pluralName\":\"release-actions\",\"displayName\":\"Release Action\"},\"options\":{\"draftAndPublish\":false},\"pluginOptions\":{\"content-manager\":{\"visible\":false},\"content-type-builder\":{\"visible\":false}},\"attributes\":{\"type\":{\"type\":\"enumeration\",\"enum\":[\"publish\",\"unpublish\"],\"required\":true},\"entry\":{\"type\":\"relation\",\"relation\":\"morphToOne\",\"configurable\":false},\"contentType\":{\"type\":\"string\",\"required\":true},\"locale\":{\"type\":\"string\"},\"release\":{\"type\":\"relation\",\"relation\":\"manyToOne\",\"target\":\"plugin::content-releases.release\",\"inversedBy\":\"actions\"}},\"kind\":\"collectionType\"},\"modelType\":\"contentType\",\"modelName\":\"release-action\",\"connection\":\"default\",\"uid\":\"plugin::content-releases.release-action\",\"plugin\":\"content-releases\",\"globalId\":\"ContentReleasesReleaseAction\"},\"plugin::i18n.locale\":{\"info\":{\"singularName\":\"locale\",\"pluralName\":\"locales\",\"collectionName\":\"locales\",\"displayName\":\"Locale\",\"description\":\"\"},\"options\":{\"draftAndPublish\":false},\"pluginOptions\":{\"content-manager\":{\"visible\":false},\"content-type-builder\":{\"visible\":false}},\"attributes\":{\"name\":{\"type\":\"string\",\"min\":1,\"max\":50,\"configurable\":false},\"code\":{\"type\":\"string\",\"unique\":true,\"configurable\":false},\"createdAt\":{\"type\":\"datetime\"},\"updatedAt\":{\"type\":\"datetime\"},\"createdBy\":{\"type\":\"relation\",\"relation\":\"oneToOne\",\"target\":\"admin::user\",\"configurable\":false,\"writable\":false,\"visible\":false,\"useJoinTable\":false,\"private\":true},\"updatedBy\":{\"type\":\"relation\",\"relation\":\"oneToOne\",\"target\":\"admin::user\",\"configurable\":false,\"writable\":false,\"visible\":false,\"useJoinTable\":false,\"private\":true}},\"kind\":\"collectionType\",\"__schema__\":{\"info\":{\"singularName\":\"locale\",\"pluralName\":\"locales\",\"collectionName\":\"locales\",\"displayName\":\"Locale\",\"description\":\"\"},\"options\":{\"draftAndPublish\":false},\"pluginOptions\":{\"content-manager\":{\"visible\":false},\"content-type-builder\":{\"visible\":false}},\"attributes\":{\"name\":{\"type\":\"string\",\"min\":1,\"max\":50,\"configurable\":false},\"code\":{\"type\":\"string\",\"unique\":true,\"configurable\":false}},\"kind\":\"collectionType\"},\"modelType\":\"contentType\",\"modelName\":\"locale\",\"connection\":\"default\",\"uid\":\"plugin::i18n.locale\",\"plugin\":\"i18n\",\"collectionName\":\"i18n_locale\",\"globalId\":\"I18NLocale\"},\"plugin::users-permissions.permission\":{\"collectionName\":\"up_permissions\",\"info\":{\"name\":\"permission\",\"description\":\"\",\"singularName\":\"permission\",\"pluralName\":\"permissions\",\"displayName\":\"Permission\"},\"pluginOptions\":{\"content-manager\":{\"visible\":false},\"content-type-builder\":{\"visible\":false}},\"attributes\":{\"action\":{\"type\":\"string\",\"required\":true,\"configurable\":false},\"role\":{\"type\":\"relation\",\"relation\":\"manyToOne\",\"target\":\"plugin::users-permissions.role\",\"inversedBy\":\"permissions\",\"configurable\":false},\"createdAt\":{\"type\":\"datetime\"},\"updatedAt\":{\"type\":\"datetime\"},\"createdBy\":{\"type\":\"relation\",\"relation\":\"oneToOne\",\"target\":\"admin::user\",\"configurable\":false,\"writable\":false,\"visible\":false,\"useJoinTable\":false,\"private\":true},\"updatedBy\":{\"type\":\"relation\",\"relation\":\"oneToOne\",\"target\":\"admin::user\",\"configurable\":false,\"writable\":false,\"visible\":false,\"useJoinTable\":false,\"private\":true}},\"kind\":\"collectionType\",\"__schema__\":{\"collectionName\":\"up_permissions\",\"info\":{\"name\":\"permission\",\"description\":\"\",\"singularName\":\"permission\",\"pluralName\":\"permissions\",\"displayName\":\"Permission\"},\"pluginOptions\":{\"content-manager\":{\"visible\":false},\"content-type-builder\":{\"visible\":false}},\"attributes\":{\"action\":{\"type\":\"string\",\"required\":true,\"configurable\":false},\"role\":{\"type\":\"relation\",\"relation\":\"manyToOne\",\"target\":\"plugin::users-permissions.role\",\"inversedBy\":\"permissions\",\"configurable\":false}},\"kind\":\"collectionType\"},\"modelType\":\"contentType\",\"modelName\":\"permission\",\"connection\":\"default\",\"uid\":\"plugin::users-permissions.permission\",\"plugin\":\"users-permissions\",\"globalId\":\"UsersPermissionsPermission\"},\"plugin::users-permissions.role\":{\"collectionName\":\"up_roles\",\"info\":{\"name\":\"role\",\"description\":\"\",\"singularName\":\"role\",\"pluralName\":\"roles\",\"displayName\":\"Role\"},\"pluginOptions\":{\"content-manager\":{\"visible\":false},\"content-type-builder\":{\"visible\":false}},\"attributes\":{\"name\":{\"type\":\"string\",\"minLength\":3,\"required\":true,\"configurable\":false},\"description\":{\"type\":\"string\",\"configurable\":false},\"type\":{\"type\":\"string\",\"unique\":true,\"configurable\":false},\"permissions\":{\"type\":\"relation\",\"relation\":\"oneToMany\",\"target\":\"plugin::users-permissions.permission\",\"mappedBy\":\"role\",\"configurable\":false},\"users\":{\"type\":\"relation\",\"relation\":\"oneToMany\",\"target\":\"plugin::users-permissions.user\",\"mappedBy\":\"role\",\"configurable\":false},\"createdAt\":{\"type\":\"datetime\"},\"updatedAt\":{\"type\":\"datetime\"},\"createdBy\":{\"type\":\"relation\",\"relation\":\"oneToOne\",\"target\":\"admin::user\",\"configurable\":false,\"writable\":false,\"visible\":false,\"useJoinTable\":false,\"private\":true},\"updatedBy\":{\"type\":\"relation\",\"relation\":\"oneToOne\",\"target\":\"admin::user\",\"configurable\":false,\"writable\":false,\"visible\":false,\"useJoinTable\":false,\"private\":true}},\"kind\":\"collectionType\",\"__schema__\":{\"collectionName\":\"up_roles\",\"info\":{\"name\":\"role\",\"description\":\"\",\"singularName\":\"role\",\"pluralName\":\"roles\",\"displayName\":\"Role\"},\"pluginOptions\":{\"content-manager\":{\"visible\":false},\"content-type-builder\":{\"visible\":false}},\"attributes\":{\"name\":{\"type\":\"string\",\"minLength\":3,\"required\":true,\"configurable\":false},\"description\":{\"type\":\"string\",\"configurable\":false},\"type\":{\"type\":\"string\",\"unique\":true,\"configurable\":false},\"permissions\":{\"type\":\"relation\",\"relation\":\"oneToMany\",\"target\":\"plugin::users-permissions.permission\",\"mappedBy\":\"role\",\"configurable\":false},\"users\":{\"type\":\"relation\",\"relation\":\"oneToMany\",\"target\":\"plugin::users-permissions.user\",\"mappedBy\":\"role\",\"configurable\":false}},\"kind\":\"collectionType\"},\"modelType\":\"contentType\",\"modelName\":\"role\",\"connection\":\"default\",\"uid\":\"plugin::users-permissions.role\",\"plugin\":\"users-permissions\",\"globalId\":\"UsersPermissionsRole\"},\"plugin::users-permissions.user\":{\"collectionName\":\"up_users\",\"info\":{\"name\":\"user\",\"description\":\"\",\"singularName\":\"user\",\"pluralName\":\"users\",\"displayName\":\"User\"},\"options\":{\"draftAndPublish\":false,\"timestamps\":true},\"attributes\":{\"username\":{\"type\":\"string\",\"minLength\":3,\"unique\":true,\"configurable\":false,\"required\":true},\"email\":{\"type\":\"email\",\"minLength\":6,\"configurable\":false,\"required\":true},\"provider\":{\"type\":\"string\",\"configurable\":false},\"password\":{\"type\":\"password\",\"minLength\":6,\"configurable\":false,\"private\":true,\"searchable\":false},\"resetPasswordToken\":{\"type\":\"string\",\"configurable\":false,\"private\":true,\"searchable\":false},\"confirmationToken\":{\"type\":\"string\",\"configurable\":false,\"private\":true,\"searchable\":false},\"confirmed\":{\"type\":\"boolean\",\"default\":false,\"configurable\":false},\"blocked\":{\"type\":\"boolean\",\"default\":false,\"configurable\":false},\"role\":{\"type\":\"relation\",\"relation\":\"manyToOne\",\"target\":\"plugin::users-permissions.role\",\"inversedBy\":\"users\",\"configurable\":false},\"createdAt\":{\"type\":\"datetime\"},\"updatedAt\":{\"type\":\"datetime\"},\"createdBy\":{\"type\":\"relation\",\"relation\":\"oneToOne\",\"target\":\"admin::user\",\"configurable\":false,\"writable\":false,\"visible\":false,\"useJoinTable\":false,\"private\":true},\"updatedBy\":{\"type\":\"relation\",\"relation\":\"oneToOne\",\"target\":\"admin::user\",\"configurable\":false,\"writable\":false,\"visible\":false,\"useJoinTable\":false,\"private\":true}},\"config\":{\"attributes\":{\"resetPasswordToken\":{\"hidden\":true},\"confirmationToken\":{\"hidden\":true},\"provider\":{\"hidden\":true}}},\"kind\":\"collectionType\",\"__schema__\":{\"collectionName\":\"up_users\",\"info\":{\"name\":\"user\",\"description\":\"\",\"singularName\":\"user\",\"pluralName\":\"users\",\"displayName\":\"User\"},\"options\":{\"draftAndPublish\":false,\"timestamps\":true},\"attributes\":{\"username\":{\"type\":\"string\",\"minLength\":3,\"unique\":true,\"configurable\":false,\"required\":true},\"email\":{\"type\":\"email\",\"minLength\":6,\"configurable\":false,\"required\":true},\"provider\":{\"type\":\"string\",\"configurable\":false},\"password\":{\"type\":\"password\",\"minLength\":6,\"configurable\":false,\"private\":true,\"searchable\":false},\"resetPasswordToken\":{\"type\":\"string\",\"configurable\":false,\"private\":true,\"searchable\":false},\"confirmationToken\":{\"type\":\"string\",\"configurable\":false,\"private\":true,\"searchable\":false},\"confirmed\":{\"type\":\"boolean\",\"default\":false,\"configurable\":false},\"blocked\":{\"type\":\"boolean\",\"default\":false,\"configurable\":false},\"role\":{\"type\":\"relation\",\"relation\":\"manyToOne\",\"target\":\"plugin::users-permissions.role\",\"inversedBy\":\"users\",\"configurable\":false}},\"kind\":\"collectionType\"},\"modelType\":\"contentType\",\"modelName\":\"user\",\"connection\":\"default\",\"uid\":\"plugin::users-permissions.user\",\"plugin\":\"users-permissions\",\"globalId\":\"UsersPermissionsUser\"},\"api::category.category\":{\"kind\":\"collectionType\",\"collectionName\":\"categories\",\"info\":{\"singularName\":\"category\",\"pluralName\":\"categories\",\"displayName\":\"category\",\"description\":\"\"},\"options\":{\"draftAndPublish\":true},\"pluginOptions\":{},\"attributes\":{\"title\":{\"type\":\"string\"},\"desc\":{\"type\":\"text\"},\"products\":{\"type\":\"relation\",\"relation\":\"manyToMany\",\"target\":\"api::product.product\",\"mappedBy\":\"categories\"},\"type\":{\"type\":\"enumeration\",\"enum\":[\"normal\",\"featured\"]},\"createdAt\":{\"type\":\"datetime\"},\"updatedAt\":{\"type\":\"datetime\"},\"publishedAt\":{\"type\":\"datetime\",\"configurable\":false,\"writable\":true,\"visible\":false},\"createdBy\":{\"type\":\"relation\",\"relation\":\"oneToOne\",\"target\":\"admin::user\",\"configurable\":false,\"writable\":false,\"visible\":false,\"useJoinTable\":false,\"private\":true},\"updatedBy\":{\"type\":\"relation\",\"relation\":\"oneToOne\",\"target\":\"admin::user\",\"configurable\":false,\"writable\":false,\"visible\":false,\"useJoinTable\":false,\"private\":true}},\"__schema__\":{\"collectionName\":\"categories\",\"info\":{\"singularName\":\"category\",\"pluralName\":\"categories\",\"displayName\":\"category\",\"description\":\"\"},\"options\":{\"draftAndPublish\":true},\"pluginOptions\":{},\"attributes\":{\"title\":{\"type\":\"string\"},\"desc\":{\"type\":\"text\"},\"products\":{\"type\":\"relation\",\"relation\":\"manyToMany\",\"target\":\"api::product.product\",\"mappedBy\":\"categories\"},\"type\":{\"type\":\"enumeration\",\"enum\":[\"normal\",\"featured\"]}},\"kind\":\"collectionType\"},\"modelType\":\"contentType\",\"modelName\":\"category\",\"connection\":\"default\",\"uid\":\"api::category.category\",\"apiName\":\"category\",\"globalId\":\"Category\",\"actions\":{},\"lifecycles\":{}},\"api::order.order\":{\"kind\":\"collectionType\",\"collectionName\":\"orders\",\"info\":{\"singularName\":\"order\",\"pluralName\":\"orders\",\"displayName\":\"order\",\"description\":\"\"},\"options\":{\"draftAndPublish\":true},\"pluginOptions\":{},\"attributes\":{\"stripeId\":{\"type\":\"text\"},\"product\":{\"type\":\"json\"},\"createdAt\":{\"type\":\"datetime\"},\"updatedAt\":{\"type\":\"datetime\"},\"publishedAt\":{\"type\":\"datetime\",\"configurable\":false,\"writable\":true,\"visible\":false},\"createdBy\":{\"type\":\"relation\",\"relation\":\"oneToOne\",\"target\":\"admin::user\",\"configurable\":false,\"writable\":false,\"visible\":false,\"useJoinTable\":false,\"private\":true},\"updatedBy\":{\"type\":\"relation\",\"relation\":\"oneToOne\",\"target\":\"admin::user\",\"configurable\":false,\"writable\":false,\"visible\":false,\"useJoinTable\":false,\"private\":true}},\"__schema__\":{\"collectionName\":\"orders\",\"info\":{\"singularName\":\"order\",\"pluralName\":\"orders\",\"displayName\":\"order\",\"description\":\"\"},\"options\":{\"draftAndPublish\":true},\"pluginOptions\":{},\"attributes\":{\"stripeId\":{\"type\":\"text\"},\"product\":{\"type\":\"json\"}},\"kind\":\"collectionType\"},\"modelType\":\"contentType\",\"modelName\":\"order\",\"connection\":\"default\",\"uid\":\"api::order.order\",\"apiName\":\"order\",\"globalId\":\"Order\",\"actions\":{},\"lifecycles\":{}},\"api::product.product\":{\"kind\":\"collectionType\",\"collectionName\":\"products\",\"info\":{\"singularName\":\"product\",\"pluralName\":\"products\",\"displayName\":\"product\",\"description\":\"\"},\"options\":{\"draftAndPublish\":true},\"pluginOptions\":{},\"attributes\":{\"title\":{\"type\":\"string\"},\"desc\":{\"type\":\"string\"},\"img\":{\"type\":\"media\",\"multiple\":false,\"required\":false,\"allowedTypes\":[\"images\",\"files\",\"videos\",\"audios\"]},\"img2\":{\"type\":\"media\",\"multiple\":false,\"required\":false,\"allowedTypes\":[\"images\",\"files\",\"videos\",\"audios\"]},\"price\":{\"type\":\"decimal\"},\"categories\":{\"type\":\"relation\",\"relation\":\"manyToMany\",\"target\":\"api::category.category\",\"inversedBy\":\"products\"},\"size\":{\"type\":\"string\"},\"white\":{\"type\":\"media\",\"multiple\":false,\"required\":false,\"allowedTypes\":[\"images\",\"files\",\"videos\",\"audios\"]},\"black\":{\"type\":\"media\",\"multiple\":false,\"required\":false,\"allowedTypes\":[\"images\",\"files\",\"videos\",\"audios\"]},\"wooden\":{\"type\":\"media\",\"multiple\":false,\"required\":false,\"allowedTypes\":[\"images\",\"files\",\"videos\",\"audios\"]},\"createdAt\":{\"type\":\"datetime\"},\"updatedAt\":{\"type\":\"datetime\"},\"publishedAt\":{\"type\":\"datetime\",\"configurable\":false,\"writable\":true,\"visible\":false},\"createdBy\":{\"type\":\"relation\",\"relation\":\"oneToOne\",\"target\":\"admin::user\",\"configurable\":false,\"writable\":false,\"visible\":false,\"useJoinTable\":false,\"private\":true},\"updatedBy\":{\"type\":\"relation\",\"relation\":\"oneToOne\",\"target\":\"admin::user\",\"configurable\":false,\"writable\":false,\"visible\":false,\"useJoinTable\":false,\"private\":true}},\"__schema__\":{\"collectionName\":\"products\",\"info\":{\"singularName\":\"product\",\"pluralName\":\"products\",\"displayName\":\"product\",\"description\":\"\"},\"options\":{\"draftAndPublish\":true},\"pluginOptions\":{},\"attributes\":{\"title\":{\"type\":\"string\"},\"desc\":{\"type\":\"string\"},\"img\":{\"type\":\"media\",\"multiple\":false,\"required\":false,\"allowedTypes\":[\"images\",\"files\",\"videos\",\"audios\"]},\"img2\":{\"type\":\"media\",\"multiple\":false,\"required\":false,\"allowedTypes\":[\"images\",\"files\",\"videos\",\"audios\"]},\"price\":{\"type\":\"decimal\"},\"categories\":{\"type\":\"relation\",\"relation\":\"manyToMany\",\"target\":\"api::category.category\",\"inversedBy\":\"products\"},\"size\":{\"type\":\"string\"},\"white\":{\"type\":\"media\",\"multiple\":false,\"required\":false,\"allowedTypes\":[\"images\",\"files\",\"videos\",\"audios\"]},\"black\":{\"type\":\"media\",\"multiple\":false,\"required\":false,\"allowedTypes\":[\"images\",\"files\",\"videos\",\"audios\"]},\"wooden\":{\"type\":\"media\",\"multiple\":false,\"required\":false,\"allowedTypes\":[\"images\",\"files\",\"videos\",\"audios\"]}},\"kind\":\"collectionType\"},\"modelType\":\"contentType\",\"modelName\":\"product\",\"connection\":\"default\",\"uid\":\"api::product.product\",\"apiName\":\"product\",\"globalId\":\"Product\",\"actions\":{},\"lifecycles\":{}}}','object',NULL,NULL),(2,'plugin_content_manager_configuration_content_types::admin::permission','{\"settings\":{\"bulkable\":true,\"filterable\":true,\"searchable\":true,\"pageSize\":10,\"mainField\":\"action\",\"defaultSortBy\":\"action\",\"defaultSortOrder\":\"ASC\"},\"metadatas\":{\"id\":{\"edit\":{},\"list\":{\"label\":\"id\",\"searchable\":true,\"sortable\":true}},\"action\":{\"edit\":{\"label\":\"action\",\"description\":\"\",\"placeholder\":\"\",\"visible\":true,\"editable\":true},\"list\":{\"label\":\"action\",\"searchable\":true,\"sortable\":true}},\"actionParameters\":{\"edit\":{\"label\":\"actionParameters\",\"description\":\"\",\"placeholder\":\"\",\"visible\":true,\"editable\":true},\"list\":{\"label\":\"actionParameters\",\"searchable\":false,\"sortable\":false}},\"subject\":{\"edit\":{\"label\":\"subject\",\"description\":\"\",\"placeholder\":\"\",\"visible\":true,\"editable\":true},\"list\":{\"label\":\"subject\",\"searchable\":true,\"sortable\":true}},\"properties\":{\"edit\":{\"label\":\"properties\",\"description\":\"\",\"placeholder\":\"\",\"visible\":true,\"editable\":true},\"list\":{\"label\":\"properties\",\"searchable\":false,\"sortable\":false}},\"conditions\":{\"edit\":{\"label\":\"conditions\",\"description\":\"\",\"placeholder\":\"\",\"visible\":true,\"editable\":true},\"list\":{\"label\":\"conditions\",\"searchable\":false,\"sortable\":false}},\"role\":{\"edit\":{\"label\":\"role\",\"description\":\"\",\"placeholder\":\"\",\"visible\":true,\"editable\":true,\"mainField\":\"name\"},\"list\":{\"label\":\"role\",\"searchable\":true,\"sortable\":true}},\"createdAt\":{\"edit\":{\"label\":\"createdAt\",\"description\":\"\",\"placeholder\":\"\",\"visible\":false,\"editable\":true},\"list\":{\"label\":\"createdAt\",\"searchable\":true,\"sortable\":true}},\"updatedAt\":{\"edit\":{\"label\":\"updatedAt\",\"description\":\"\",\"placeholder\":\"\",\"visible\":false,\"editable\":true},\"list\":{\"label\":\"updatedAt\",\"searchable\":true,\"sortable\":true}},\"createdBy\":{\"edit\":{\"label\":\"createdBy\",\"description\":\"\",\"placeholder\":\"\",\"visible\":false,\"editable\":true,\"mainField\":\"firstname\"},\"list\":{\"label\":\"createdBy\",\"searchable\":true,\"sortable\":true}},\"updatedBy\":{\"edit\":{\"label\":\"updatedBy\",\"description\":\"\",\"placeholder\":\"\",\"visible\":false,\"editable\":true,\"mainField\":\"firstname\"},\"list\":{\"label\":\"updatedBy\",\"searchable\":true,\"sortable\":true}}},\"layouts\":{\"list\":[\"id\",\"action\",\"subject\",\"role\"],\"edit\":[[{\"name\":\"action\",\"size\":6}],[{\"name\":\"actionParameters\",\"size\":12}],[{\"name\":\"subject\",\"size\":6}],[{\"name\":\"properties\",\"size\":12}],[{\"name\":\"conditions\",\"size\":12}],[{\"name\":\"role\",\"size\":6}]]},\"uid\":\"admin::permission\"}','object',NULL,NULL),(3,'plugin_content_manager_configuration_content_types::admin::user','{\"settings\":{\"bulkable\":true,\"filterable\":true,\"searchable\":true,\"pageSize\":10,\"mainField\":\"firstname\",\"defaultSortBy\":\"firstname\",\"defaultSortOrder\":\"ASC\"},\"metadatas\":{\"id\":{\"edit\":{},\"list\":{\"label\":\"id\",\"searchable\":true,\"sortable\":true}},\"firstname\":{\"edit\":{\"label\":\"firstname\",\"description\":\"\",\"placeholder\":\"\",\"visible\":true,\"editable\":true},\"list\":{\"label\":\"firstname\",\"searchable\":true,\"sortable\":true}},\"lastname\":{\"edit\":{\"label\":\"lastname\",\"description\":\"\",\"placeholder\":\"\",\"visible\":true,\"editable\":true},\"list\":{\"label\":\"lastname\",\"searchable\":true,\"sortable\":true}},\"username\":{\"edit\":{\"label\":\"username\",\"description\":\"\",\"placeholder\":\"\",\"visible\":true,\"editable\":true},\"list\":{\"label\":\"username\",\"searchable\":true,\"sortable\":true}},\"email\":{\"edit\":{\"label\":\"email\",\"description\":\"\",\"placeholder\":\"\",\"visible\":true,\"editable\":true},\"list\":{\"label\":\"email\",\"searchable\":true,\"sortable\":true}},\"password\":{\"edit\":{\"label\":\"password\",\"description\":\"\",\"placeholder\":\"\",\"visible\":true,\"editable\":true},\"list\":{\"label\":\"password\",\"searchable\":true,\"sortable\":true}},\"resetPasswordToken\":{\"edit\":{\"label\":\"resetPasswordToken\",\"description\":\"\",\"placeholder\":\"\",\"visible\":false,\"editable\":true},\"list\":{\"label\":\"resetPasswordToken\",\"searchable\":true,\"sortable\":true}},\"registrationToken\":{\"edit\":{\"label\":\"registrationToken\",\"description\":\"\",\"placeholder\":\"\",\"visible\":false,\"editable\":true},\"list\":{\"label\":\"registrationToken\",\"searchable\":true,\"sortable\":true}},\"isActive\":{\"edit\":{\"label\":\"isActive\",\"description\":\"\",\"placeholder\":\"\",\"visible\":true,\"editable\":true},\"list\":{\"label\":\"isActive\",\"searchable\":true,\"sortable\":true}},\"roles\":{\"edit\":{\"label\":\"roles\",\"description\":\"\",\"placeholder\":\"\",\"visible\":true,\"editable\":true,\"mainField\":\"name\"},\"list\":{\"label\":\"roles\",\"searchable\":false,\"sortable\":false}},\"blocked\":{\"edit\":{\"label\":\"blocked\",\"description\":\"\",\"placeholder\":\"\",\"visible\":true,\"editable\":true},\"list\":{\"label\":\"blocked\",\"searchable\":true,\"sortable\":true}},\"preferedLanguage\":{\"edit\":{\"label\":\"preferedLanguage\",\"description\":\"\",\"placeholder\":\"\",\"visible\":true,\"editable\":true},\"list\":{\"label\":\"preferedLanguage\",\"searchable\":true,\"sortable\":true}},\"createdAt\":{\"edit\":{\"label\":\"createdAt\",\"description\":\"\",\"placeholder\":\"\",\"visible\":false,\"editable\":true},\"list\":{\"label\":\"createdAt\",\"searchable\":true,\"sortable\":true}},\"updatedAt\":{\"edit\":{\"label\":\"updatedAt\",\"description\":\"\",\"placeholder\":\"\",\"visible\":false,\"editable\":true},\"list\":{\"label\":\"updatedAt\",\"searchable\":true,\"sortable\":true}},\"createdBy\":{\"edit\":{\"label\":\"createdBy\",\"description\":\"\",\"placeholder\":\"\",\"visible\":false,\"editable\":true,\"mainField\":\"firstname\"},\"list\":{\"label\":\"createdBy\",\"searchable\":true,\"sortable\":true}},\"updatedBy\":{\"edit\":{\"label\":\"updatedBy\",\"description\":\"\",\"placeholder\":\"\",\"visible\":false,\"editable\":true,\"mainField\":\"firstname\"},\"list\":{\"label\":\"updatedBy\",\"searchable\":true,\"sortable\":true}}},\"layouts\":{\"list\":[\"id\",\"firstname\",\"lastname\",\"username\"],\"edit\":[[{\"name\":\"firstname\",\"size\":6},{\"name\":\"lastname\",\"size\":6}],[{\"name\":\"username\",\"size\":6},{\"name\":\"email\",\"size\":6}],[{\"name\":\"password\",\"size\":6},{\"name\":\"isActive\",\"size\":4}],[{\"name\":\"roles\",\"size\":6},{\"name\":\"blocked\",\"size\":4}],[{\"name\":\"preferedLanguage\",\"size\":6}]]},\"uid\":\"admin::user\"}','object',NULL,NULL),(4,'plugin_content_manager_configuration_content_types::admin::role','{\"settings\":{\"bulkable\":true,\"filterable\":true,\"searchable\":true,\"pageSize\":10,\"mainField\":\"name\",\"defaultSortBy\":\"name\",\"defaultSortOrder\":\"ASC\"},\"metadatas\":{\"id\":{\"edit\":{},\"list\":{\"label\":\"id\",\"searchable\":true,\"sortable\":true}},\"name\":{\"edit\":{\"label\":\"name\",\"description\":\"\",\"placeholder\":\"\",\"visible\":true,\"editable\":true},\"list\":{\"label\":\"name\",\"searchable\":true,\"sortable\":true}},\"code\":{\"edit\":{\"label\":\"code\",\"description\":\"\",\"placeholder\":\"\",\"visible\":true,\"editable\":true},\"list\":{\"label\":\"code\",\"searchable\":true,\"sortable\":true}},\"description\":{\"edit\":{\"label\":\"description\",\"description\":\"\",\"placeholder\":\"\",\"visible\":true,\"editable\":true},\"list\":{\"label\":\"description\",\"searchable\":true,\"sortable\":true}},\"users\":{\"edit\":{\"label\":\"users\",\"description\":\"\",\"placeholder\":\"\",\"visible\":true,\"editable\":true,\"mainField\":\"firstname\"},\"list\":{\"label\":\"users\",\"searchable\":false,\"sortable\":false}},\"permissions\":{\"edit\":{\"label\":\"permissions\",\"description\":\"\",\"placeholder\":\"\",\"visible\":true,\"editable\":true,\"mainField\":\"action\"},\"list\":{\"label\":\"permissions\",\"searchable\":false,\"sortable\":false}},\"createdAt\":{\"edit\":{\"label\":\"createdAt\",\"description\":\"\",\"placeholder\":\"\",\"visible\":false,\"editable\":true},\"list\":{\"label\":\"createdAt\",\"searchable\":true,\"sortable\":true}},\"updatedAt\":{\"edit\":{\"label\":\"updatedAt\",\"description\":\"\",\"placeholder\":\"\",\"visible\":false,\"editable\":true},\"list\":{\"label\":\"updatedAt\",\"searchable\":true,\"sortable\":true}},\"createdBy\":{\"edit\":{\"label\":\"createdBy\",\"description\":\"\",\"placeholder\":\"\",\"visible\":false,\"editable\":true,\"mainField\":\"firstname\"},\"list\":{\"label\":\"createdBy\",\"searchable\":true,\"sortable\":true}},\"updatedBy\":{\"edit\":{\"label\":\"updatedBy\",\"description\":\"\",\"placeholder\":\"\",\"visible\":false,\"editable\":true,\"mainField\":\"firstname\"},\"list\":{\"label\":\"updatedBy\",\"searchable\":true,\"sortable\":true}}},\"layouts\":{\"list\":[\"id\",\"name\",\"code\",\"description\"],\"edit\":[[{\"name\":\"name\",\"size\":6},{\"name\":\"code\",\"size\":6}],[{\"name\":\"description\",\"size\":6},{\"name\":\"users\",\"size\":6}],[{\"name\":\"permissions\",\"size\":6}]]},\"uid\":\"admin::role\"}','object',NULL,NULL),(5,'plugin_content_manager_configuration_content_types::admin::api-token','{\"settings\":{\"bulkable\":true,\"filterable\":true,\"searchable\":true,\"pageSize\":10,\"mainField\":\"name\",\"defaultSortBy\":\"name\",\"defaultSortOrder\":\"ASC\"},\"metadatas\":{\"id\":{\"edit\":{},\"list\":{\"label\":\"id\",\"searchable\":true,\"sortable\":true}},\"name\":{\"edit\":{\"label\":\"name\",\"description\":\"\",\"placeholder\":\"\",\"visible\":true,\"editable\":true},\"list\":{\"label\":\"name\",\"searchable\":true,\"sortable\":true}},\"description\":{\"edit\":{\"label\":\"description\",\"description\":\"\",\"placeholder\":\"\",\"visible\":true,\"editable\":true},\"list\":{\"label\":\"description\",\"searchable\":true,\"sortable\":true}},\"type\":{\"edit\":{\"label\":\"type\",\"description\":\"\",\"placeholder\":\"\",\"visible\":true,\"editable\":true},\"list\":{\"label\":\"type\",\"searchable\":true,\"sortable\":true}},\"accessKey\":{\"edit\":{\"label\":\"accessKey\",\"description\":\"\",\"placeholder\":\"\",\"visible\":true,\"editable\":true},\"list\":{\"label\":\"accessKey\",\"searchable\":true,\"sortable\":true}},\"lastUsedAt\":{\"edit\":{\"label\":\"lastUsedAt\",\"description\":\"\",\"placeholder\":\"\",\"visible\":true,\"editable\":true},\"list\":{\"label\":\"lastUsedAt\",\"searchable\":true,\"sortable\":true}},\"permissions\":{\"edit\":{\"label\":\"permissions\",\"description\":\"\",\"placeholder\":\"\",\"visible\":true,\"editable\":true,\"mainField\":\"action\"},\"list\":{\"label\":\"permissions\",\"searchable\":false,\"sortable\":false}},\"expiresAt\":{\"edit\":{\"label\":\"expiresAt\",\"description\":\"\",\"placeholder\":\"\",\"visible\":true,\"editable\":true},\"list\":{\"label\":\"expiresAt\",\"searchable\":true,\"sortable\":true}},\"lifespan\":{\"edit\":{\"label\":\"lifespan\",\"description\":\"\",\"placeholder\":\"\",\"visible\":true,\"editable\":true},\"list\":{\"label\":\"lifespan\",\"searchable\":true,\"sortable\":true}},\"createdAt\":{\"edit\":{\"label\":\"createdAt\",\"description\":\"\",\"placeholder\":\"\",\"visible\":false,\"editable\":true},\"list\":{\"label\":\"createdAt\",\"searchable\":true,\"sortable\":true}},\"updatedAt\":{\"edit\":{\"label\":\"updatedAt\",\"description\":\"\",\"placeholder\":\"\",\"visible\":false,\"editable\":true},\"list\":{\"label\":\"updatedAt\",\"searchable\":true,\"sortable\":true}},\"createdBy\":{\"edit\":{\"label\":\"createdBy\",\"description\":\"\",\"placeholder\":\"\",\"visible\":false,\"editable\":true,\"mainField\":\"firstname\"},\"list\":{\"label\":\"createdBy\",\"searchable\":true,\"sortable\":true}},\"updatedBy\":{\"edit\":{\"label\":\"updatedBy\",\"description\":\"\",\"placeholder\":\"\",\"visible\":false,\"editable\":true,\"mainField\":\"firstname\"},\"list\":{\"label\":\"updatedBy\",\"searchable\":true,\"sortable\":true}}},\"layouts\":{\"list\":[\"id\",\"name\",\"description\",\"type\"],\"edit\":[[{\"name\":\"name\",\"size\":6},{\"name\":\"description\",\"size\":6}],[{\"name\":\"type\",\"size\":6},{\"name\":\"accessKey\",\"size\":6}],[{\"name\":\"lastUsedAt\",\"size\":6},{\"name\":\"permissions\",\"size\":6}],[{\"name\":\"expiresAt\",\"size\":6},{\"name\":\"lifespan\",\"size\":4}]]},\"uid\":\"admin::api-token\"}','object',NULL,NULL),(6,'plugin_content_manager_configuration_content_types::admin::api-token-permission','{\"settings\":{\"bulkable\":true,\"filterable\":true,\"searchable\":true,\"pageSize\":10,\"mainField\":\"action\",\"defaultSortBy\":\"action\",\"defaultSortOrder\":\"ASC\"},\"metadatas\":{\"id\":{\"edit\":{},\"list\":{\"label\":\"id\",\"searchable\":true,\"sortable\":true}},\"action\":{\"edit\":{\"label\":\"action\",\"description\":\"\",\"placeholder\":\"\",\"visible\":true,\"editable\":true},\"list\":{\"label\":\"action\",\"searchable\":true,\"sortable\":true}},\"token\":{\"edit\":{\"label\":\"token\",\"description\":\"\",\"placeholder\":\"\",\"visible\":true,\"editable\":true,\"mainField\":\"name\"},\"list\":{\"label\":\"token\",\"searchable\":true,\"sortable\":true}},\"createdAt\":{\"edit\":{\"label\":\"createdAt\",\"description\":\"\",\"placeholder\":\"\",\"visible\":false,\"editable\":true},\"list\":{\"label\":\"createdAt\",\"searchable\":true,\"sortable\":true}},\"updatedAt\":{\"edit\":{\"label\":\"updatedAt\",\"description\":\"\",\"placeholder\":\"\",\"visible\":false,\"editable\":true},\"list\":{\"label\":\"updatedAt\",\"searchable\":true,\"sortable\":true}},\"createdBy\":{\"edit\":{\"label\":\"createdBy\",\"description\":\"\",\"placeholder\":\"\",\"visible\":false,\"editable\":true,\"mainField\":\"firstname\"},\"list\":{\"label\":\"createdBy\",\"searchable\":true,\"sortable\":true}},\"updatedBy\":{\"edit\":{\"label\":\"updatedBy\",\"description\":\"\",\"placeholder\":\"\",\"visible\":false,\"editable\":true,\"mainField\":\"firstname\"},\"list\":{\"label\":\"updatedBy\",\"searchable\":true,\"sortable\":true}}},\"layouts\":{\"list\":[\"id\",\"action\",\"token\",\"createdAt\"],\"edit\":[[{\"name\":\"action\",\"size\":6},{\"name\":\"token\",\"size\":6}]]},\"uid\":\"admin::api-token-permission\"}','object',NULL,NULL),(7,'plugin_content_manager_configuration_content_types::admin::transfer-token-permission','{\"settings\":{\"bulkable\":true,\"filterable\":true,\"searchable\":true,\"pageSize\":10,\"mainField\":\"action\",\"defaultSortBy\":\"action\",\"defaultSortOrder\":\"ASC\"},\"metadatas\":{\"id\":{\"edit\":{},\"list\":{\"label\":\"id\",\"searchable\":true,\"sortable\":true}},\"action\":{\"edit\":{\"label\":\"action\",\"description\":\"\",\"placeholder\":\"\",\"visible\":true,\"editable\":true},\"list\":{\"label\":\"action\",\"searchable\":true,\"sortable\":true}},\"token\":{\"edit\":{\"label\":\"token\",\"description\":\"\",\"placeholder\":\"\",\"visible\":true,\"editable\":true,\"mainField\":\"name\"},\"list\":{\"label\":\"token\",\"searchable\":true,\"sortable\":true}},\"createdAt\":{\"edit\":{\"label\":\"createdAt\",\"description\":\"\",\"placeholder\":\"\",\"visible\":false,\"editable\":true},\"list\":{\"label\":\"createdAt\",\"searchable\":true,\"sortable\":true}},\"updatedAt\":{\"edit\":{\"label\":\"updatedAt\",\"description\":\"\",\"placeholder\":\"\",\"visible\":false,\"editable\":true},\"list\":{\"label\":\"updatedAt\",\"searchable\":true,\"sortable\":true}},\"createdBy\":{\"edit\":{\"label\":\"createdBy\",\"description\":\"\",\"placeholder\":\"\",\"visible\":false,\"editable\":true,\"mainField\":\"firstname\"},\"list\":{\"label\":\"createdBy\",\"searchable\":true,\"sortable\":true}},\"updatedBy\":{\"edit\":{\"label\":\"updatedBy\",\"description\":\"\",\"placeholder\":\"\",\"visible\":false,\"editable\":true,\"mainField\":\"firstname\"},\"list\":{\"label\":\"updatedBy\",\"searchable\":true,\"sortable\":true}}},\"layouts\":{\"list\":[\"id\",\"action\",\"token\",\"createdAt\"],\"edit\":[[{\"name\":\"action\",\"size\":6},{\"name\":\"token\",\"size\":6}]]},\"uid\":\"admin::transfer-token-permission\"}','object',NULL,NULL),(8,'plugin_content_manager_configuration_content_types::admin::transfer-token','{\"settings\":{\"bulkable\":true,\"filterable\":true,\"searchable\":true,\"pageSize\":10,\"mainField\":\"name\",\"defaultSortBy\":\"name\",\"defaultSortOrder\":\"ASC\"},\"metadatas\":{\"id\":{\"edit\":{},\"list\":{\"label\":\"id\",\"searchable\":true,\"sortable\":true}},\"name\":{\"edit\":{\"label\":\"name\",\"description\":\"\",\"placeholder\":\"\",\"visible\":true,\"editable\":true},\"list\":{\"label\":\"name\",\"searchable\":true,\"sortable\":true}},\"description\":{\"edit\":{\"label\":\"description\",\"description\":\"\",\"placeholder\":\"\",\"visible\":true,\"editable\":true},\"list\":{\"label\":\"description\",\"searchable\":true,\"sortable\":true}},\"accessKey\":{\"edit\":{\"label\":\"accessKey\",\"description\":\"\",\"placeholder\":\"\",\"visible\":true,\"editable\":true},\"list\":{\"label\":\"accessKey\",\"searchable\":true,\"sortable\":true}},\"lastUsedAt\":{\"edit\":{\"label\":\"lastUsedAt\",\"description\":\"\",\"placeholder\":\"\",\"visible\":true,\"editable\":true},\"list\":{\"label\":\"lastUsedAt\",\"searchable\":true,\"sortable\":true}},\"permissions\":{\"edit\":{\"label\":\"permissions\",\"description\":\"\",\"placeholder\":\"\",\"visible\":true,\"editable\":true,\"mainField\":\"action\"},\"list\":{\"label\":\"permissions\",\"searchable\":false,\"sortable\":false}},\"expiresAt\":{\"edit\":{\"label\":\"expiresAt\",\"description\":\"\",\"placeholder\":\"\",\"visible\":true,\"editable\":true},\"list\":{\"label\":\"expiresAt\",\"searchable\":true,\"sortable\":true}},\"lifespan\":{\"edit\":{\"label\":\"lifespan\",\"description\":\"\",\"placeholder\":\"\",\"visible\":true,\"editable\":true},\"list\":{\"label\":\"lifespan\",\"searchable\":true,\"sortable\":true}},\"createdAt\":{\"edit\":{\"label\":\"createdAt\",\"description\":\"\",\"placeholder\":\"\",\"visible\":false,\"editable\":true},\"list\":{\"label\":\"createdAt\",\"searchable\":true,\"sortable\":true}},\"updatedAt\":{\"edit\":{\"label\":\"updatedAt\",\"description\":\"\",\"placeholder\":\"\",\"visible\":false,\"editable\":true},\"list\":{\"label\":\"updatedAt\",\"searchable\":true,\"sortable\":true}},\"createdBy\":{\"edit\":{\"label\":\"createdBy\",\"description\":\"\",\"placeholder\":\"\",\"visible\":false,\"editable\":true,\"mainField\":\"firstname\"},\"list\":{\"label\":\"createdBy\",\"searchable\":true,\"sortable\":true}},\"updatedBy\":{\"edit\":{\"label\":\"updatedBy\",\"description\":\"\",\"placeholder\":\"\",\"visible\":false,\"editable\":true,\"mainField\":\"firstname\"},\"list\":{\"label\":\"updatedBy\",\"searchable\":true,\"sortable\":true}}},\"layouts\":{\"list\":[\"id\",\"name\",\"description\",\"accessKey\"],\"edit\":[[{\"name\":\"name\",\"size\":6},{\"name\":\"description\",\"size\":6}],[{\"name\":\"accessKey\",\"size\":6},{\"name\":\"lastUsedAt\",\"size\":6}],[{\"name\":\"permissions\",\"size\":6},{\"name\":\"expiresAt\",\"size\":6}],[{\"name\":\"lifespan\",\"size\":4}]]},\"uid\":\"admin::transfer-token\"}','object',NULL,NULL),(9,'plugin_content_manager_configuration_content_types::plugin::upload.file','{\"settings\":{\"bulkable\":true,\"filterable\":true,\"searchable\":true,\"pageSize\":10,\"mainField\":\"name\",\"defaultSortBy\":\"name\",\"defaultSortOrder\":\"ASC\"},\"metadatas\":{\"id\":{\"edit\":{},\"list\":{\"label\":\"id\",\"searchable\":true,\"sortable\":true}},\"name\":{\"edit\":{\"label\":\"name\",\"description\":\"\",\"placeholder\":\"\",\"visible\":true,\"editable\":true},\"list\":{\"label\":\"name\",\"searchable\":true,\"sortable\":true}},\"alternativeText\":{\"edit\":{\"label\":\"alternativeText\",\"description\":\"\",\"placeholder\":\"\",\"visible\":true,\"editable\":true},\"list\":{\"label\":\"alternativeText\",\"searchable\":true,\"sortable\":true}},\"caption\":{\"edit\":{\"label\":\"caption\",\"description\":\"\",\"placeholder\":\"\",\"visible\":true,\"editable\":true},\"list\":{\"label\":\"caption\",\"searchable\":true,\"sortable\":true}},\"width\":{\"edit\":{\"label\":\"width\",\"description\":\"\",\"placeholder\":\"\",\"visible\":true,\"editable\":true},\"list\":{\"label\":\"width\",\"searchable\":true,\"sortable\":true}},\"height\":{\"edit\":{\"label\":\"height\",\"description\":\"\",\"placeholder\":\"\",\"visible\":true,\"editable\":true},\"list\":{\"label\":\"height\",\"searchable\":true,\"sortable\":true}},\"formats\":{\"edit\":{\"label\":\"formats\",\"description\":\"\",\"placeholder\":\"\",\"visible\":true,\"editable\":true},\"list\":{\"label\":\"formats\",\"searchable\":false,\"sortable\":false}},\"hash\":{\"edit\":{\"label\":\"hash\",\"description\":\"\",\"placeholder\":\"\",\"visible\":true,\"editable\":true},\"list\":{\"label\":\"hash\",\"searchable\":true,\"sortable\":true}},\"ext\":{\"edit\":{\"label\":\"ext\",\"description\":\"\",\"placeholder\":\"\",\"visible\":true,\"editable\":true},\"list\":{\"label\":\"ext\",\"searchable\":true,\"sortable\":true}},\"mime\":{\"edit\":{\"label\":\"mime\",\"description\":\"\",\"placeholder\":\"\",\"visible\":true,\"editable\":true},\"list\":{\"label\":\"mime\",\"searchable\":true,\"sortable\":true}},\"size\":{\"edit\":{\"label\":\"size\",\"description\":\"\",\"placeholder\":\"\",\"visible\":true,\"editable\":true},\"list\":{\"label\":\"size\",\"searchable\":true,\"sortable\":true}},\"url\":{\"edit\":{\"label\":\"url\",\"description\":\"\",\"placeholder\":\"\",\"visible\":true,\"editable\":true},\"list\":{\"label\":\"url\",\"searchable\":true,\"sortable\":true}},\"previewUrl\":{\"edit\":{\"label\":\"previewUrl\",\"description\":\"\",\"placeholder\":\"\",\"visible\":true,\"editable\":true},\"list\":{\"label\":\"previewUrl\",\"searchable\":true,\"sortable\":true}},\"provider\":{\"edit\":{\"label\":\"provider\",\"description\":\"\",\"placeholder\":\"\",\"visible\":true,\"editable\":true},\"list\":{\"label\":\"provider\",\"searchable\":true,\"sortable\":true}},\"provider_metadata\":{\"edit\":{\"label\":\"provider_metadata\",\"description\":\"\",\"placeholder\":\"\",\"visible\":true,\"editable\":true},\"list\":{\"label\":\"provider_metadata\",\"searchable\":false,\"sortable\":false}},\"folder\":{\"edit\":{\"label\":\"folder\",\"description\":\"\",\"placeholder\":\"\",\"visible\":true,\"editable\":true,\"mainField\":\"name\"},\"list\":{\"label\":\"folder\",\"searchable\":true,\"sortable\":true}},\"folderPath\":{\"edit\":{\"label\":\"folderPath\",\"description\":\"\",\"placeholder\":\"\",\"visible\":true,\"editable\":true},\"list\":{\"label\":\"folderPath\",\"searchable\":true,\"sortable\":true}},\"createdAt\":{\"edit\":{\"label\":\"createdAt\",\"description\":\"\",\"placeholder\":\"\",\"visible\":false,\"editable\":true},\"list\":{\"label\":\"createdAt\",\"searchable\":true,\"sortable\":true}},\"updatedAt\":{\"edit\":{\"label\":\"updatedAt\",\"description\":\"\",\"placeholder\":\"\",\"visible\":false,\"editable\":true},\"list\":{\"label\":\"updatedAt\",\"searchable\":true,\"sortable\":true}},\"createdBy\":{\"edit\":{\"label\":\"createdBy\",\"description\":\"\",\"placeholder\":\"\",\"visible\":false,\"editable\":true,\"mainField\":\"firstname\"},\"list\":{\"label\":\"createdBy\",\"searchable\":true,\"sortable\":true}},\"updatedBy\":{\"edit\":{\"label\":\"updatedBy\",\"description\":\"\",\"placeholder\":\"\",\"visible\":false,\"editable\":true,\"mainField\":\"firstname\"},\"list\":{\"label\":\"updatedBy\",\"searchable\":true,\"sortable\":true}}},\"layouts\":{\"list\":[\"id\",\"name\",\"alternativeText\",\"caption\"],\"edit\":[[{\"name\":\"name\",\"size\":6},{\"name\":\"alternativeText\",\"size\":6}],[{\"name\":\"caption\",\"size\":6},{\"name\":\"width\",\"size\":4}],[{\"name\":\"height\",\"size\":4}],[{\"name\":\"formats\",\"size\":12}],[{\"name\":\"hash\",\"size\":6},{\"name\":\"ext\",\"size\":6}],[{\"name\":\"mime\",\"size\":6},{\"name\":\"size\",\"size\":4}],[{\"name\":\"url\",\"size\":6},{\"name\":\"previewUrl\",\"size\":6}],[{\"name\":\"provider\",\"size\":6}],[{\"name\":\"provider_metadata\",\"size\":12}],[{\"name\":\"folder\",\"size\":6},{\"name\":\"folderPath\",\"size\":6}]]},\"uid\":\"plugin::upload.file\"}','object',NULL,NULL),(10,'plugin_content_manager_configuration_content_types::plugin::content-releases.release','{\"settings\":{\"bulkable\":true,\"filterable\":true,\"searchable\":true,\"pageSize\":10,\"mainField\":\"name\",\"defaultSortBy\":\"name\",\"defaultSortOrder\":\"ASC\"},\"metadatas\":{\"id\":{\"edit\":{},\"list\":{\"label\":\"id\",\"searchable\":true,\"sortable\":true}},\"name\":{\"edit\":{\"label\":\"name\",\"description\":\"\",\"placeholder\":\"\",\"visible\":true,\"editable\":true},\"list\":{\"label\":\"name\",\"searchable\":true,\"sortable\":true}},\"releasedAt\":{\"edit\":{\"label\":\"releasedAt\",\"description\":\"\",\"placeholder\":\"\",\"visible\":true,\"editable\":true},\"list\":{\"label\":\"releasedAt\",\"searchable\":true,\"sortable\":true}},\"actions\":{\"edit\":{\"label\":\"actions\",\"description\":\"\",\"placeholder\":\"\",\"visible\":true,\"editable\":true,\"mainField\":\"contentType\"},\"list\":{\"label\":\"actions\",\"searchable\":false,\"sortable\":false}},\"createdAt\":{\"edit\":{\"label\":\"createdAt\",\"description\":\"\",\"placeholder\":\"\",\"visible\":false,\"editable\":true},\"list\":{\"label\":\"createdAt\",\"searchable\":true,\"sortable\":true}},\"updatedAt\":{\"edit\":{\"label\":\"updatedAt\",\"description\":\"\",\"placeholder\":\"\",\"visible\":false,\"editable\":true},\"list\":{\"label\":\"updatedAt\",\"searchable\":true,\"sortable\":true}},\"createdBy\":{\"edit\":{\"label\":\"createdBy\",\"description\":\"\",\"placeholder\":\"\",\"visible\":false,\"editable\":true,\"mainField\":\"firstname\"},\"list\":{\"label\":\"createdBy\",\"searchable\":true,\"sortable\":true}},\"updatedBy\":{\"edit\":{\"label\":\"updatedBy\",\"description\":\"\",\"placeholder\":\"\",\"visible\":false,\"editable\":true,\"mainField\":\"firstname\"},\"list\":{\"label\":\"updatedBy\",\"searchable\":true,\"sortable\":true}}},\"layouts\":{\"list\":[\"id\",\"name\",\"releasedAt\",\"actions\"],\"edit\":[[{\"name\":\"name\",\"size\":6},{\"name\":\"releasedAt\",\"size\":6}],[{\"name\":\"actions\",\"size\":6}]]},\"uid\":\"plugin::content-releases.release\"}','object',NULL,NULL),(11,'plugin_content_manager_configuration_content_types::plugin::content-releases.release-action','{\"settings\":{\"bulkable\":true,\"filterable\":true,\"searchable\":true,\"pageSize\":10,\"mainField\":\"contentType\",\"defaultSortBy\":\"contentType\",\"defaultSortOrder\":\"ASC\"},\"metadatas\":{\"id\":{\"edit\":{},\"list\":{\"label\":\"id\",\"searchable\":true,\"sortable\":true}},\"type\":{\"edit\":{\"label\":\"type\",\"description\":\"\",\"placeholder\":\"\",\"visible\":true,\"editable\":true},\"list\":{\"label\":\"type\",\"searchable\":true,\"sortable\":true}},\"contentType\":{\"edit\":{\"label\":\"contentType\",\"description\":\"\",\"placeholder\":\"\",\"visible\":true,\"editable\":true},\"list\":{\"label\":\"contentType\",\"searchable\":true,\"sortable\":true}},\"locale\":{\"edit\":{\"label\":\"locale\",\"description\":\"\",\"placeholder\":\"\",\"visible\":true,\"editable\":true},\"list\":{\"label\":\"locale\",\"searchable\":true,\"sortable\":true}},\"release\":{\"edit\":{\"label\":\"release\",\"description\":\"\",\"placeholder\":\"\",\"visible\":true,\"editable\":true,\"mainField\":\"name\"},\"list\":{\"label\":\"release\",\"searchable\":true,\"sortable\":true}},\"createdAt\":{\"edit\":{\"label\":\"createdAt\",\"description\":\"\",\"placeholder\":\"\",\"visible\":false,\"editable\":true},\"list\":{\"label\":\"createdAt\",\"searchable\":true,\"sortable\":true}},\"updatedAt\":{\"edit\":{\"label\":\"updatedAt\",\"description\":\"\",\"placeholder\":\"\",\"visible\":false,\"editable\":true},\"list\":{\"label\":\"updatedAt\",\"searchable\":true,\"sortable\":true}},\"createdBy\":{\"edit\":{\"label\":\"createdBy\",\"description\":\"\",\"placeholder\":\"\",\"visible\":false,\"editable\":true,\"mainField\":\"firstname\"},\"list\":{\"label\":\"createdBy\",\"searchable\":true,\"sortable\":true}},\"updatedBy\":{\"edit\":{\"label\":\"updatedBy\",\"description\":\"\",\"placeholder\":\"\",\"visible\":false,\"editable\":true,\"mainField\":\"firstname\"},\"list\":{\"label\":\"updatedBy\",\"searchable\":true,\"sortable\":true}}},\"layouts\":{\"list\":[\"id\",\"type\",\"contentType\",\"locale\"],\"edit\":[[{\"name\":\"type\",\"size\":6},{\"name\":\"contentType\",\"size\":6}],[{\"name\":\"locale\",\"size\":6},{\"name\":\"release\",\"size\":6}]]},\"uid\":\"plugin::content-releases.release-action\"}','object',NULL,NULL),(12,'plugin_content_manager_configuration_content_types::plugin::users-permissions.permission','{\"settings\":{\"bulkable\":true,\"filterable\":true,\"searchable\":true,\"pageSize\":10,\"mainField\":\"action\",\"defaultSortBy\":\"action\",\"defaultSortOrder\":\"ASC\"},\"metadatas\":{\"id\":{\"edit\":{},\"list\":{\"label\":\"id\",\"searchable\":true,\"sortable\":true}},\"action\":{\"edit\":{\"label\":\"action\",\"description\":\"\",\"placeholder\":\"\",\"visible\":true,\"editable\":true},\"list\":{\"label\":\"action\",\"searchable\":true,\"sortable\":true}},\"role\":{\"edit\":{\"label\":\"role\",\"description\":\"\",\"placeholder\":\"\",\"visible\":true,\"editable\":true,\"mainField\":\"name\"},\"list\":{\"label\":\"role\",\"searchable\":true,\"sortable\":true}},\"createdAt\":{\"edit\":{\"label\":\"createdAt\",\"description\":\"\",\"placeholder\":\"\",\"visible\":false,\"editable\":true},\"list\":{\"label\":\"createdAt\",\"searchable\":true,\"sortable\":true}},\"updatedAt\":{\"edit\":{\"label\":\"updatedAt\",\"description\":\"\",\"placeholder\":\"\",\"visible\":false,\"editable\":true},\"list\":{\"label\":\"updatedAt\",\"searchable\":true,\"sortable\":true}},\"createdBy\":{\"edit\":{\"label\":\"createdBy\",\"description\":\"\",\"placeholder\":\"\",\"visible\":false,\"editable\":true,\"mainField\":\"firstname\"},\"list\":{\"label\":\"createdBy\",\"searchable\":true,\"sortable\":true}},\"updatedBy\":{\"edit\":{\"label\":\"updatedBy\",\"description\":\"\",\"placeholder\":\"\",\"visible\":false,\"editable\":true,\"mainField\":\"firstname\"},\"list\":{\"label\":\"updatedBy\",\"searchable\":true,\"sortable\":true}}},\"layouts\":{\"list\":[\"id\",\"action\",\"role\",\"createdAt\"],\"edit\":[[{\"name\":\"action\",\"size\":6},{\"name\":\"role\",\"size\":6}]]},\"uid\":\"plugin::users-permissions.permission\"}','object',NULL,NULL),(13,'plugin_content_manager_configuration_content_types::plugin::users-permissions.role','{\"settings\":{\"bulkable\":true,\"filterable\":true,\"searchable\":true,\"pageSize\":10,\"mainField\":\"name\",\"defaultSortBy\":\"name\",\"defaultSortOrder\":\"ASC\"},\"metadatas\":{\"id\":{\"edit\":{},\"list\":{\"label\":\"id\",\"searchable\":true,\"sortable\":true}},\"name\":{\"edit\":{\"label\":\"name\",\"description\":\"\",\"placeholder\":\"\",\"visible\":true,\"editable\":true},\"list\":{\"label\":\"name\",\"searchable\":true,\"sortable\":true}},\"description\":{\"edit\":{\"label\":\"description\",\"description\":\"\",\"placeholder\":\"\",\"visible\":true,\"editable\":true},\"list\":{\"label\":\"description\",\"searchable\":true,\"sortable\":true}},\"type\":{\"edit\":{\"label\":\"type\",\"description\":\"\",\"placeholder\":\"\",\"visible\":true,\"editable\":true},\"list\":{\"label\":\"type\",\"searchable\":true,\"sortable\":true}},\"permissions\":{\"edit\":{\"label\":\"permissions\",\"description\":\"\",\"placeholder\":\"\",\"visible\":true,\"editable\":true,\"mainField\":\"action\"},\"list\":{\"label\":\"permissions\",\"searchable\":false,\"sortable\":false}},\"users\":{\"edit\":{\"label\":\"users\",\"description\":\"\",\"placeholder\":\"\",\"visible\":true,\"editable\":true,\"mainField\":\"username\"},\"list\":{\"label\":\"users\",\"searchable\":false,\"sortable\":false}},\"createdAt\":{\"edit\":{\"label\":\"createdAt\",\"description\":\"\",\"placeholder\":\"\",\"visible\":false,\"editable\":true},\"list\":{\"label\":\"createdAt\",\"searchable\":true,\"sortable\":true}},\"updatedAt\":{\"edit\":{\"label\":\"updatedAt\",\"description\":\"\",\"placeholder\":\"\",\"visible\":false,\"editable\":true},\"list\":{\"label\":\"updatedAt\",\"searchable\":true,\"sortable\":true}},\"createdBy\":{\"edit\":{\"label\":\"createdBy\",\"description\":\"\",\"placeholder\":\"\",\"visible\":false,\"editable\":true,\"mainField\":\"firstname\"},\"list\":{\"label\":\"createdBy\",\"searchable\":true,\"sortable\":true}},\"updatedBy\":{\"edit\":{\"label\":\"updatedBy\",\"description\":\"\",\"placeholder\":\"\",\"visible\":false,\"editable\":true,\"mainField\":\"firstname\"},\"list\":{\"label\":\"updatedBy\",\"searchable\":true,\"sortable\":true}}},\"layouts\":{\"list\":[\"id\",\"name\",\"description\",\"type\"],\"edit\":[[{\"name\":\"name\",\"size\":6},{\"name\":\"description\",\"size\":6}],[{\"name\":\"type\",\"size\":6},{\"name\":\"permissions\",\"size\":6}],[{\"name\":\"users\",\"size\":6}]]},\"uid\":\"plugin::users-permissions.role\"}','object',NULL,NULL),(14,'plugin_content_manager_configuration_content_types::plugin::users-permissions.user','{\"settings\":{\"bulkable\":true,\"filterable\":true,\"searchable\":true,\"pageSize\":10,\"mainField\":\"username\",\"defaultSortBy\":\"username\",\"defaultSortOrder\":\"ASC\"},\"metadatas\":{\"id\":{\"edit\":{},\"list\":{\"label\":\"id\",\"searchable\":true,\"sortable\":true}},\"username\":{\"edit\":{\"label\":\"username\",\"description\":\"\",\"placeholder\":\"\",\"visible\":true,\"editable\":true},\"list\":{\"label\":\"username\",\"searchable\":true,\"sortable\":true}},\"email\":{\"edit\":{\"label\":\"email\",\"description\":\"\",\"placeholder\":\"\",\"visible\":true,\"editable\":true},\"list\":{\"label\":\"email\",\"searchable\":true,\"sortable\":true}},\"provider\":{\"edit\":{\"label\":\"provider\",\"description\":\"\",\"placeholder\":\"\",\"visible\":false,\"editable\":true},\"list\":{\"label\":\"provider\",\"searchable\":true,\"sortable\":true}},\"password\":{\"edit\":{\"label\":\"password\",\"description\":\"\",\"placeholder\":\"\",\"visible\":true,\"editable\":true},\"list\":{\"label\":\"password\",\"searchable\":true,\"sortable\":true}},\"resetPasswordToken\":{\"edit\":{\"label\":\"resetPasswordToken\",\"description\":\"\",\"placeholder\":\"\",\"visible\":false,\"editable\":true},\"list\":{\"label\":\"resetPasswordToken\",\"searchable\":true,\"sortable\":true}},\"confirmationToken\":{\"edit\":{\"label\":\"confirmationToken\",\"description\":\"\",\"placeholder\":\"\",\"visible\":false,\"editable\":true},\"list\":{\"label\":\"confirmationToken\",\"searchable\":true,\"sortable\":true}},\"confirmed\":{\"edit\":{\"label\":\"confirmed\",\"description\":\"\",\"placeholder\":\"\",\"visible\":true,\"editable\":true},\"list\":{\"label\":\"confirmed\",\"searchable\":true,\"sortable\":true}},\"blocked\":{\"edit\":{\"label\":\"blocked\",\"description\":\"\",\"placeholder\":\"\",\"visible\":true,\"editable\":true},\"list\":{\"label\":\"blocked\",\"searchable\":true,\"sortable\":true}},\"role\":{\"edit\":{\"label\":\"role\",\"description\":\"\",\"placeholder\":\"\",\"visible\":true,\"editable\":true,\"mainField\":\"name\"},\"list\":{\"label\":\"role\",\"searchable\":true,\"sortable\":true}},\"createdAt\":{\"edit\":{\"label\":\"createdAt\",\"description\":\"\",\"placeholder\":\"\",\"visible\":false,\"editable\":true},\"list\":{\"label\":\"createdAt\",\"searchable\":true,\"sortable\":true}},\"updatedAt\":{\"edit\":{\"label\":\"updatedAt\",\"description\":\"\",\"placeholder\":\"\",\"visible\":false,\"editable\":true},\"list\":{\"label\":\"updatedAt\",\"searchable\":true,\"sortable\":true}},\"createdBy\":{\"edit\":{\"label\":\"createdBy\",\"description\":\"\",\"placeholder\":\"\",\"visible\":false,\"editable\":true,\"mainField\":\"firstname\"},\"list\":{\"label\":\"createdBy\",\"searchable\":true,\"sortable\":true}},\"updatedBy\":{\"edit\":{\"label\":\"updatedBy\",\"description\":\"\",\"placeholder\":\"\",\"visible\":false,\"editable\":true,\"mainField\":\"firstname\"},\"list\":{\"label\":\"updatedBy\",\"searchable\":true,\"sortable\":true}}},\"layouts\":{\"list\":[\"id\",\"username\",\"email\",\"confirmed\"],\"edit\":[[{\"name\":\"username\",\"size\":6},{\"name\":\"email\",\"size\":6}],[{\"name\":\"password\",\"size\":6},{\"name\":\"confirmed\",\"size\":4}],[{\"name\":\"blocked\",\"size\":4},{\"name\":\"role\",\"size\":6}]]},\"uid\":\"plugin::users-permissions.user\"}','object',NULL,NULL),(15,'plugin_content_manager_configuration_content_types::api::category.category','{\"settings\":{\"bulkable\":true,\"filterable\":true,\"searchable\":true,\"pageSize\":10,\"mainField\":\"title\",\"defaultSortBy\":\"title\",\"defaultSortOrder\":\"ASC\"},\"metadatas\":{\"id\":{\"edit\":{},\"list\":{\"label\":\"id\",\"searchable\":true,\"sortable\":true}},\"title\":{\"edit\":{\"label\":\"title\",\"description\":\"\",\"placeholder\":\"\",\"visible\":true,\"editable\":true},\"list\":{\"label\":\"title\",\"searchable\":true,\"sortable\":true}},\"desc\":{\"edit\":{\"label\":\"desc\",\"description\":\"\",\"placeholder\":\"\",\"visible\":true,\"editable\":true},\"list\":{\"label\":\"desc\",\"searchable\":true,\"sortable\":true}},\"products\":{\"edit\":{\"label\":\"products\",\"description\":\"\",\"placeholder\":\"\",\"visible\":true,\"editable\":true,\"mainField\":\"title\"},\"list\":{\"label\":\"products\",\"searchable\":false,\"sortable\":false}},\"type\":{\"edit\":{\"label\":\"type\",\"description\":\"\",\"placeholder\":\"\",\"visible\":true,\"editable\":true},\"list\":{\"label\":\"type\",\"searchable\":true,\"sortable\":true}},\"createdAt\":{\"edit\":{\"label\":\"createdAt\",\"description\":\"\",\"placeholder\":\"\",\"visible\":false,\"editable\":true},\"list\":{\"label\":\"createdAt\",\"searchable\":true,\"sortable\":true}},\"updatedAt\":{\"edit\":{\"label\":\"updatedAt\",\"description\":\"\",\"placeholder\":\"\",\"visible\":false,\"editable\":true},\"list\":{\"label\":\"updatedAt\",\"searchable\":true,\"sortable\":true}},\"createdBy\":{\"edit\":{\"label\":\"createdBy\",\"description\":\"\",\"placeholder\":\"\",\"visible\":false,\"editable\":true,\"mainField\":\"firstname\"},\"list\":{\"label\":\"createdBy\",\"searchable\":true,\"sortable\":true}},\"updatedBy\":{\"edit\":{\"label\":\"updatedBy\",\"description\":\"\",\"placeholder\":\"\",\"visible\":false,\"editable\":true,\"mainField\":\"firstname\"},\"list\":{\"label\":\"updatedBy\",\"searchable\":true,\"sortable\":true}}},\"layouts\":{\"list\":[\"id\",\"title\",\"desc\",\"products\"],\"edit\":[[{\"name\":\"title\",\"size\":6},{\"name\":\"desc\",\"size\":6}],[{\"name\":\"products\",\"size\":6},{\"name\":\"type\",\"size\":6}]]},\"uid\":\"api::category.category\"}','object',NULL,NULL),(16,'plugin_content_manager_configuration_content_types::api::order.order','{\"settings\":{\"bulkable\":true,\"filterable\":true,\"searchable\":true,\"pageSize\":10,\"mainField\":\"id\",\"defaultSortBy\":\"id\",\"defaultSortOrder\":\"ASC\"},\"metadatas\":{\"id\":{\"edit\":{},\"list\":{\"label\":\"id\",\"searchable\":true,\"sortable\":true}},\"stripeId\":{\"edit\":{\"label\":\"stripeId\",\"description\":\"\",\"placeholder\":\"\",\"visible\":true,\"editable\":true},\"list\":{\"label\":\"stripeId\",\"searchable\":true,\"sortable\":true}},\"product\":{\"edit\":{\"label\":\"product\",\"description\":\"\",\"placeholder\":\"\",\"visible\":true,\"editable\":true},\"list\":{\"label\":\"product\",\"searchable\":false,\"sortable\":false}},\"createdAt\":{\"edit\":{\"label\":\"createdAt\",\"description\":\"\",\"placeholder\":\"\",\"visible\":false,\"editable\":true},\"list\":{\"label\":\"createdAt\",\"searchable\":true,\"sortable\":true}},\"updatedAt\":{\"edit\":{\"label\":\"updatedAt\",\"description\":\"\",\"placeholder\":\"\",\"visible\":false,\"editable\":true},\"list\":{\"label\":\"updatedAt\",\"searchable\":true,\"sortable\":true}},\"createdBy\":{\"edit\":{\"label\":\"createdBy\",\"description\":\"\",\"placeholder\":\"\",\"visible\":false,\"editable\":true,\"mainField\":\"firstname\"},\"list\":{\"label\":\"createdBy\",\"searchable\":true,\"sortable\":true}},\"updatedBy\":{\"edit\":{\"label\":\"updatedBy\",\"description\":\"\",\"placeholder\":\"\",\"visible\":false,\"editable\":true,\"mainField\":\"firstname\"},\"list\":{\"label\":\"updatedBy\",\"searchable\":true,\"sortable\":true}}},\"layouts\":{\"list\":[\"id\",\"stripeId\",\"createdAt\",\"updatedAt\"],\"edit\":[[{\"name\":\"stripeId\",\"size\":6}],[{\"name\":\"product\",\"size\":12}]]},\"uid\":\"api::order.order\"}','object',NULL,NULL),(17,'plugin_content_manager_configuration_content_types::api::product.product','{\"settings\":{\"bulkable\":true,\"filterable\":true,\"searchable\":true,\"pageSize\":10,\"mainField\":\"title\",\"defaultSortBy\":\"title\",\"defaultSortOrder\":\"ASC\"},\"metadatas\":{\"id\":{\"edit\":{},\"list\":{\"label\":\"id\",\"searchable\":true,\"sortable\":true}},\"title\":{\"edit\":{\"label\":\"title\",\"description\":\"\",\"placeholder\":\"\",\"visible\":true,\"editable\":true},\"list\":{\"label\":\"title\",\"searchable\":true,\"sortable\":true}},\"desc\":{\"edit\":{\"label\":\"desc\",\"description\":\"\",\"placeholder\":\"\",\"visible\":true,\"editable\":true},\"list\":{\"label\":\"desc\",\"searchable\":true,\"sortable\":true}},\"img\":{\"edit\":{\"label\":\"img\",\"description\":\"\",\"placeholder\":\"\",\"visible\":true,\"editable\":true},\"list\":{\"label\":\"img\",\"searchable\":false,\"sortable\":false}},\"img2\":{\"edit\":{\"label\":\"img2\",\"description\":\"\",\"placeholder\":\"\",\"visible\":true,\"editable\":true},\"list\":{\"label\":\"img2\",\"searchable\":false,\"sortable\":false}},\"price\":{\"edit\":{\"label\":\"price\",\"description\":\"\",\"placeholder\":\"\",\"visible\":true,\"editable\":true},\"list\":{\"label\":\"price\",\"searchable\":true,\"sortable\":true}},\"categories\":{\"edit\":{\"label\":\"categories\",\"description\":\"\",\"placeholder\":\"\",\"visible\":true,\"editable\":true,\"mainField\":\"title\"},\"list\":{\"label\":\"categories\",\"searchable\":false,\"sortable\":false}},\"size\":{\"edit\":{\"label\":\"size\",\"description\":\"\",\"placeholder\":\"\",\"visible\":true,\"editable\":true},\"list\":{\"label\":\"size\",\"searchable\":true,\"sortable\":true}},\"white\":{\"edit\":{\"label\":\"white\",\"description\":\"\",\"placeholder\":\"\",\"visible\":true,\"editable\":true},\"list\":{\"label\":\"white\",\"searchable\":false,\"sortable\":false}},\"black\":{\"edit\":{\"label\":\"black\",\"description\":\"\",\"placeholder\":\"\",\"visible\":true,\"editable\":true},\"list\":{\"label\":\"black\",\"searchable\":false,\"sortable\":false}},\"wooden\":{\"edit\":{\"label\":\"wooden\",\"description\":\"\",\"placeholder\":\"\",\"visible\":true,\"editable\":true},\"list\":{\"label\":\"wooden\",\"searchable\":false,\"sortable\":false}},\"createdAt\":{\"edit\":{\"label\":\"createdAt\",\"description\":\"\",\"placeholder\":\"\",\"visible\":false,\"editable\":true},\"list\":{\"label\":\"createdAt\",\"searchable\":true,\"sortable\":true}},\"updatedAt\":{\"edit\":{\"label\":\"updatedAt\",\"description\":\"\",\"placeholder\":\"\",\"visible\":false,\"editable\":true},\"list\":{\"label\":\"updatedAt\",\"searchable\":true,\"sortable\":true}},\"createdBy\":{\"edit\":{\"label\":\"createdBy\",\"description\":\"\",\"placeholder\":\"\",\"visible\":false,\"editable\":true,\"mainField\":\"firstname\"},\"list\":{\"label\":\"createdBy\",\"searchable\":true,\"sortable\":true}},\"updatedBy\":{\"edit\":{\"label\":\"updatedBy\",\"description\":\"\",\"placeholder\":\"\",\"visible\":false,\"editable\":true,\"mainField\":\"firstname\"},\"list\":{\"label\":\"updatedBy\",\"searchable\":true,\"sortable\":true}}},\"layouts\":{\"list\":[\"id\",\"title\",\"desc\",\"img\"],\"edit\":[[{\"name\":\"title\",\"size\":6},{\"name\":\"desc\",\"size\":6}],[{\"name\":\"img\",\"size\":6},{\"name\":\"img2\",\"size\":6}],[{\"name\":\"price\",\"size\":4},{\"name\":\"categories\",\"size\":6}],[{\"name\":\"size\",\"size\":6},{\"name\":\"white\",\"size\":6}],[{\"name\":\"black\",\"size\":6},{\"name\":\"wooden\",\"size\":6}]]},\"uid\":\"api::product.product\"}','object',NULL,NULL),(18,'plugin_content_manager_configuration_content_types::plugin::upload.folder','{\"settings\":{\"bulkable\":true,\"filterable\":true,\"searchable\":true,\"pageSize\":10,\"mainField\":\"name\",\"defaultSortBy\":\"name\",\"defaultSortOrder\":\"ASC\"},\"metadatas\":{\"id\":{\"edit\":{},\"list\":{\"label\":\"id\",\"searchable\":true,\"sortable\":true}},\"name\":{\"edit\":{\"label\":\"name\",\"description\":\"\",\"placeholder\":\"\",\"visible\":true,\"editable\":true},\"list\":{\"label\":\"name\",\"searchable\":true,\"sortable\":true}},\"pathId\":{\"edit\":{\"label\":\"pathId\",\"description\":\"\",\"placeholder\":\"\",\"visible\":true,\"editable\":true},\"list\":{\"label\":\"pathId\",\"searchable\":true,\"sortable\":true}},\"parent\":{\"edit\":{\"label\":\"parent\",\"description\":\"\",\"placeholder\":\"\",\"visible\":true,\"editable\":true,\"mainField\":\"name\"},\"list\":{\"label\":\"parent\",\"searchable\":true,\"sortable\":true}},\"children\":{\"edit\":{\"label\":\"children\",\"description\":\"\",\"placeholder\":\"\",\"visible\":true,\"editable\":true,\"mainField\":\"name\"},\"list\":{\"label\":\"children\",\"searchable\":false,\"sortable\":false}},\"files\":{\"edit\":{\"label\":\"files\",\"description\":\"\",\"placeholder\":\"\",\"visible\":true,\"editable\":true,\"mainField\":\"name\"},\"list\":{\"label\":\"files\",\"searchable\":false,\"sortable\":false}},\"path\":{\"edit\":{\"label\":\"path\",\"description\":\"\",\"placeholder\":\"\",\"visible\":true,\"editable\":true},\"list\":{\"label\":\"path\",\"searchable\":true,\"sortable\":true}},\"createdAt\":{\"edit\":{\"label\":\"createdAt\",\"description\":\"\",\"placeholder\":\"\",\"visible\":false,\"editable\":true},\"list\":{\"label\":\"createdAt\",\"searchable\":true,\"sortable\":true}},\"updatedAt\":{\"edit\":{\"label\":\"updatedAt\",\"description\":\"\",\"placeholder\":\"\",\"visible\":false,\"editable\":true},\"list\":{\"label\":\"updatedAt\",\"searchable\":true,\"sortable\":true}},\"createdBy\":{\"edit\":{\"label\":\"createdBy\",\"description\":\"\",\"placeholder\":\"\",\"visible\":false,\"editable\":true,\"mainField\":\"firstname\"},\"list\":{\"label\":\"createdBy\",\"searchable\":true,\"sortable\":true}},\"updatedBy\":{\"edit\":{\"label\":\"updatedBy\",\"description\":\"\",\"placeholder\":\"\",\"visible\":false,\"editable\":true,\"mainField\":\"firstname\"},\"list\":{\"label\":\"updatedBy\",\"searchable\":true,\"sortable\":true}}},\"layouts\":{\"list\":[\"id\",\"name\",\"pathId\",\"parent\"],\"edit\":[[{\"name\":\"name\",\"size\":6},{\"name\":\"pathId\",\"size\":4}],[{\"name\":\"parent\",\"size\":6},{\"name\":\"children\",\"size\":6}],[{\"name\":\"files\",\"size\":6},{\"name\":\"path\",\"size\":6}]]},\"uid\":\"plugin::upload.folder\"}','object',NULL,NULL),(19,'plugin_content_manager_configuration_content_types::plugin::i18n.locale','{\"settings\":{\"bulkable\":true,\"filterable\":true,\"searchable\":true,\"pageSize\":10,\"mainField\":\"name\",\"defaultSortBy\":\"name\",\"defaultSortOrder\":\"ASC\"},\"metadatas\":{\"id\":{\"edit\":{},\"list\":{\"label\":\"id\",\"searchable\":true,\"sortable\":true}},\"name\":{\"edit\":{\"label\":\"name\",\"description\":\"\",\"placeholder\":\"\",\"visible\":true,\"editable\":true},\"list\":{\"label\":\"name\",\"searchable\":true,\"sortable\":true}},\"code\":{\"edit\":{\"label\":\"code\",\"description\":\"\",\"placeholder\":\"\",\"visible\":true,\"editable\":true},\"list\":{\"label\":\"code\",\"searchable\":true,\"sortable\":true}},\"createdAt\":{\"edit\":{\"label\":\"createdAt\",\"description\":\"\",\"placeholder\":\"\",\"visible\":false,\"editable\":true},\"list\":{\"label\":\"createdAt\",\"searchable\":true,\"sortable\":true}},\"updatedAt\":{\"edit\":{\"label\":\"updatedAt\",\"description\":\"\",\"placeholder\":\"\",\"visible\":false,\"editable\":true},\"list\":{\"label\":\"updatedAt\",\"searchable\":true,\"sortable\":true}},\"createdBy\":{\"edit\":{\"label\":\"createdBy\",\"description\":\"\",\"placeholder\":\"\",\"visible\":false,\"editable\":true,\"mainField\":\"firstname\"},\"list\":{\"label\":\"createdBy\",\"searchable\":true,\"sortable\":true}},\"updatedBy\":{\"edit\":{\"label\":\"updatedBy\",\"description\":\"\",\"placeholder\":\"\",\"visible\":false,\"editable\":true,\"mainField\":\"firstname\"},\"list\":{\"label\":\"updatedBy\",\"searchable\":true,\"sortable\":true}}},\"layouts\":{\"list\":[\"id\",\"name\",\"code\",\"createdAt\"],\"edit\":[[{\"name\":\"name\",\"size\":6},{\"name\":\"code\",\"size\":6}]]},\"uid\":\"plugin::i18n.locale\"}','object',NULL,NULL),(20,'plugin_upload_settings','{\"sizeOptimization\":true,\"responsiveDimensions\":true,\"autoOrientation\":false}','object',NULL,NULL),(21,'plugin_upload_view_configuration','{\"pageSize\":10,\"sort\":\"createdAt:DESC\"}','object',NULL,NULL),(22,'plugin_upload_metrics','{\"weeklySchedule\":\"38 8 17 * * 3\",\"lastWeeklyUpdate\":1706717318020}','object',NULL,NULL),(23,'plugin_i18n_default_locale','\"en\"','string',NULL,NULL),(24,'plugin_users-permissions_grant','{\"email\":{\"enabled\":true,\"icon\":\"envelope\"},\"discord\":{\"enabled\":false,\"icon\":\"discord\",\"key\":\"\",\"secret\":\"\",\"callback\":\"api/auth/discord/callback\",\"scope\":[\"identify\",\"email\"]},\"facebook\":{\"enabled\":false,\"icon\":\"facebook-square\",\"key\":\"\",\"secret\":\"\",\"callback\":\"api/auth/facebook/callback\",\"scope\":[\"email\"]},\"google\":{\"enabled\":false,\"icon\":\"google\",\"key\":\"\",\"secret\":\"\",\"callback\":\"api/auth/google/callback\",\"scope\":[\"email\"]},\"github\":{\"enabled\":false,\"icon\":\"github\",\"key\":\"\",\"secret\":\"\",\"callback\":\"api/auth/github/callback\",\"scope\":[\"user\",\"user:email\"]},\"microsoft\":{\"enabled\":false,\"icon\":\"windows\",\"key\":\"\",\"secret\":\"\",\"callback\":\"api/auth/microsoft/callback\",\"scope\":[\"user.read\"]},\"twitter\":{\"enabled\":false,\"icon\":\"twitter\",\"key\":\"\",\"secret\":\"\",\"callback\":\"api/auth/twitter/callback\"},\"instagram\":{\"enabled\":false,\"icon\":\"instagram\",\"key\":\"\",\"secret\":\"\",\"callback\":\"api/auth/instagram/callback\",\"scope\":[\"user_profile\"]},\"vk\":{\"enabled\":false,\"icon\":\"vk\",\"key\":\"\",\"secret\":\"\",\"callback\":\"api/auth/vk/callback\",\"scope\":[\"email\"]},\"twitch\":{\"enabled\":false,\"icon\":\"twitch\",\"key\":\"\",\"secret\":\"\",\"callback\":\"api/auth/twitch/callback\",\"scope\":[\"user:read:email\"]},\"linkedin\":{\"enabled\":false,\"icon\":\"linkedin\",\"key\":\"\",\"secret\":\"\",\"callback\":\"api/auth/linkedin/callback\",\"scope\":[\"r_liteprofile\",\"r_emailaddress\"]},\"cognito\":{\"enabled\":false,\"icon\":\"aws\",\"key\":\"\",\"secret\":\"\",\"subdomain\":\"my.subdomain.com\",\"callback\":\"api/auth/cognito/callback\",\"scope\":[\"email\",\"openid\",\"profile\"]},\"reddit\":{\"enabled\":false,\"icon\":\"reddit\",\"key\":\"\",\"secret\":\"\",\"state\":true,\"callback\":\"api/auth/reddit/callback\",\"scope\":[\"identity\"]},\"auth0\":{\"enabled\":false,\"icon\":\"\",\"key\":\"\",\"secret\":\"\",\"subdomain\":\"my-tenant.eu\",\"callback\":\"api/auth/auth0/callback\",\"scope\":[\"openid\",\"email\",\"profile\"]},\"cas\":{\"enabled\":false,\"icon\":\"book\",\"key\":\"\",\"secret\":\"\",\"callback\":\"api/auth/cas/callback\",\"scope\":[\"openid email\"],\"subdomain\":\"my.subdomain.com/cas\"},\"patreon\":{\"enabled\":false,\"icon\":\"\",\"key\":\"\",\"secret\":\"\",\"callback\":\"api/auth/patreon/callback\",\"scope\":[\"identity\",\"identity[email]\"]}}','object',NULL,NULL),(25,'plugin_users-permissions_email','{\"reset_password\":{\"display\":\"Email.template.reset_password\",\"icon\":\"sync\",\"options\":{\"from\":{\"name\":\"Administration Panel\",\"email\":\"no-reply@strapi.io\"},\"response_email\":\"\",\"object\":\"Reset password\",\"message\":\"<p>We heard that you lost your password. Sorry about that!</p>\\n\\n<p>But dont worry! You can use the following link to reset your password:</p>\\n<p><%= URL %>?code=<%= TOKEN %></p>\\n\\n<p>Thanks.</p>\"}},\"email_confirmation\":{\"display\":\"Email.template.email_confirmation\",\"icon\":\"check-square\",\"options\":{\"from\":{\"name\":\"Administration Panel\",\"email\":\"no-reply@strapi.io\"},\"response_email\":\"\",\"object\":\"Account confirmation\",\"message\":\"<p>Thank you for registering!</p>\\n\\n<p>You have to confirm your email address. Please click on the link below.</p>\\n\\n<p><%= URL %>?confirmation=<%= CODE %></p>\\n\\n<p>Thanks.</p>\"}}}','object',NULL,NULL),(26,'plugin_users-permissions_advanced','{\"unique_email\":true,\"allow_register\":true,\"email_confirmation\":false,\"email_reset_password\":null,\"email_confirmation_redirection\":null,\"default_role\":\"authenticated\"}','object',NULL,NULL),(27,'core_admin_auth','{\"providers\":{\"autoRegister\":false,\"defaultRole\":null,\"ssoLockedRoles\":null}}','object',NULL,NULL);
/*!40000 ALTER TABLE `strapi_core_store_settings` ENABLE KEYS */;
UNLOCK TABLES;

--
-- Table structure for table `strapi_database_schema`
--

DROP TABLE IF EXISTS `strapi_database_schema`;
/*!40101 SET @saved_cs_client     = @@character_set_client */;
/*!50503 SET character_set_client = utf8mb4 */;
CREATE TABLE `strapi_database_schema` (
  `id` int unsigned NOT NULL AUTO_INCREMENT,
  `schema` json DEFAULT NULL,
  `time` datetime DEFAULT NULL,
  `hash` varchar(255) DEFAULT NULL,
  PRIMARY KEY (`id`)
) ENGINE=InnoDB AUTO_INCREMENT=2 DEFAULT CHARSET=utf8mb4 COLLATE=utf8mb4_0900_ai_ci;
/*!40101 SET character_set_client = @saved_cs_client */;

--
-- Dumping data for table `strapi_database_schema`
--

LOCK TABLES `strapi_database_schema` WRITE;
/*!40000 ALTER TABLE `strapi_database_schema` DISABLE KEYS */;
INSERT INTO `strapi_database_schema` VALUES (1,'{\"tables\": [{\"name\": \"strapi_core_store_settings\", \"columns\": [{\"args\": [{\"primary\": true, \"primaryKey\": true}], \"name\": \"id\", \"type\": \"increments\", \"unsigned\": false, \"defaultTo\": null, \"notNullable\": true}, {\"args\": [], \"name\": \"key\", \"type\": \"string\", \"unsigned\": false, \"defaultTo\": null, \"notNullable\": false}, {\"args\": [\"longtext\"], \"name\": \"value\", \"type\": \"text\", \"unsigned\": false, \"defaultTo\": null, \"notNullable\": false}, {\"args\": [], \"name\": \"type\", \"type\": \"string\", \"unsigned\": false, \"defaultTo\": null, \"notNullable\": false}, {\"args\": [], \"name\": \"environment\", \"type\": \"string\", \"unsigned\": false, \"defaultTo\": null, \"notNullable\": false}, {\"args\": [], \"name\": \"tag\", \"type\": \"string\", \"unsigned\": false, \"defaultTo\": null, \"notNullable\": false}], \"indexes\": [], \"foreignKeys\": []}, {\"name\": \"strapi_webhooks\", \"columns\": [{\"args\": [{\"primary\": true, \"primaryKey\": true}], \"name\": \"id\", \"type\": \"increments\", \"unsigned\": false, \"defaultTo\": null, \"notNullable\": true}, {\"args\": [], \"name\": \"name\", \"type\": \"string\", \"unsigned\": false, \"defaultTo\": null, \"notNullable\": false}, {\"args\": [\"longtext\"], \"name\": \"url\", \"type\": \"text\", \"unsigned\": false, \"defaultTo\": null, \"notNullable\": false}, {\"args\": [], \"name\": \"headers\", \"type\": \"jsonb\", \"unsigned\": false, \"defaultTo\": null, \"notNullable\": false}, {\"args\": [], \"name\": \"events\", \"type\": \"jsonb\", \"unsigned\": false, \"defaultTo\": null, \"notNullable\": false}, {\"args\": [], \"name\": \"enabled\", \"type\": \"boolean\", \"unsigned\": false, \"defaultTo\": null, \"notNullable\": false}], \"indexes\": [], \"foreignKeys\": []}, {\"name\": \"admin_permissions\", \"columns\": [{\"args\": [{\"primary\": true, \"primaryKey\": true}], \"name\": \"id\", \"type\": \"increments\", \"unsigned\": false, \"defaultTo\": null, \"notNullable\": true}, {\"args\": [], \"name\": \"action\", \"type\": \"string\", \"unsigned\": false, \"defaultTo\": null, \"notNullable\": false}, {\"args\": [], \"name\": \"action_parameters\", \"type\": \"jsonb\", \"unsigned\": false, \"defaultTo\": null, \"notNullable\": false}, {\"args\": [], \"name\": \"subject\", \"type\": \"string\", \"unsigned\": false, \"defaultTo\": null, \"notNullable\": false}, {\"args\": [], \"name\": \"properties\", \"type\": \"jsonb\", \"unsigned\": false, \"defaultTo\": null, \"notNullable\": false}, {\"args\": [], \"name\": \"conditions\", \"type\": \"jsonb\", \"unsigned\": false, \"defaultTo\": null, \"notNullable\": false}, {\"args\": [{\"useTz\": false, \"precision\": 6}], \"name\": \"created_at\", \"type\": \"datetime\", \"unsigned\": false, \"defaultTo\": null, \"notNullable\": false}, {\"args\": [{\"useTz\": false, \"precision\": 6}], \"name\": \"updated_at\", \"type\": \"datetime\", \"unsigned\": false, \"defaultTo\": null, \"notNullable\": false}, {\"args\": [], \"name\": \"created_by_id\", \"type\": \"integer\", \"unsigned\": true, \"defaultTo\": null, \"notNullable\": false}, {\"args\": [], \"name\": \"updated_by_id\", \"type\": \"integer\", \"unsigned\": true, \"defaultTo\": null, \"notNullable\": false}], \"indexes\": [{\"name\": \"admin_permissions_created_by_id_fk\", \"columns\": [\"created_by_id\"]}, {\"name\": \"admin_permissions_updated_by_id_fk\", \"columns\": [\"updated_by_id\"]}], \"foreignKeys\": [{\"name\": \"admin_permissions_created_by_id_fk\", \"columns\": [\"created_by_id\"], \"onDelete\": \"SET NULL\", \"referencedTable\": \"admin_users\", \"referencedColumns\": [\"id\"]}, {\"name\": \"admin_permissions_updated_by_id_fk\", \"columns\": [\"updated_by_id\"], \"onDelete\": \"SET NULL\", \"referencedTable\": \"admin_users\", \"referencedColumns\": [\"id\"]}]}, {\"name\": \"admin_users\", \"columns\": [{\"args\": [{\"primary\": true, \"primaryKey\": true}], \"name\": \"id\", \"type\": \"increments\", \"unsigned\": false, \"defaultTo\": null, \"notNullable\": true}, {\"args\": [], \"name\": \"firstname\", \"type\": \"string\", \"unsigned\": false, \"defaultTo\": null, \"notNullable\": false}, {\"args\": [], \"name\": \"lastname\", \"type\": \"string\", \"unsigned\": false, \"defaultTo\": null, \"notNullable\": false}, {\"args\": [], \"name\": \"username\", \"type\": \"string\", \"unsigned\": false, \"defaultTo\": null, \"notNullable\": false}, {\"args\": [], \"name\": \"email\", \"type\": \"string\", \"unsigned\": false, \"defaultTo\": null, \"notNullable\": false}, {\"args\": [], \"name\": \"password\", \"type\": \"string\", \"unsigned\": false, \"defaultTo\": null, \"notNullable\": false}, {\"args\": [], \"name\": \"reset_password_token\", \"type\": \"string\", \"unsigned\": false, \"defaultTo\": null, \"notNullable\": false}, {\"args\": [], \"name\": \"registration_token\", \"type\": \"string\", \"unsigned\": false, \"defaultTo\": null, \"notNullable\": false}, {\"args\": [], \"name\": \"is_active\", \"type\": \"boolean\", \"unsigned\": false, \"defaultTo\": null, \"notNullable\": false}, {\"args\": [], \"name\": \"blocked\", \"type\": \"boolean\", \"unsigned\": false, \"defaultTo\": null, \"notNullable\": false}, {\"args\": [], \"name\": \"prefered_language\", \"type\": \"string\", \"unsigned\": false, \"defaultTo\": null, \"notNullable\": false}, {\"args\": [{\"useTz\": false, \"precision\": 6}], \"name\": \"created_at\", \"type\": \"datetime\", \"unsigned\": false, \"defaultTo\": null, \"notNullable\": false}, {\"args\": [{\"useTz\": false, \"precision\": 6}], \"name\": \"updated_at\", \"type\": \"datetime\", \"unsigned\": false, \"defaultTo\": null, \"notNullable\": false}, {\"args\": [], \"name\": \"created_by_id\", \"type\": \"integer\", \"unsigned\": true, \"defaultTo\": null, \"notNullable\": false}, {\"args\": [], \"name\": \"updated_by_id\", \"type\": \"integer\", \"unsigned\": true, \"defaultTo\": null, \"notNullable\": false}], \"indexes\": [{\"name\": \"admin_users_created_by_id_fk\", \"columns\": [\"created_by_id\"]}, {\"name\": \"admin_users_updated_by_id_fk\", \"columns\": [\"updated_by_id\"]}], \"foreignKeys\": [{\"name\": \"admin_users_created_by_id_fk\", \"columns\": [\"created_by_id\"], \"onDelete\": \"SET NULL\", \"referencedTable\": \"admin_users\", \"referencedColumns\": [\"id\"]}, {\"name\": \"admin_users_updated_by_id_fk\", \"columns\": [\"updated_by_id\"], \"onDelete\": \"SET NULL\", \"referencedTable\": \"admin_users\", \"referencedColumns\": [\"id\"]}]}, {\"name\": \"admin_roles\", \"columns\": [{\"args\": [{\"primary\": true, \"primaryKey\": true}], \"name\": \"id\", \"type\": \"increments\", \"unsigned\": false, \"defaultTo\": null, \"notNullable\": true}, {\"args\": [], \"name\": \"name\", \"type\": \"string\", \"unsigned\": false, \"defaultTo\": null, \"notNullable\": false}, {\"args\": [], \"name\": \"code\", \"type\": \"string\", \"unsigned\": false, \"defaultTo\": null, \"notNullable\": false}, {\"args\": [], \"name\": \"description\", \"type\": \"string\", \"unsigned\": false, \"defaultTo\": null, \"notNullable\": false}, {\"args\": [{\"useTz\": false, \"precision\": 6}], \"name\": \"created_at\", \"type\": \"datetime\", \"unsigned\": false, \"defaultTo\": null, \"notNullable\": false}, {\"args\": [{\"useTz\": false, \"precision\": 6}], \"name\": \"updated_at\", \"type\": \"datetime\", \"unsigned\": false, \"defaultTo\": null, \"notNullable\": false}, {\"args\": [], \"name\": \"created_by_id\", \"type\": \"integer\", \"unsigned\": true, \"defaultTo\": null, \"notNullable\": false}, {\"args\": [], \"name\": \"updated_by_id\", \"type\": \"integer\", \"unsigned\": true, \"defaultTo\": null, \"notNullable\": false}], \"indexes\": [{\"name\": \"admin_roles_created_by_id_fk\", \"columns\": [\"created_by_id\"]}, {\"name\": \"admin_roles_updated_by_id_fk\", \"columns\": [\"updated_by_id\"]}], \"foreignKeys\": [{\"name\": \"admin_roles_created_by_id_fk\", \"columns\": [\"created_by_id\"], \"onDelete\": \"SET NULL\", \"referencedTable\": \"admin_users\", \"referencedColumns\": [\"id\"]}, {\"name\": \"admin_roles_updated_by_id_fk\", \"columns\": [\"updated_by_id\"], \"onDelete\": \"SET NULL\", \"referencedTable\": \"admin_users\", \"referencedColumns\": [\"id\"]}]}, {\"name\": \"strapi_api_tokens\", \"columns\": [{\"args\": [{\"primary\": true, \"primaryKey\": true}], \"name\": \"id\", \"type\": \"increments\", \"unsigned\": false, \"defaultTo\": null, \"notNullable\": true}, {\"args\": [], \"name\": \"name\", \"type\": \"string\", \"unsigned\": false, \"defaultTo\": null, \"notNullable\": false}, {\"args\": [], \"name\": \"description\", \"type\": \"string\", \"unsigned\": false, \"defaultTo\": null, \"notNullable\": false}, {\"args\": [], \"name\": \"type\", \"type\": \"string\", \"unsigned\": false, \"defaultTo\": null, \"notNullable\": false}, {\"args\": [], \"name\": \"access_key\", \"type\": \"string\", \"unsigned\": false, \"defaultTo\": null, \"notNullable\": false}, {\"args\": [{\"useTz\": false, \"precision\": 6}], \"name\": \"last_used_at\", \"type\": \"datetime\", \"unsigned\": false, \"defaultTo\": null, \"notNullable\": false}, {\"args\": [{\"useTz\": false, \"precision\": 6}], \"name\": \"expires_at\", \"type\": \"datetime\", \"unsigned\": false, \"defaultTo\": null, \"notNullable\": false}, {\"args\": [], \"name\": \"lifespan\", \"type\": \"bigInteger\", \"unsigned\": false, \"defaultTo\": null, \"notNullable\": false}, {\"args\": [{\"useTz\": false, \"precision\": 6}], \"name\": \"created_at\", \"type\": \"datetime\", \"unsigned\": false, \"defaultTo\": null, \"notNullable\": false}, {\"args\": [{\"useTz\": false, \"precision\": 6}], \"name\": \"updated_at\", \"type\": \"datetime\", \"unsigned\": false, \"defaultTo\": null, \"notNullable\": false}, {\"args\": [], \"name\": \"created_by_id\", \"type\": \"integer\", \"unsigned\": true, \"defaultTo\": null, \"notNullable\": false}, {\"args\": [], \"name\": \"updated_by_id\", \"type\": \"integer\", \"unsigned\": true, \"defaultTo\": null, \"notNullable\": false}], \"indexes\": [{\"name\": \"strapi_api_tokens_created_by_id_fk\", \"columns\": [\"created_by_id\"]}, {\"name\": \"strapi_api_tokens_updated_by_id_fk\", \"columns\": [\"updated_by_id\"]}], \"foreignKeys\": [{\"name\": \"strapi_api_tokens_created_by_id_fk\", \"columns\": [\"created_by_id\"], \"onDelete\": \"SET NULL\", \"referencedTable\": \"admin_users\", \"referencedColumns\": [\"id\"]}, {\"name\": \"strapi_api_tokens_updated_by_id_fk\", \"columns\": [\"updated_by_id\"], \"onDelete\": \"SET NULL\", \"referencedTable\": \"admin_users\", \"referencedColumns\": [\"id\"]}]}, {\"name\": \"strapi_api_token_permissions\", \"columns\": [{\"args\": [{\"primary\": true, \"primaryKey\": true}], \"name\": \"id\", \"type\": \"increments\", \"unsigned\": false, \"defaultTo\": null, \"notNullable\": true}, {\"args\": [], \"name\": \"action\", \"type\": \"string\", \"unsigned\": false, \"defaultTo\": null, \"notNullable\": false}, {\"args\": [{\"useTz\": false, \"precision\": 6}], \"name\": \"created_at\", \"type\": \"datetime\", \"unsigned\": false, \"defaultTo\": null, \"notNullable\": false}, {\"args\": [{\"useTz\": false, \"precision\": 6}], \"name\": \"updated_at\", \"type\": \"datetime\", \"unsigned\": false, \"defaultTo\": null, \"notNullable\": false}, {\"args\": [], \"name\": \"created_by_id\", \"type\": \"integer\", \"unsigned\": true, \"defaultTo\": null, \"notNullable\": false}, {\"args\": [], \"name\": \"updated_by_id\", \"type\": \"integer\", \"unsigned\": true, \"defaultTo\": null, \"notNullable\": false}], \"indexes\": [{\"name\": \"strapi_api_token_permissions_created_by_id_fk\", \"columns\": [\"created_by_id\"]}, {\"name\": \"strapi_api_token_permissions_updated_by_id_fk\", \"columns\": [\"updated_by_id\"]}], \"foreignKeys\": [{\"name\": \"strapi_api_token_permissions_created_by_id_fk\", \"columns\": [\"created_by_id\"], \"onDelete\": \"SET NULL\", \"referencedTable\": \"admin_users\", \"referencedColumns\": [\"id\"]}, {\"name\": \"strapi_api_token_permissions_updated_by_id_fk\", \"columns\": [\"updated_by_id\"], \"onDelete\": \"SET NULL\", \"referencedTable\": \"admin_users\", \"referencedColumns\": [\"id\"]}]}, {\"name\": \"strapi_transfer_tokens\", \"columns\": [{\"args\": [{\"primary\": true, \"primaryKey\": true}], \"name\": \"id\", \"type\": \"increments\", \"unsigned\": false, \"defaultTo\": null, \"notNullable\": true}, {\"args\": [], \"name\": \"name\", \"type\": \"string\", \"unsigned\": false, \"defaultTo\": null, \"notNullable\": false}, {\"args\": [], \"name\": \"description\", \"type\": \"string\", \"unsigned\": false, \"defaultTo\": null, \"notNullable\": false}, {\"args\": [], \"name\": \"access_key\", \"type\": \"string\", \"unsigned\": false, \"defaultTo\": null, \"notNullable\": false}, {\"args\": [{\"useTz\": false, \"precision\": 6}], \"name\": \"last_used_at\", \"type\": \"datetime\", \"unsigned\": false, \"defaultTo\": null, \"notNullable\": false}, {\"args\": [{\"useTz\": false, \"precision\": 6}], \"name\": \"expires_at\", \"type\": \"datetime\", \"unsigned\": false, \"defaultTo\": null, \"notNullable\": false}, {\"args\": [], \"name\": \"lifespan\", \"type\": \"bigInteger\", \"unsigned\": false, \"defaultTo\": null, \"notNullable\": false}, {\"args\": [{\"useTz\": false, \"precision\": 6}], \"name\": \"created_at\", \"type\": \"datetime\", \"unsigned\": false, \"defaultTo\": null, \"notNullable\": false}, {\"args\": [{\"useTz\": false, \"precision\": 6}], \"name\": \"updated_at\", \"type\": \"datetime\", \"unsigned\": false, \"defaultTo\": null, \"notNullable\": false}, {\"args\": [], \"name\": \"created_by_id\", \"type\": \"integer\", \"unsigned\": true, \"defaultTo\": null, \"notNullable\": false}, {\"args\": [], \"name\": \"updated_by_id\", \"type\": \"integer\", \"unsigned\": true, \"defaultTo\": null, \"notNullable\": false}], \"indexes\": [{\"name\": \"strapi_transfer_tokens_created_by_id_fk\", \"columns\": [\"created_by_id\"]}, {\"name\": \"strapi_transfer_tokens_updated_by_id_fk\", \"columns\": [\"updated_by_id\"]}], \"foreignKeys\": [{\"name\": \"strapi_transfer_tokens_created_by_id_fk\", \"columns\": [\"created_by_id\"], \"onDelete\": \"SET NULL\", \"referencedTable\": \"admin_users\", \"referencedColumns\": [\"id\"]}, {\"name\": \"strapi_transfer_tokens_updated_by_id_fk\", \"columns\": [\"updated_by_id\"], \"onDelete\": \"SET NULL\", \"referencedTable\": \"admin_users\", \"referencedColumns\": [\"id\"]}]}, {\"name\": \"strapi_transfer_token_permissions\", \"columns\": [{\"args\": [{\"primary\": true, \"primaryKey\": true}], \"name\": \"id\", \"type\": \"increments\", \"unsigned\": false, \"defaultTo\": null, \"notNullable\": true}, {\"args\": [], \"name\": \"action\", \"type\": \"string\", \"unsigned\": false, \"defaultTo\": null, \"notNullable\": false}, {\"args\": [{\"useTz\": false, \"precision\": 6}], \"name\": \"created_at\", \"type\": \"datetime\", \"unsigned\": false, \"defaultTo\": null, \"notNullable\": false}, {\"args\": [{\"useTz\": false, \"precision\": 6}], \"name\": \"updated_at\", \"type\": \"datetime\", \"unsigned\": false, \"defaultTo\": null, \"notNullable\": false}, {\"args\": [], \"name\": \"created_by_id\", \"type\": \"integer\", \"unsigned\": true, \"defaultTo\": null, \"notNullable\": false}, {\"args\": [], \"name\": \"updated_by_id\", \"type\": \"integer\", \"unsigned\": true, \"defaultTo\": null, \"notNullable\": false}], \"indexes\": [{\"name\": \"strapi_transfer_token_permissions_created_by_id_fk\", \"columns\": [\"created_by_id\"]}, {\"name\": \"strapi_transfer_token_permissions_updated_by_id_fk\", \"columns\": [\"updated_by_id\"]}], \"foreignKeys\": [{\"name\": \"strapi_transfer_token_permissions_created_by_id_fk\", \"columns\": [\"created_by_id\"], \"onDelete\": \"SET NULL\", \"referencedTable\": \"admin_users\", \"referencedColumns\": [\"id\"]}, {\"name\": \"strapi_transfer_token_permissions_updated_by_id_fk\", \"columns\": [\"updated_by_id\"], \"onDelete\": \"SET NULL\", \"referencedTable\": \"admin_users\", \"referencedColumns\": [\"id\"]}]}, {\"name\": \"files\", \"columns\": [{\"args\": [{\"primary\": true, \"primaryKey\": true}], \"name\": \"id\", \"type\": \"increments\", \"unsigned\": false, \"defaultTo\": null, \"notNullable\": true}, {\"args\": [], \"name\": \"name\", \"type\": \"string\", \"unsigned\": false, \"defaultTo\": null, \"notNullable\": false}, {\"args\": [], \"name\": \"alternative_text\", \"type\": \"string\", \"unsigned\": false, \"defaultTo\": null, \"notNullable\": false}, {\"args\": [], \"name\": \"caption\", \"type\": \"string\", \"unsigned\": false, \"defaultTo\": null, \"notNullable\": false}, {\"args\": [], \"name\": \"width\", \"type\": \"integer\", \"unsigned\": false, \"defaultTo\": null, \"notNullable\": false}, {\"args\": [], \"name\": \"height\", \"type\": \"integer\", \"unsigned\": false, \"defaultTo\": null, \"notNullable\": false}, {\"args\": [], \"name\": \"formats\", \"type\": \"jsonb\", \"unsigned\": false, \"defaultTo\": null, \"notNullable\": false}, {\"args\": [], \"name\": \"hash\", \"type\": \"string\", \"unsigned\": false, \"defaultTo\": null, \"notNullable\": false}, {\"args\": [], \"name\": \"ext\", \"type\": \"string\", \"unsigned\": false, \"defaultTo\": null, \"notNullable\": false}, {\"args\": [], \"name\": \"mime\", \"type\": \"string\", \"unsigned\": false, \"defaultTo\": null, \"notNullable\": false}, {\"args\": [10, 2], \"name\": \"size\", \"type\": \"decimal\", \"unsigned\": false, \"defaultTo\": null, \"notNullable\": false}, {\"args\": [], \"name\": \"url\", \"type\": \"string\", \"unsigned\": false, \"defaultTo\": null, \"notNullable\": false}, {\"args\": [], \"name\": \"preview_url\", \"type\": \"string\", \"unsigned\": false, \"defaultTo\": null, \"notNullable\": false}, {\"args\": [], \"name\": \"provider\", \"type\": \"string\", \"unsigned\": false, \"defaultTo\": null, \"notNullable\": false}, {\"args\": [], \"name\": \"provider_metadata\", \"type\": \"jsonb\", \"unsigned\": false, \"defaultTo\": null, \"notNullable\": false}, {\"args\": [], \"name\": \"folder_path\", \"type\": \"string\", \"unsigned\": false, \"defaultTo\": null, \"notNullable\": false}, {\"args\": [{\"useTz\": false, \"precision\": 6}], \"name\": \"created_at\", \"type\": \"datetime\", \"unsigned\": false, \"defaultTo\": null, \"notNullable\": false}, {\"args\": [{\"useTz\": false, \"precision\": 6}], \"name\": \"updated_at\", \"type\": \"datetime\", \"unsigned\": false, \"defaultTo\": null, \"notNullable\": false}, {\"args\": [], \"name\": \"created_by_id\", \"type\": \"integer\", \"unsigned\": true, \"defaultTo\": null, \"notNullable\": false}, {\"args\": [], \"name\": \"updated_by_id\", \"type\": \"integer\", \"unsigned\": true, \"defaultTo\": null, \"notNullable\": false}], \"indexes\": [{\"name\": \"upload_files_folder_path_index\", \"type\": null, \"columns\": [\"folder_path\"]}, {\"name\": \"upload_files_created_at_index\", \"type\": null, \"columns\": [\"created_at\"]}, {\"name\": \"upload_files_updated_at_index\", \"type\": null, \"columns\": [\"updated_at\"]}, {\"name\": \"upload_files_name_index\", \"type\": null, \"columns\": [\"name\"]}, {\"name\": \"upload_files_size_index\", \"type\": null, \"columns\": [\"size\"]}, {\"name\": \"upload_files_ext_index\", \"type\": null, \"columns\": [\"ext\"]}, {\"name\": \"files_created_by_id_fk\", \"columns\": [\"created_by_id\"]}, {\"name\": \"files_updated_by_id_fk\", \"columns\": [\"updated_by_id\"]}], \"foreignKeys\": [{\"name\": \"files_created_by_id_fk\", \"columns\": [\"created_by_id\"], \"onDelete\": \"SET NULL\", \"referencedTable\": \"admin_users\", \"referencedColumns\": [\"id\"]}, {\"name\": \"files_updated_by_id_fk\", \"columns\": [\"updated_by_id\"], \"onDelete\": \"SET NULL\", \"referencedTable\": \"admin_users\", \"referencedColumns\": [\"id\"]}]}, {\"name\": \"upload_folders\", \"columns\": [{\"args\": [{\"primary\": true, \"primaryKey\": true}], \"name\": \"id\", \"type\": \"increments\", \"unsigned\": false, \"defaultTo\": null, \"notNullable\": true}, {\"args\": [], \"name\": \"name\", \"type\": \"string\", \"unsigned\": false, \"defaultTo\": null, \"notNullable\": false}, {\"args\": [], \"name\": \"path_id\", \"type\": \"integer\", \"unsigned\": false, \"defaultTo\": null, \"notNullable\": false}, {\"args\": [], \"name\": \"path\", \"type\": \"string\", \"unsigned\": false, \"defaultTo\": null, \"notNullable\": false}, {\"args\": [{\"useTz\": false, \"precision\": 6}], \"name\": \"created_at\", \"type\": \"datetime\", \"unsigned\": false, \"defaultTo\": null, \"notNullable\": false}, {\"args\": [{\"useTz\": false, \"precision\": 6}], \"name\": \"updated_at\", \"type\": \"datetime\", \"unsigned\": false, \"defaultTo\": null, \"notNullable\": false}, {\"args\": [], \"name\": \"created_by_id\", \"type\": \"integer\", \"unsigned\": true, \"defaultTo\": null, \"notNullable\": false}, {\"args\": [], \"name\": \"updated_by_id\", \"type\": \"integer\", \"unsigned\": true, \"defaultTo\": null, \"notNullable\": false}], \"indexes\": [{\"name\": \"upload_folders_path_id_index\", \"type\": \"unique\", \"columns\": [\"path_id\"]}, {\"name\": \"upload_folders_path_index\", \"type\": \"unique\", \"columns\": [\"path\"]}, {\"name\": \"upload_folders_created_by_id_fk\", \"columns\": [\"created_by_id\"]}, {\"name\": \"upload_folders_updated_by_id_fk\", \"columns\": [\"updated_by_id\"]}], \"foreignKeys\": [{\"name\": \"upload_folders_created_by_id_fk\", \"columns\": [\"created_by_id\"], \"onDelete\": \"SET NULL\", \"referencedTable\": \"admin_users\", \"referencedColumns\": [\"id\"]}, {\"name\": \"upload_folders_updated_by_id_fk\", \"columns\": [\"updated_by_id\"], \"onDelete\": \"SET NULL\", \"referencedTable\": \"admin_users\", \"referencedColumns\": [\"id\"]}]}, {\"name\": \"strapi_releases\", \"columns\": [{\"args\": [{\"primary\": true, \"primaryKey\": true}], \"name\": \"id\", \"type\": \"increments\", \"unsigned\": false, \"defaultTo\": null, \"notNullable\": true}, {\"args\": [], \"name\": \"name\", \"type\": \"string\", \"unsigned\": false, \"defaultTo\": null, \"notNullable\": false}, {\"args\": [{\"useTz\": false, \"precision\": 6}], \"name\": \"released_at\", \"type\": \"datetime\", \"unsigned\": false, \"defaultTo\": null, \"notNullable\": false}, {\"args\": [{\"useTz\": false, \"precision\": 6}], \"name\": \"created_at\", \"type\": \"datetime\", \"unsigned\": false, \"defaultTo\": null, \"notNullable\": false}, {\"args\": [{\"useTz\": false, \"precision\": 6}], \"name\": \"updated_at\", \"type\": \"datetime\", \"unsigned\": false, \"defaultTo\": null, \"notNullable\": false}, {\"args\": [], \"name\": \"created_by_id\", \"type\": \"integer\", \"unsigned\": true, \"defaultTo\": null, \"notNullable\": false}, {\"args\": [], \"name\": \"updated_by_id\", \"type\": \"integer\", \"unsigned\": true, \"defaultTo\": null, \"notNullable\": false}], \"indexes\": [{\"name\": \"strapi_releases_created_by_id_fk\", \"columns\": [\"created_by_id\"]}, {\"name\": \"strapi_releases_updated_by_id_fk\", \"columns\": [\"updated_by_id\"]}], \"foreignKeys\": [{\"name\": \"strapi_releases_created_by_id_fk\", \"columns\": [\"created_by_id\"], \"onDelete\": \"SET NULL\", \"referencedTable\": \"admin_users\", \"referencedColumns\": [\"id\"]}, {\"name\": \"strapi_releases_updated_by_id_fk\", \"columns\": [\"updated_by_id\"], \"onDelete\": \"SET NULL\", \"referencedTable\": \"admin_users\", \"referencedColumns\": [\"id\"]}]}, {\"name\": \"strapi_release_actions\", \"columns\": [{\"args\": [{\"primary\": true, \"primaryKey\": true}], \"name\": \"id\", \"type\": \"increments\", \"unsigned\": false, \"defaultTo\": null, \"notNullable\": true}, {\"args\": [], \"name\": \"type\", \"type\": \"string\", \"unsigned\": false, \"defaultTo\": null, \"notNullable\": false}, {\"args\": [], \"name\": \"target_id\", \"type\": \"integer\", \"unsigned\": true, \"defaultTo\": null, \"notNullable\": false}, {\"args\": [], \"name\": \"target_type\", \"type\": \"string\", \"unsigned\": false, \"defaultTo\": null, \"notNullable\": false}, {\"args\": [], \"name\": \"content_type\", \"type\": \"string\", \"unsigned\": false, \"defaultTo\": null, \"notNullable\": false}, {\"args\": [], \"name\": \"locale\", \"type\": \"string\", \"unsigned\": false, \"defaultTo\": null, \"notNullable\": false}, {\"args\": [{\"useTz\": false, \"precision\": 6}], \"name\": \"created_at\", \"type\": \"datetime\", \"unsigned\": false, \"defaultTo\": null, \"notNullable\": false}, {\"args\": [{\"useTz\": false, \"precision\": 6}], \"name\": \"updated_at\", \"type\": \"datetime\", \"unsigned\": false, \"defaultTo\": null, \"notNullable\": false}, {\"args\": [], \"name\": \"created_by_id\", \"type\": \"integer\", \"unsigned\": true, \"defaultTo\": null, \"notNullable\": false}, {\"args\": [], \"name\": \"updated_by_id\", \"type\": \"integer\", \"unsigned\": true, \"defaultTo\": null, \"notNullable\": false}], \"indexes\": [{\"name\": \"strapi_release_actions_created_by_id_fk\", \"columns\": [\"created_by_id\"]}, {\"name\": \"strapi_release_actions_updated_by_id_fk\", \"columns\": [\"updated_by_id\"]}], \"foreignKeys\": [{\"name\": \"strapi_release_actions_created_by_id_fk\", \"columns\": [\"created_by_id\"], \"onDelete\": \"SET NULL\", \"referencedTable\": \"admin_users\", \"referencedColumns\": [\"id\"]}, {\"name\": \"strapi_release_actions_updated_by_id_fk\", \"columns\": [\"updated_by_id\"], \"onDelete\": \"SET NULL\", \"referencedTable\": \"admin_users\", \"referencedColumns\": [\"id\"]}]}, {\"name\": \"i18n_locale\", \"columns\": [{\"args\": [{\"primary\": true, \"primaryKey\": true}], \"name\": \"id\", \"type\": \"increments\", \"unsigned\": false, \"defaultTo\": null, \"notNullable\": true}, {\"args\": [], \"name\": \"name\", \"type\": \"string\", \"unsigned\": false, \"defaultTo\": null, \"notNullable\": false}, {\"args\": [], \"name\": \"code\", \"type\": \"string\", \"unsigned\": false, \"defaultTo\": null, \"notNullable\": false}, {\"args\": [{\"useTz\": false, \"precision\": 6}], \"name\": \"created_at\", \"type\": \"datetime\", \"unsigned\": false, \"defaultTo\": null, \"notNullable\": false}, {\"args\": [{\"useTz\": false, \"precision\": 6}], \"name\": \"updated_at\", \"type\": \"datetime\", \"unsigned\": false, \"defaultTo\": null, \"notNullable\": false}, {\"args\": [], \"name\": \"created_by_id\", \"type\": \"integer\", \"unsigned\": true, \"defaultTo\": null, \"notNullable\": false}, {\"args\": [], \"name\": \"updated_by_id\", \"type\": \"integer\", \"unsigned\": true, \"defaultTo\": null, \"notNullable\": false}], \"indexes\": [{\"name\": \"i18n_locale_created_by_id_fk\", \"columns\": [\"created_by_id\"]}, {\"name\": \"i18n_locale_updated_by_id_fk\", \"columns\": [\"updated_by_id\"]}], \"foreignKeys\": [{\"name\": \"i18n_locale_created_by_id_fk\", \"columns\": [\"created_by_id\"], \"onDelete\": \"SET NULL\", \"referencedTable\": \"admin_users\", \"referencedColumns\": [\"id\"]}, {\"name\": \"i18n_locale_updated_by_id_fk\", \"columns\": [\"updated_by_id\"], \"onDelete\": \"SET NULL\", \"referencedTable\": \"admin_users\", \"referencedColumns\": [\"id\"]}]}, {\"name\": \"up_permissions\", \"columns\": [{\"args\": [{\"primary\": true, \"primaryKey\": true}], \"name\": \"id\", \"type\": \"increments\", \"unsigned\": false, \"defaultTo\": null, \"notNullable\": true}, {\"args\": [], \"name\": \"action\", \"type\": \"string\", \"unsigned\": false, \"defaultTo\": null, \"notNullable\": false}, {\"args\": [{\"useTz\": false, \"precision\": 6}], \"name\": \"created_at\", \"type\": \"datetime\", \"unsigned\": false, \"defaultTo\": null, \"notNullable\": false}, {\"args\": [{\"useTz\": false, \"precision\": 6}], \"name\": \"updated_at\", \"type\": \"datetime\", \"unsigned\": false, \"defaultTo\": null, \"notNullable\": false}, {\"args\": [], \"name\": \"created_by_id\", \"type\": \"integer\", \"unsigned\": true, \"defaultTo\": null, \"notNullable\": false}, {\"args\": [], \"name\": \"updated_by_id\", \"type\": \"integer\", \"unsigned\": true, \"defaultTo\": null, \"notNullable\": false}], \"indexes\": [{\"name\": \"up_permissions_created_by_id_fk\", \"columns\": [\"created_by_id\"]}, {\"name\": \"up_permissions_updated_by_id_fk\", \"columns\": [\"updated_by_id\"]}], \"foreignKeys\": [{\"name\": \"up_permissions_created_by_id_fk\", \"columns\": [\"created_by_id\"], \"onDelete\": \"SET NULL\", \"referencedTable\": \"admin_users\", \"referencedColumns\": [\"id\"]}, {\"name\": \"up_permissions_updated_by_id_fk\", \"columns\": [\"updated_by_id\"], \"onDelete\": \"SET NULL\", \"referencedTable\": \"admin_users\", \"referencedColumns\": [\"id\"]}]}, {\"name\": \"up_roles\", \"columns\": [{\"args\": [{\"primary\": true, \"primaryKey\": true}], \"name\": \"id\", \"type\": \"increments\", \"unsigned\": false, \"defaultTo\": null, \"notNullable\": true}, {\"args\": [], \"name\": \"name\", \"type\": \"string\", \"unsigned\": false, \"defaultTo\": null, \"notNullable\": false}, {\"args\": [], \"name\": \"description\", \"type\": \"string\", \"unsigned\": false, \"defaultTo\": null, \"notNullable\": false}, {\"args\": [], \"name\": \"type\", \"type\": \"string\", \"unsigned\": false, \"defaultTo\": null, \"notNullable\": false}, {\"args\": [{\"useTz\": false, \"precision\": 6}], \"name\": \"created_at\", \"type\": \"datetime\", \"unsigned\": false, \"defaultTo\": null, \"notNullable\": false}, {\"args\": [{\"useTz\": false, \"precision\": 6}], \"name\": \"updated_at\", \"type\": \"datetime\", \"unsigned\": false, \"defaultTo\": null, \"notNullable\": false}, {\"args\": [], \"name\": \"created_by_id\", \"type\": \"integer\", \"unsigned\": true, \"defaultTo\": null, \"notNullable\": false}, {\"args\": [], \"name\": \"updated_by_id\", \"type\": \"integer\", \"unsigned\": true, \"defaultTo\": null, \"notNullable\": false}], \"indexes\": [{\"name\": \"up_roles_created_by_id_fk\", \"columns\": [\"created_by_id\"]}, {\"name\": \"up_roles_updated_by_id_fk\", \"columns\": [\"updated_by_id\"]}], \"foreignKeys\": [{\"name\": \"up_roles_created_by_id_fk\", \"columns\": [\"created_by_id\"], \"onDelete\": \"SET NULL\", \"referencedTable\": \"admin_users\", \"referencedColumns\": [\"id\"]}, {\"name\": \"up_roles_updated_by_id_fk\", \"columns\": [\"updated_by_id\"], \"onDelete\": \"SET NULL\", \"referencedTable\": \"admin_users\", \"referencedColumns\": [\"id\"]}]}, {\"name\": \"up_users\", \"columns\": [{\"args\": [{\"primary\": true, \"primaryKey\": true}], \"name\": \"id\", \"type\": \"increments\", \"unsigned\": false, \"defaultTo\": null, \"notNullable\": true}, {\"args\": [], \"name\": \"username\", \"type\": \"string\", \"unsigned\": false, \"defaultTo\": null, \"notNullable\": false}, {\"args\": [], \"name\": \"email\", \"type\": \"string\", \"unsigned\": false, \"defaultTo\": null, \"notNullable\": false}, {\"args\": [], \"name\": \"provider\", \"type\": \"string\", \"unsigned\": false, \"defaultTo\": null, \"notNullable\": false}, {\"args\": [], \"name\": \"password\", \"type\": \"string\", \"unsigned\": false, \"defaultTo\": null, \"notNullable\": false}, {\"args\": [], \"name\": \"reset_password_token\", \"type\": \"string\", \"unsigned\": false, \"defaultTo\": null, \"notNullable\": false}, {\"args\": [], \"name\": \"confirmation_token\", \"type\": \"string\", \"unsigned\": false, \"defaultTo\": null, \"notNullable\": false}, {\"args\": [], \"name\": \"confirmed\", \"type\": \"boolean\", \"unsigned\": false, \"defaultTo\": null, \"notNullable\": false}, {\"args\": [], \"name\": \"blocked\", \"type\": \"boolean\", \"unsigned\": false, \"defaultTo\": null, \"notNullable\": false}, {\"args\": [{\"useTz\": false, \"precision\": 6}], \"name\": \"created_at\", \"type\": \"datetime\", \"unsigned\": false, \"defaultTo\": null, \"notNullable\": false}, {\"args\": [{\"useTz\": false, \"precision\": 6}], \"name\": \"updated_at\", \"type\": \"datetime\", \"unsigned\": false, \"defaultTo\": null, \"notNullable\": false}, {\"args\": [], \"name\": \"created_by_id\", \"type\": \"integer\", \"unsigned\": true, \"defaultTo\": null, \"notNullable\": false}, {\"args\": [], \"name\": \"updated_by_id\", \"type\": \"integer\", \"unsigned\": true, \"defaultTo\": null, \"notNullable\": false}], \"indexes\": [{\"name\": \"up_users_created_by_id_fk\", \"columns\": [\"created_by_id\"]}, {\"name\": \"up_users_updated_by_id_fk\", \"columns\": [\"updated_by_id\"]}], \"foreignKeys\": [{\"name\": \"up_users_created_by_id_fk\", \"columns\": [\"created_by_id\"], \"onDelete\": \"SET NULL\", \"referencedTable\": \"admin_users\", \"referencedColumns\": [\"id\"]}, {\"name\": \"up_users_updated_by_id_fk\", \"columns\": [\"updated_by_id\"], \"onDelete\": \"SET NULL\", \"referencedTable\": \"admin_users\", \"referencedColumns\": [\"id\"]}]}, {\"name\": \"categories\", \"columns\": [{\"args\": [{\"primary\": true, \"primaryKey\": true}], \"name\": \"id\", \"type\": \"increments\", \"unsigned\": false, \"defaultTo\": null, \"notNullable\": true}, {\"args\": [], \"name\": \"title\", \"type\": \"string\", \"unsigned\": false, \"defaultTo\": null, \"notNullable\": false}, {\"args\": [\"longtext\"], \"name\": \"desc\", \"type\": \"text\", \"unsigned\": false, \"defaultTo\": null, \"notNullable\": false}, {\"args\": [], \"name\": \"type\", \"type\": \"string\", \"unsigned\": false, \"defaultTo\": null, \"notNullable\": false}, {\"args\": [{\"useTz\": false, \"precision\": 6}], \"name\": \"created_at\", \"type\": \"datetime\", \"unsigned\": false, \"defaultTo\": null, \"notNullable\": false}, {\"args\": [{\"useTz\": false, \"precision\": 6}], \"name\": \"updated_at\", \"type\": \"datetime\", \"unsigned\": false, \"defaultTo\": null, \"notNullable\": false}, {\"args\": [{\"useTz\": false, \"precision\": 6}], \"name\": \"published_at\", \"type\": \"datetime\", \"unsigned\": false, \"defaultTo\": null, \"notNullable\": false}, {\"args\": [], \"name\": \"created_by_id\", \"type\": \"integer\", \"unsigned\": true, \"defaultTo\": null, \"notNullable\": false}, {\"args\": [], \"name\": \"updated_by_id\", \"type\": \"integer\", \"unsigned\": true, \"defaultTo\": null, \"notNullable\": false}], \"indexes\": [{\"name\": \"categories_created_by_id_fk\", \"columns\": [\"created_by_id\"]}, {\"name\": \"categories_updated_by_id_fk\", \"columns\": [\"updated_by_id\"]}], \"foreignKeys\": [{\"name\": \"categories_created_by_id_fk\", \"columns\": [\"created_by_id\"], \"onDelete\": \"SET NULL\", \"referencedTable\": \"admin_users\", \"referencedColumns\": [\"id\"]}, {\"name\": \"categories_updated_by_id_fk\", \"columns\": [\"updated_by_id\"], \"onDelete\": \"SET NULL\", \"referencedTable\": \"admin_users\", \"referencedColumns\": [\"id\"]}]}, {\"name\": \"orders\", \"columns\": [{\"args\": [{\"primary\": true, \"primaryKey\": true}], \"name\": \"id\", \"type\": \"increments\", \"unsigned\": false, \"defaultTo\": null, \"notNullable\": true}, {\"args\": [\"longtext\"], \"name\": \"stripe_id\", \"type\": \"text\", \"unsigned\": false, \"defaultTo\": null, \"notNullable\": false}, {\"args\": [], \"name\": \"product\", \"type\": \"jsonb\", \"unsigned\": false, \"defaultTo\": null, \"notNullable\": false}, {\"args\": [{\"useTz\": false, \"precision\": 6}], \"name\": \"created_at\", \"type\": \"datetime\", \"unsigned\": false, \"defaultTo\": null, \"notNullable\": false}, {\"args\": [{\"useTz\": false, \"precision\": 6}], \"name\": \"updated_at\", \"type\": \"datetime\", \"unsigned\": false, \"defaultTo\": null, \"notNullable\": false}, {\"args\": [{\"useTz\": false, \"precision\": 6}], \"name\": \"published_at\", \"type\": \"datetime\", \"unsigned\": false, \"defaultTo\": null, \"notNullable\": false}, {\"args\": [], \"name\": \"created_by_id\", \"type\": \"integer\", \"unsigned\": true, \"defaultTo\": null, \"notNullable\": false}, {\"args\": [], \"name\": \"updated_by_id\", \"type\": \"integer\", \"unsigned\": true, \"defaultTo\": null, \"notNullable\": false}], \"indexes\": [{\"name\": \"orders_created_by_id_fk\", \"columns\": [\"created_by_id\"]}, {\"name\": \"orders_updated_by_id_fk\", \"columns\": [\"updated_by_id\"]}], \"foreignKeys\": [{\"name\": \"orders_created_by_id_fk\", \"columns\": [\"created_by_id\"], \"onDelete\": \"SET NULL\", \"referencedTable\": \"admin_users\", \"referencedColumns\": [\"id\"]}, {\"name\": \"orders_updated_by_id_fk\", \"columns\": [\"updated_by_id\"], \"onDelete\": \"SET NULL\", \"referencedTable\": \"admin_users\", \"referencedColumns\": [\"id\"]}]}, {\"name\": \"products\", \"columns\": [{\"args\": [{\"primary\": true, \"primaryKey\": true}], \"name\": \"id\", \"type\": \"increments\", \"unsigned\": false, \"defaultTo\": null, \"notNullable\": true}, {\"args\": [], \"name\": \"title\", \"type\": \"string\", \"unsigned\": false, \"defaultTo\": null, \"notNullable\": false}, {\"args\": [], \"name\": \"desc\", \"type\": \"string\", \"unsigned\": false, \"defaultTo\": null, \"notNullable\": false}, {\"args\": [10, 2], \"name\": \"price\", \"type\": \"decimal\", \"unsigned\": false, \"defaultTo\": null, \"notNullable\": false}, {\"args\": [], \"name\": \"size\", \"type\": \"string\", \"unsigned\": false, \"defaultTo\": null, \"notNullable\": false}, {\"args\": [{\"useTz\": false, \"precision\": 6}], \"name\": \"created_at\", \"type\": \"datetime\", \"unsigned\": false, \"defaultTo\": null, \"notNullable\": false}, {\"args\": [{\"useTz\": false, \"precision\": 6}], \"name\": \"updated_at\", \"type\": \"datetime\", \"unsigned\": false, \"defaultTo\": null, \"notNullable\": false}, {\"args\": [{\"useTz\": false, \"precision\": 6}], \"name\": \"published_at\", \"type\": \"datetime\", \"unsigned\": false, \"defaultTo\": null, \"notNullable\": false}, {\"args\": [], \"name\": \"created_by_id\", \"type\": \"integer\", \"unsigned\": true, \"defaultTo\": null, \"notNullable\": false}, {\"args\": [], \"name\": \"updated_by_id\", \"type\": \"integer\", \"unsigned\": true, \"defaultTo\": null, \"notNullable\": false}], \"indexes\": [{\"name\": \"products_created_by_id_fk\", \"columns\": [\"created_by_id\"]}, {\"name\": \"products_updated_by_id_fk\", \"columns\": [\"updated_by_id\"]}], \"foreignKeys\": [{\"name\": \"products_created_by_id_fk\", \"columns\": [\"created_by_id\"], \"onDelete\": \"SET NULL\", \"referencedTable\": \"admin_users\", \"referencedColumns\": [\"id\"]}, {\"name\": \"products_updated_by_id_fk\", \"columns\": [\"updated_by_id\"], \"onDelete\": \"SET NULL\", \"referencedTable\": \"admin_users\", \"referencedColumns\": [\"id\"]}]}, {\"name\": \"admin_permissions_role_links\", \"columns\": [{\"args\": [{\"primary\": true, \"primaryKey\": true}], \"name\": \"id\", \"type\": \"increments\", \"unsigned\": false, \"defaultTo\": null, \"notNullable\": true}, {\"args\": [], \"name\": \"permission_id\", \"type\": \"integer\", \"unsigned\": true, \"defaultTo\": null, \"notNullable\": false}, {\"args\": [], \"name\": \"role_id\", \"type\": \"integer\", \"unsigned\": true, \"defaultTo\": null, \"notNullable\": false}, {\"args\": [], \"name\": \"permission_order\", \"type\": \"double\", \"unsigned\": true, \"defaultTo\": null, \"notNullable\": false}], \"indexes\": [{\"name\": \"admin_permissions_role_links_fk\", \"columns\": [\"permission_id\"]}, {\"name\": \"admin_permissions_role_links_inv_fk\", \"columns\": [\"role_id\"]}, {\"name\": \"admin_permissions_role_links_unique\", \"type\": \"unique\", \"columns\": [\"permission_id\", \"role_id\"]}, {\"name\": \"admin_permissions_role_links_order_inv_fk\", \"columns\": [\"permission_order\"]}], \"foreignKeys\": [{\"name\": \"admin_permissions_role_links_fk\", \"columns\": [\"permission_id\"], \"onDelete\": \"CASCADE\", \"referencedTable\": \"admin_permissions\", \"referencedColumns\": [\"id\"]}, {\"name\": \"admin_permissions_role_links_inv_fk\", \"columns\": [\"role_id\"], \"onDelete\": \"CASCADE\", \"referencedTable\": \"admin_roles\", \"referencedColumns\": [\"id\"]}]}, {\"name\": \"admin_users_roles_links\", \"columns\": [{\"args\": [{\"primary\": true, \"primaryKey\": true}], \"name\": \"id\", \"type\": \"increments\", \"unsigned\": false, \"defaultTo\": null, \"notNullable\": true}, {\"args\": [], \"name\": \"user_id\", \"type\": \"integer\", \"unsigned\": true, \"defaultTo\": null, \"notNullable\": false}, {\"args\": [], \"name\": \"role_id\", \"type\": \"integer\", \"unsigned\": true, \"defaultTo\": null, \"notNullable\": false}, {\"args\": [], \"name\": \"role_order\", \"type\": \"double\", \"unsigned\": true, \"defaultTo\": null, \"notNullable\": false}, {\"args\": [], \"name\": \"user_order\", \"type\": \"double\", \"unsigned\": true, \"defaultTo\": null, \"notNullable\": false}], \"indexes\": [{\"name\": \"admin_users_roles_links_fk\", \"columns\": [\"user_id\"]}, {\"name\": \"admin_users_roles_links_inv_fk\", \"columns\": [\"role_id\"]}, {\"name\": \"admin_users_roles_links_unique\", \"type\": \"unique\", \"columns\": [\"user_id\", \"role_id\"]}, {\"name\": \"admin_users_roles_links_order_fk\", \"columns\": [\"role_order\"]}, {\"name\": \"admin_users_roles_links_order_inv_fk\", \"columns\": [\"user_order\"]}], \"foreignKeys\": [{\"name\": \"admin_users_roles_links_fk\", \"columns\": [\"user_id\"], \"onDelete\": \"CASCADE\", \"referencedTable\": \"admin_users\", \"referencedColumns\": [\"id\"]}, {\"name\": \"admin_users_roles_links_inv_fk\", \"columns\": [\"role_id\"], \"onDelete\": \"CASCADE\", \"referencedTable\": \"admin_roles\", \"referencedColumns\": [\"id\"]}]}, {\"name\": \"strapi_api_token_permissions_token_links\", \"columns\": [{\"args\": [{\"primary\": true, \"primaryKey\": true}], \"name\": \"id\", \"type\": \"increments\", \"unsigned\": false, \"defaultTo\": null, \"notNullable\": true}, {\"args\": [], \"name\": \"api_token_permission_id\", \"type\": \"integer\", \"unsigned\": true, \"defaultTo\": null, \"notNullable\": false}, {\"args\": [], \"name\": \"api_token_id\", \"type\": \"integer\", \"unsigned\": true, \"defaultTo\": null, \"notNullable\": false}, {\"args\": [], \"name\": \"api_token_permission_order\", \"type\": \"double\", \"unsigned\": true, \"defaultTo\": null, \"notNullable\": false}], \"indexes\": [{\"name\": \"strapi_api_token_permissions_token_links_fk\", \"columns\": [\"api_token_permission_id\"]}, {\"name\": \"strapi_api_token_permissions_token_links_inv_fk\", \"columns\": [\"api_token_id\"]}, {\"name\": \"strapi_api_token_permissions_token_links_unique\", \"type\": \"unique\", \"columns\": [\"api_token_permission_id\", \"api_token_id\"]}, {\"name\": \"strapi_api_token_permissions_token_links_order_inv_fk\", \"columns\": [\"api_token_permission_order\"]}], \"foreignKeys\": [{\"name\": \"strapi_api_token_permissions_token_links_fk\", \"columns\": [\"api_token_permission_id\"], \"onDelete\": \"CASCADE\", \"referencedTable\": \"strapi_api_token_permissions\", \"referencedColumns\": [\"id\"]}, {\"name\": \"strapi_api_token_permissions_token_links_inv_fk\", \"columns\": [\"api_token_id\"], \"onDelete\": \"CASCADE\", \"referencedTable\": \"strapi_api_tokens\", \"referencedColumns\": [\"id\"]}]}, {\"name\": \"strapi_transfer_token_permissions_token_links\", \"columns\": [{\"args\": [{\"primary\": true, \"primaryKey\": true}], \"name\": \"id\", \"type\": \"increments\", \"unsigned\": false, \"defaultTo\": null, \"notNullable\": true}, {\"args\": [], \"name\": \"transfer_token_permission_id\", \"type\": \"integer\", \"unsigned\": true, \"defaultTo\": null, \"notNullable\": false}, {\"args\": [], \"name\": \"transfer_token_id\", \"type\": \"integer\", \"unsigned\": true, \"defaultTo\": null, \"notNullable\": false}, {\"args\": [], \"name\": \"transfer_token_permission_order\", \"type\": \"double\", \"unsigned\": true, \"defaultTo\": null, \"notNullable\": false}], \"indexes\": [{\"name\": \"strapi_transfer_token_permissions_token_links_fk\", \"columns\": [\"transfer_token_permission_id\"]}, {\"name\": \"strapi_transfer_token_permissions_token_links_inv_fk\", \"columns\": [\"transfer_token_id\"]}, {\"name\": \"strapi_transfer_token_permissions_token_links_unique\", \"type\": \"unique\", \"columns\": [\"transfer_token_permission_id\", \"transfer_token_id\"]}, {\"name\": \"strapi_transfer_token_permissions_token_links_order_inv_fk\", \"columns\": [\"transfer_token_permission_order\"]}], \"foreignKeys\": [{\"name\": \"strapi_transfer_token_permissions_token_links_fk\", \"columns\": [\"transfer_token_permission_id\"], \"onDelete\": \"CASCADE\", \"referencedTable\": \"strapi_transfer_token_permissions\", \"referencedColumns\": [\"id\"]}, {\"name\": \"strapi_transfer_token_permissions_token_links_inv_fk\", \"columns\": [\"transfer_token_id\"], \"onDelete\": \"CASCADE\", \"referencedTable\": \"strapi_transfer_tokens\", \"referencedColumns\": [\"id\"]}]}, {\"name\": \"files_related_morphs\", \"columns\": [{\"args\": [{\"primary\": true, \"primaryKey\": true}], \"name\": \"id\", \"type\": \"increments\", \"unsigned\": false, \"defaultTo\": null, \"notNullable\": true}, {\"args\": [], \"name\": \"file_id\", \"type\": \"integer\", \"unsigned\": true, \"defaultTo\": null, \"notNullable\": false}, {\"args\": [], \"name\": \"related_id\", \"type\": \"integer\", \"unsigned\": true, \"defaultTo\": null, \"notNullable\": false}, {\"args\": [], \"name\": \"related_type\", \"type\": \"string\", \"unsigned\": false, \"defaultTo\": null, \"notNullable\": false}, {\"args\": [], \"name\": \"field\", \"type\": \"string\", \"unsigned\": false, \"defaultTo\": null, \"notNullable\": false}, {\"args\": [], \"name\": \"order\", \"type\": \"double\", \"unsigned\": true, \"defaultTo\": null, \"notNullable\": false}], \"indexes\": [{\"name\": \"files_related_morphs_fk\", \"columns\": [\"file_id\"]}, {\"name\": \"files_related_morphs_order_index\", \"columns\": [\"order\"]}, {\"name\": \"files_related_morphs_id_column_index\", \"columns\": [\"related_id\"]}], \"foreignKeys\": [{\"name\": \"files_related_morphs_fk\", \"columns\": [\"file_id\"], \"onDelete\": \"CASCADE\", \"referencedTable\": \"files\", \"referencedColumns\": [\"id\"]}]}, {\"name\": \"files_folder_links\", \"columns\": [{\"args\": [{\"primary\": true, \"primaryKey\": true}], \"name\": \"id\", \"type\": \"increments\", \"unsigned\": false, \"defaultTo\": null, \"notNullable\": true}, {\"args\": [], \"name\": \"file_id\", \"type\": \"integer\", \"unsigned\": true, \"defaultTo\": null, \"notNullable\": false}, {\"args\": [], \"name\": \"folder_id\", \"type\": \"integer\", \"unsigned\": true, \"defaultTo\": null, \"notNullable\": false}, {\"args\": [], \"name\": \"file_order\", \"type\": \"double\", \"unsigned\": true, \"defaultTo\": null, \"notNullable\": false}], \"indexes\": [{\"name\": \"files_folder_links_fk\", \"columns\": [\"file_id\"]}, {\"name\": \"files_folder_links_inv_fk\", \"columns\": [\"folder_id\"]}, {\"name\": \"files_folder_links_unique\", \"type\": \"unique\", \"columns\": [\"file_id\", \"folder_id\"]}, {\"name\": \"files_folder_links_order_inv_fk\", \"columns\": [\"file_order\"]}], \"foreignKeys\": [{\"name\": \"files_folder_links_fk\", \"columns\": [\"file_id\"], \"onDelete\": \"CASCADE\", \"referencedTable\": \"files\", \"referencedColumns\": [\"id\"]}, {\"name\": \"files_folder_links_inv_fk\", \"columns\": [\"folder_id\"], \"onDelete\": \"CASCADE\", \"referencedTable\": \"upload_folders\", \"referencedColumns\": [\"id\"]}]}, {\"name\": \"upload_folders_parent_links\", \"columns\": [{\"args\": [{\"primary\": true, \"primaryKey\": true}], \"name\": \"id\", \"type\": \"increments\", \"unsigned\": false, \"defaultTo\": null, \"notNullable\": true}, {\"args\": [], \"name\": \"folder_id\", \"type\": \"integer\", \"unsigned\": true, \"defaultTo\": null, \"notNullable\": false}, {\"args\": [], \"name\": \"inv_folder_id\", \"type\": \"integer\", \"unsigned\": true, \"defaultTo\": null, \"notNullable\": false}, {\"args\": [], \"name\": \"folder_order\", \"type\": \"double\", \"unsigned\": true, \"defaultTo\": null, \"notNullable\": false}], \"indexes\": [{\"name\": \"upload_folders_parent_links_fk\", \"columns\": [\"folder_id\"]}, {\"name\": \"upload_folders_parent_links_inv_fk\", \"columns\": [\"inv_folder_id\"]}, {\"name\": \"upload_folders_parent_links_unique\", \"type\": \"unique\", \"columns\": [\"folder_id\", \"inv_folder_id\"]}, {\"name\": \"upload_folders_parent_links_order_inv_fk\", \"columns\": [\"folder_order\"]}], \"foreignKeys\": [{\"name\": \"upload_folders_parent_links_fk\", \"columns\": [\"folder_id\"], \"onDelete\": \"CASCADE\", \"referencedTable\": \"upload_folders\", \"referencedColumns\": [\"id\"]}, {\"name\": \"upload_folders_parent_links_inv_fk\", \"columns\": [\"inv_folder_id\"], \"onDelete\": \"CASCADE\", \"referencedTable\": \"upload_folders\", \"referencedColumns\": [\"id\"]}]}, {\"name\": \"strapi_release_actions_release_links\", \"columns\": [{\"args\": [{\"primary\": true, \"primaryKey\": true}], \"name\": \"id\", \"type\": \"increments\", \"unsigned\": false, \"defaultTo\": null, \"notNullable\": true}, {\"args\": [], \"name\": \"release_action_id\", \"type\": \"integer\", \"unsigned\": true, \"defaultTo\": null, \"notNullable\": false}, {\"args\": [], \"name\": \"release_id\", \"type\": \"integer\", \"unsigned\": true, \"defaultTo\": null, \"notNullable\": false}, {\"args\": [], \"name\": \"release_action_order\", \"type\": \"double\", \"unsigned\": true, \"defaultTo\": null, \"notNullable\": false}], \"indexes\": [{\"name\": \"strapi_release_actions_release_links_fk\", \"columns\": [\"release_action_id\"]}, {\"name\": \"strapi_release_actions_release_links_inv_fk\", \"columns\": [\"release_id\"]}, {\"name\": \"strapi_release_actions_release_links_unique\", \"type\": \"unique\", \"columns\": [\"release_action_id\", \"release_id\"]}, {\"name\": \"strapi_release_actions_release_links_order_inv_fk\", \"columns\": [\"release_action_order\"]}], \"foreignKeys\": [{\"name\": \"strapi_release_actions_release_links_fk\", \"columns\": [\"release_action_id\"], \"onDelete\": \"CASCADE\", \"referencedTable\": \"strapi_release_actions\", \"referencedColumns\": [\"id\"]}, {\"name\": \"strapi_release_actions_release_links_inv_fk\", \"columns\": [\"release_id\"], \"onDelete\": \"CASCADE\", \"referencedTable\": \"strapi_releases\", \"referencedColumns\": [\"id\"]}]}, {\"name\": \"up_permissions_role_links\", \"columns\": [{\"args\": [{\"primary\": true, \"primaryKey\": true}], \"name\": \"id\", \"type\": \"increments\", \"unsigned\": false, \"defaultTo\": null, \"notNullable\": true}, {\"args\": [], \"name\": \"permission_id\", \"type\": \"integer\", \"unsigned\": true, \"defaultTo\": null, \"notNullable\": false}, {\"args\": [], \"name\": \"role_id\", \"type\": \"integer\", \"unsigned\": true, \"defaultTo\": null, \"notNullable\": false}, {\"args\": [], \"name\": \"permission_order\", \"type\": \"double\", \"unsigned\": true, \"defaultTo\": null, \"notNullable\": false}], \"indexes\": [{\"name\": \"up_permissions_role_links_fk\", \"columns\": [\"permission_id\"]}, {\"name\": \"up_permissions_role_links_inv_fk\", \"columns\": [\"role_id\"]}, {\"name\": \"up_permissions_role_links_unique\", \"type\": \"unique\", \"columns\": [\"permission_id\", \"role_id\"]}, {\"name\": \"up_permissions_role_links_order_inv_fk\", \"columns\": [\"permission_order\"]}], \"foreignKeys\": [{\"name\": \"up_permissions_role_links_fk\", \"columns\": [\"permission_id\"], \"onDelete\": \"CASCADE\", \"referencedTable\": \"up_permissions\", \"referencedColumns\": [\"id\"]}, {\"name\": \"up_permissions_role_links_inv_fk\", \"columns\": [\"role_id\"], \"onDelete\": \"CASCADE\", \"referencedTable\": \"up_roles\", \"referencedColumns\": [\"id\"]}]}, {\"name\": \"up_users_role_links\", \"columns\": [{\"args\": [{\"primary\": true, \"primaryKey\": true}], \"name\": \"id\", \"type\": \"increments\", \"unsigned\": false, \"defaultTo\": null, \"notNullable\": true}, {\"args\": [], \"name\": \"user_id\", \"type\": \"integer\", \"unsigned\": true, \"defaultTo\": null, \"notNullable\": false}, {\"args\": [], \"name\": \"role_id\", \"type\": \"integer\", \"unsigned\": true, \"defaultTo\": null, \"notNullable\": false}, {\"args\": [], \"name\": \"user_order\", \"type\": \"double\", \"unsigned\": true, \"defaultTo\": null, \"notNullable\": false}], \"indexes\": [{\"name\": \"up_users_role_links_fk\", \"columns\": [\"user_id\"]}, {\"name\": \"up_users_role_links_inv_fk\", \"columns\": [\"role_id\"]}, {\"name\": \"up_users_role_links_unique\", \"type\": \"unique\", \"columns\": [\"user_id\", \"role_id\"]}, {\"name\": \"up_users_role_links_order_inv_fk\", \"columns\": [\"user_order\"]}], \"foreignKeys\": [{\"name\": \"up_users_role_links_fk\", \"columns\": [\"user_id\"], \"onDelete\": \"CASCADE\", \"referencedTable\": \"up_users\", \"referencedColumns\": [\"id\"]}, {\"name\": \"up_users_role_links_inv_fk\", \"columns\": [\"role_id\"], \"onDelete\": \"CASCADE\", \"referencedTable\": \"up_roles\", \"referencedColumns\": [\"id\"]}]}, {\"name\": \"products_categories_links\", \"columns\": [{\"args\": [{\"primary\": true, \"primaryKey\": true}], \"name\": \"id\", \"type\": \"increments\", \"unsigned\": false, \"defaultTo\": null, \"notNullable\": true}, {\"args\": [], \"name\": \"product_id\", \"type\": \"integer\", \"unsigned\": true, \"defaultTo\": null, \"notNullable\": false}, {\"args\": [], \"name\": \"category_id\", \"type\": \"integer\", \"unsigned\": true, \"defaultTo\": null, \"notNullable\": false}, {\"args\": [], \"name\": \"category_order\", \"type\": \"double\", \"unsigned\": true, \"defaultTo\": null, \"notNullable\": false}, {\"args\": [], \"name\": \"product_order\", \"type\": \"double\", \"unsigned\": true, \"defaultTo\": null, \"notNullable\": false}], \"indexes\": [{\"name\": \"products_categories_links_fk\", \"columns\": [\"product_id\"]}, {\"name\": \"products_categories_links_inv_fk\", \"columns\": [\"category_id\"]}, {\"name\": \"products_categories_links_unique\", \"type\": \"unique\", \"columns\": [\"product_id\", \"category_id\"]}, {\"name\": \"products_categories_links_order_fk\", \"columns\": [\"category_order\"]}, {\"name\": \"products_categories_links_order_inv_fk\", \"columns\": [\"product_order\"]}], \"foreignKeys\": [{\"name\": \"products_categories_links_fk\", \"columns\": [\"product_id\"], \"onDelete\": \"CASCADE\", \"referencedTable\": \"products\", \"referencedColumns\": [\"id\"]}, {\"name\": \"products_categories_links_inv_fk\", \"columns\": [\"category_id\"], \"onDelete\": \"CASCADE\", \"referencedTable\": \"categories\", \"referencedColumns\": [\"id\"]}]}]}','2024-01-31 17:03:38','d0b4eac5fecf3afe238a315bb8cb923d');
/*!40000 ALTER TABLE `strapi_database_schema` ENABLE KEYS */;
UNLOCK TABLES;

--
-- Table structure for table `strapi_migrations`
--

DROP TABLE IF EXISTS `strapi_migrations`;
/*!40101 SET @saved_cs_client     = @@character_set_client */;
/*!50503 SET character_set_client = utf8mb4 */;
CREATE TABLE `strapi_migrations` (
  `id` int unsigned NOT NULL AUTO_INCREMENT,
  `name` varchar(255) DEFAULT NULL,
  `time` datetime DEFAULT NULL,
  PRIMARY KEY (`id`)
) ENGINE=InnoDB DEFAULT CHARSET=utf8mb4 COLLATE=utf8mb4_0900_ai_ci;
/*!40101 SET character_set_client = @saved_cs_client */;

--
-- Dumping data for table `strapi_migrations`
--

LOCK TABLES `strapi_migrations` WRITE;
/*!40000 ALTER TABLE `strapi_migrations` DISABLE KEYS */;
/*!40000 ALTER TABLE `strapi_migrations` ENABLE KEYS */;
UNLOCK TABLES;

--
-- Table structure for table `strapi_release_actions`
--

DROP TABLE IF EXISTS `strapi_release_actions`;
/*!40101 SET @saved_cs_client     = @@character_set_client */;
/*!50503 SET character_set_client = utf8mb4 */;
CREATE TABLE `strapi_release_actions` (
  `id` int unsigned NOT NULL AUTO_INCREMENT,
  `type` varchar(255) DEFAULT NULL,
  `target_id` int unsigned DEFAULT NULL,
  `target_type` varchar(255) DEFAULT NULL,
  `content_type` varchar(255) DEFAULT NULL,
  `locale` varchar(255) DEFAULT NULL,
  `created_at` datetime(6) DEFAULT NULL,
  `updated_at` datetime(6) DEFAULT NULL,
  `created_by_id` int unsigned DEFAULT NULL,
  `updated_by_id` int unsigned DEFAULT NULL,
  PRIMARY KEY (`id`),
  KEY `strapi_release_actions_created_by_id_fk` (`created_by_id`),
  KEY `strapi_release_actions_updated_by_id_fk` (`updated_by_id`),
  CONSTRAINT `strapi_release_actions_created_by_id_fk` FOREIGN KEY (`created_by_id`) REFERENCES `admin_users` (`id`) ON DELETE SET NULL,
  CONSTRAINT `strapi_release_actions_updated_by_id_fk` FOREIGN KEY (`updated_by_id`) REFERENCES `admin_users` (`id`) ON DELETE SET NULL
) ENGINE=InnoDB DEFAULT CHARSET=utf8mb4 COLLATE=utf8mb4_0900_ai_ci;
/*!40101 SET character_set_client = @saved_cs_client */;

--
-- Dumping data for table `strapi_release_actions`
--

LOCK TABLES `strapi_release_actions` WRITE;
/*!40000 ALTER TABLE `strapi_release_actions` DISABLE KEYS */;
/*!40000 ALTER TABLE `strapi_release_actions` ENABLE KEYS */;
UNLOCK TABLES;

--
-- Table structure for table `strapi_release_actions_release_links`
--

DROP TABLE IF EXISTS `strapi_release_actions_release_links`;
/*!40101 SET @saved_cs_client     = @@character_set_client */;
/*!50503 SET character_set_client = utf8mb4 */;
CREATE TABLE `strapi_release_actions_release_links` (
  `id` int unsigned NOT NULL AUTO_INCREMENT,
  `release_action_id` int unsigned DEFAULT NULL,
  `release_id` int unsigned DEFAULT NULL,
  `release_action_order` double unsigned DEFAULT NULL,
  PRIMARY KEY (`id`),
  UNIQUE KEY `strapi_release_actions_release_links_unique` (`release_action_id`,`release_id`),
  KEY `strapi_release_actions_release_links_fk` (`release_action_id`),
  KEY `strapi_release_actions_release_links_inv_fk` (`release_id`),
  KEY `strapi_release_actions_release_links_order_inv_fk` (`release_action_order`),
  CONSTRAINT `strapi_release_actions_release_links_fk` FOREIGN KEY (`release_action_id`) REFERENCES `strapi_release_actions` (`id`) ON DELETE CASCADE,
  CONSTRAINT `strapi_release_actions_release_links_inv_fk` FOREIGN KEY (`release_id`) REFERENCES `strapi_releases` (`id`) ON DELETE CASCADE
) ENGINE=InnoDB DEFAULT CHARSET=utf8mb4 COLLATE=utf8mb4_0900_ai_ci;
/*!40101 SET character_set_client = @saved_cs_client */;

--
-- Dumping data for table `strapi_release_actions_release_links`
--

LOCK TABLES `strapi_release_actions_release_links` WRITE;
/*!40000 ALTER TABLE `strapi_release_actions_release_links` DISABLE KEYS */;
/*!40000 ALTER TABLE `strapi_release_actions_release_links` ENABLE KEYS */;
UNLOCK TABLES;

--
-- Table structure for table `strapi_releases`
--

DROP TABLE IF EXISTS `strapi_releases`;
/*!40101 SET @saved_cs_client     = @@character_set_client */;
/*!50503 SET character_set_client = utf8mb4 */;
CREATE TABLE `strapi_releases` (
  `id` int unsigned NOT NULL AUTO_INCREMENT,
  `name` varchar(255) DEFAULT NULL,
  `released_at` datetime(6) DEFAULT NULL,
  `created_at` datetime(6) DEFAULT NULL,
  `updated_at` datetime(6) DEFAULT NULL,
  `created_by_id` int unsigned DEFAULT NULL,
  `updated_by_id` int unsigned DEFAULT NULL,
  PRIMARY KEY (`id`),
  KEY `strapi_releases_created_by_id_fk` (`created_by_id`),
  KEY `strapi_releases_updated_by_id_fk` (`updated_by_id`),
  CONSTRAINT `strapi_releases_created_by_id_fk` FOREIGN KEY (`created_by_id`) REFERENCES `admin_users` (`id`) ON DELETE SET NULL,
  CONSTRAINT `strapi_releases_updated_by_id_fk` FOREIGN KEY (`updated_by_id`) REFERENCES `admin_users` (`id`) ON DELETE SET NULL
) ENGINE=InnoDB DEFAULT CHARSET=utf8mb4 COLLATE=utf8mb4_0900_ai_ci;
/*!40101 SET character_set_client = @saved_cs_client */;

--
-- Dumping data for table `strapi_releases`
--

LOCK TABLES `strapi_releases` WRITE;
/*!40000 ALTER TABLE `strapi_releases` DISABLE KEYS */;
/*!40000 ALTER TABLE `strapi_releases` ENABLE KEYS */;
UNLOCK TABLES;

--
-- Table structure for table `strapi_transfer_token_permissions`
--

DROP TABLE IF EXISTS `strapi_transfer_token_permissions`;
/*!40101 SET @saved_cs_client     = @@character_set_client */;
/*!50503 SET character_set_client = utf8mb4 */;
CREATE TABLE `strapi_transfer_token_permissions` (
  `id` int unsigned NOT NULL AUTO_INCREMENT,
  `action` varchar(255) DEFAULT NULL,
  `created_at` datetime(6) DEFAULT NULL,
  `updated_at` datetime(6) DEFAULT NULL,
  `created_by_id` int unsigned DEFAULT NULL,
  `updated_by_id` int unsigned DEFAULT NULL,
  PRIMARY KEY (`id`),
  KEY `strapi_transfer_token_permissions_created_by_id_fk` (`created_by_id`),
  KEY `strapi_transfer_token_permissions_updated_by_id_fk` (`updated_by_id`),
  CONSTRAINT `strapi_transfer_token_permissions_created_by_id_fk` FOREIGN KEY (`created_by_id`) REFERENCES `admin_users` (`id`) ON DELETE SET NULL,
  CONSTRAINT `strapi_transfer_token_permissions_updated_by_id_fk` FOREIGN KEY (`updated_by_id`) REFERENCES `admin_users` (`id`) ON DELETE SET NULL
) ENGINE=InnoDB DEFAULT CHARSET=utf8mb4 COLLATE=utf8mb4_0900_ai_ci;
/*!40101 SET character_set_client = @saved_cs_client */;

--
-- Dumping data for table `strapi_transfer_token_permissions`
--

LOCK TABLES `strapi_transfer_token_permissions` WRITE;
/*!40000 ALTER TABLE `strapi_transfer_token_permissions` DISABLE KEYS */;
/*!40000 ALTER TABLE `strapi_transfer_token_permissions` ENABLE KEYS */;
UNLOCK TABLES;

--
-- Table structure for table `strapi_transfer_token_permissions_token_links`
--

DROP TABLE IF EXISTS `strapi_transfer_token_permissions_token_links`;
/*!40101 SET @saved_cs_client     = @@character_set_client */;
/*!50503 SET character_set_client = utf8mb4 */;
CREATE TABLE `strapi_transfer_token_permissions_token_links` (
  `id` int unsigned NOT NULL AUTO_INCREMENT,
  `transfer_token_permission_id` int unsigned DEFAULT NULL,
  `transfer_token_id` int unsigned DEFAULT NULL,
  `transfer_token_permission_order` double unsigned DEFAULT NULL,
  PRIMARY KEY (`id`),
  UNIQUE KEY `strapi_transfer_token_permissions_token_links_unique` (`transfer_token_permission_id`,`transfer_token_id`),
  KEY `strapi_transfer_token_permissions_token_links_fk` (`transfer_token_permission_id`),
  KEY `strapi_transfer_token_permissions_token_links_inv_fk` (`transfer_token_id`),
  KEY `strapi_transfer_token_permissions_token_links_order_inv_fk` (`transfer_token_permission_order`),
  CONSTRAINT `strapi_transfer_token_permissions_token_links_fk` FOREIGN KEY (`transfer_token_permission_id`) REFERENCES `strapi_transfer_token_permissions` (`id`) ON DELETE CASCADE,
  CONSTRAINT `strapi_transfer_token_permissions_token_links_inv_fk` FOREIGN KEY (`transfer_token_id`) REFERENCES `strapi_transfer_tokens` (`id`) ON DELETE CASCADE
) ENGINE=InnoDB DEFAULT CHARSET=utf8mb4 COLLATE=utf8mb4_0900_ai_ci;
/*!40101 SET character_set_client = @saved_cs_client */;

--
-- Dumping data for table `strapi_transfer_token_permissions_token_links`
--

LOCK TABLES `strapi_transfer_token_permissions_token_links` WRITE;
/*!40000 ALTER TABLE `strapi_transfer_token_permissions_token_links` DISABLE KEYS */;
/*!40000 ALTER TABLE `strapi_transfer_token_permissions_token_links` ENABLE KEYS */;
UNLOCK TABLES;

--
-- Table structure for table `strapi_transfer_tokens`
--

DROP TABLE IF EXISTS `strapi_transfer_tokens`;
/*!40101 SET @saved_cs_client     = @@character_set_client */;
/*!50503 SET character_set_client = utf8mb4 */;
CREATE TABLE `strapi_transfer_tokens` (
  `id` int unsigned NOT NULL AUTO_INCREMENT,
  `name` varchar(255) DEFAULT NULL,
  `description` varchar(255) DEFAULT NULL,
  `access_key` varchar(255) DEFAULT NULL,
  `last_used_at` datetime(6) DEFAULT NULL,
  `expires_at` datetime(6) DEFAULT NULL,
  `lifespan` bigint DEFAULT NULL,
  `created_at` datetime(6) DEFAULT NULL,
  `updated_at` datetime(6) DEFAULT NULL,
  `created_by_id` int unsigned DEFAULT NULL,
  `updated_by_id` int unsigned DEFAULT NULL,
  PRIMARY KEY (`id`),
  KEY `strapi_transfer_tokens_created_by_id_fk` (`created_by_id`),
  KEY `strapi_transfer_tokens_updated_by_id_fk` (`updated_by_id`),
  CONSTRAINT `strapi_transfer_tokens_created_by_id_fk` FOREIGN KEY (`created_by_id`) REFERENCES `admin_users` (`id`) ON DELETE SET NULL,
  CONSTRAINT `strapi_transfer_tokens_updated_by_id_fk` FOREIGN KEY (`updated_by_id`) REFERENCES `admin_users` (`id`) ON DELETE SET NULL
) ENGINE=InnoDB DEFAULT CHARSET=utf8mb4 COLLATE=utf8mb4_0900_ai_ci;
/*!40101 SET character_set_client = @saved_cs_client */;

--
-- Dumping data for table `strapi_transfer_tokens`
--

LOCK TABLES `strapi_transfer_tokens` WRITE;
/*!40000 ALTER TABLE `strapi_transfer_tokens` DISABLE KEYS */;
/*!40000 ALTER TABLE `strapi_transfer_tokens` ENABLE KEYS */;
UNLOCK TABLES;

--
-- Table structure for table `strapi_webhooks`
--

DROP TABLE IF EXISTS `strapi_webhooks`;
/*!40101 SET @saved_cs_client     = @@character_set_client */;
/*!50503 SET character_set_client = utf8mb4 */;
CREATE TABLE `strapi_webhooks` (
  `id` int unsigned NOT NULL AUTO_INCREMENT,
  `name` varchar(255) DEFAULT NULL,
  `url` longtext,
  `headers` json DEFAULT NULL,
  `events` json DEFAULT NULL,
  `enabled` tinyint(1) DEFAULT NULL,
  PRIMARY KEY (`id`)
) ENGINE=InnoDB DEFAULT CHARSET=utf8mb4 COLLATE=utf8mb4_0900_ai_ci;
/*!40101 SET character_set_client = @saved_cs_client */;

--
-- Dumping data for table `strapi_webhooks`
--

LOCK TABLES `strapi_webhooks` WRITE;
/*!40000 ALTER TABLE `strapi_webhooks` DISABLE KEYS */;
/*!40000 ALTER TABLE `strapi_webhooks` ENABLE KEYS */;
UNLOCK TABLES;

--
-- Table structure for table `up_permissions`
--

DROP TABLE IF EXISTS `up_permissions`;
/*!40101 SET @saved_cs_client     = @@character_set_client */;
/*!50503 SET character_set_client = utf8mb4 */;
CREATE TABLE `up_permissions` (
  `id` int unsigned NOT NULL AUTO_INCREMENT,
  `action` varchar(255) DEFAULT NULL,
  `created_at` datetime(6) DEFAULT NULL,
  `updated_at` datetime(6) DEFAULT NULL,
  `created_by_id` int unsigned DEFAULT NULL,
  `updated_by_id` int unsigned DEFAULT NULL,
  PRIMARY KEY (`id`),
  KEY `up_permissions_created_by_id_fk` (`created_by_id`),
  KEY `up_permissions_updated_by_id_fk` (`updated_by_id`),
  CONSTRAINT `up_permissions_created_by_id_fk` FOREIGN KEY (`created_by_id`) REFERENCES `admin_users` (`id`) ON DELETE SET NULL,
  CONSTRAINT `up_permissions_updated_by_id_fk` FOREIGN KEY (`updated_by_id`) REFERENCES `admin_users` (`id`) ON DELETE SET NULL
) ENGINE=InnoDB AUTO_INCREMENT=10 DEFAULT CHARSET=utf8mb4 COLLATE=utf8mb4_0900_ai_ci;
/*!40101 SET character_set_client = @saved_cs_client */;

--
-- Dumping data for table `up_permissions`
--

LOCK TABLES `up_permissions` WRITE;
/*!40000 ALTER TABLE `up_permissions` DISABLE KEYS */;
INSERT INTO `up_permissions` VALUES (1,'plugin::users-permissions.user.me','2024-01-31 17:03:38.221000','2024-01-31 17:03:38.221000',NULL,NULL),(2,'plugin::users-permissions.auth.changePassword','2024-01-31 17:03:38.221000','2024-01-31 17:03:38.221000',NULL,NULL),(3,'plugin::users-permissions.auth.callback','2024-01-31 17:03:38.228000','2024-01-31 17:03:38.228000',NULL,NULL),(4,'plugin::users-permissions.auth.connect','2024-01-31 17:03:38.228000','2024-01-31 17:03:38.228000',NULL,NULL),(5,'plugin::users-permissions.auth.resetPassword','2024-01-31 17:03:38.228000','2024-01-31 17:03:38.228000',NULL,NULL),(6,'plugin::users-permissions.auth.register','2024-01-31 17:03:38.228000','2024-01-31 17:03:38.228000',NULL,NULL),(7,'plugin::users-permissions.auth.emailConfirmation','2024-01-31 17:03:38.228000','2024-01-31 17:03:38.228000',NULL,NULL),(8,'plugin::users-permissions.auth.sendEmailConfirmation','2024-01-31 17:03:38.228000','2024-01-31 17:03:38.228000',NULL,NULL),(9,'plugin::users-permissions.auth.forgotPassword','2024-01-31 17:03:38.228000','2024-01-31 17:03:38.228000',NULL,NULL);
/*!40000 ALTER TABLE `up_permissions` ENABLE KEYS */;
UNLOCK TABLES;

--
-- Table structure for table `up_permissions_role_links`
--

DROP TABLE IF EXISTS `up_permissions_role_links`;
/*!40101 SET @saved_cs_client     = @@character_set_client */;
/*!50503 SET character_set_client = utf8mb4 */;
CREATE TABLE `up_permissions_role_links` (
  `id` int unsigned NOT NULL AUTO_INCREMENT,
  `permission_id` int unsigned DEFAULT NULL,
  `role_id` int unsigned DEFAULT NULL,
  `permission_order` double unsigned DEFAULT NULL,
  PRIMARY KEY (`id`),
  UNIQUE KEY `up_permissions_role_links_unique` (`permission_id`,`role_id`),
  KEY `up_permissions_role_links_fk` (`permission_id`),
  KEY `up_permissions_role_links_inv_fk` (`role_id`),
  KEY `up_permissions_role_links_order_inv_fk` (`permission_order`),
  CONSTRAINT `up_permissions_role_links_fk` FOREIGN KEY (`permission_id`) REFERENCES `up_permissions` (`id`) ON DELETE CASCADE,
  CONSTRAINT `up_permissions_role_links_inv_fk` FOREIGN KEY (`role_id`) REFERENCES `up_roles` (`id`) ON DELETE CASCADE
) ENGINE=InnoDB AUTO_INCREMENT=10 DEFAULT CHARSET=utf8mb4 COLLATE=utf8mb4_0900_ai_ci;
/*!40101 SET character_set_client = @saved_cs_client */;

--
-- Dumping data for table `up_permissions_role_links`
--

LOCK TABLES `up_permissions_role_links` WRITE;
/*!40000 ALTER TABLE `up_permissions_role_links` DISABLE KEYS */;
INSERT INTO `up_permissions_role_links` VALUES (1,1,1,1),(2,2,1,1),(3,3,2,1),(4,4,2,1),(5,8,2,1),(6,6,2,1),(7,5,2,1),(8,9,2,2),(9,7,2,2);
/*!40000 ALTER TABLE `up_permissions_role_links` ENABLE KEYS */;
UNLOCK TABLES;

--
-- Table structure for table `up_roles`
--

DROP TABLE IF EXISTS `up_roles`;
/*!40101 SET @saved_cs_client     = @@character_set_client */;
/*!50503 SET character_set_client = utf8mb4 */;
CREATE TABLE `up_roles` (
  `id` int unsigned NOT NULL AUTO_INCREMENT,
  `name` varchar(255) DEFAULT NULL,
  `description` varchar(255) DEFAULT NULL,
  `type` varchar(255) DEFAULT NULL,
  `created_at` datetime(6) DEFAULT NULL,
  `updated_at` datetime(6) DEFAULT NULL,
  `created_by_id` int unsigned DEFAULT NULL,
  `updated_by_id` int unsigned DEFAULT NULL,
  PRIMARY KEY (`id`),
  KEY `up_roles_created_by_id_fk` (`created_by_id`),
  KEY `up_roles_updated_by_id_fk` (`updated_by_id`),
  CONSTRAINT `up_roles_created_by_id_fk` FOREIGN KEY (`created_by_id`) REFERENCES `admin_users` (`id`) ON DELETE SET NULL,
  CONSTRAINT `up_roles_updated_by_id_fk` FOREIGN KEY (`updated_by_id`) REFERENCES `admin_users` (`id`) ON DELETE SET NULL
) ENGINE=InnoDB AUTO_INCREMENT=3 DEFAULT CHARSET=utf8mb4 COLLATE=utf8mb4_0900_ai_ci;
/*!40101 SET character_set_client = @saved_cs_client */;

--
-- Dumping data for table `up_roles`
--

LOCK TABLES `up_roles` WRITE;
/*!40000 ALTER TABLE `up_roles` DISABLE KEYS */;
INSERT INTO `up_roles` VALUES (1,'Authenticated','Default role given to authenticated user.','authenticated','2024-01-31 17:03:38.212000','2024-01-31 17:03:38.212000',NULL,NULL),(2,'Public','Default role given to unauthenticated user.','public','2024-01-31 17:03:38.215000','2024-01-31 17:03:38.215000',NULL,NULL);
/*!40000 ALTER TABLE `up_roles` ENABLE KEYS */;
UNLOCK TABLES;

--
-- Table structure for table `up_users`
--

DROP TABLE IF EXISTS `up_users`;
/*!40101 SET @saved_cs_client     = @@character_set_client */;
/*!50503 SET character_set_client = utf8mb4 */;
CREATE TABLE `up_users` (
  `id` int unsigned NOT NULL AUTO_INCREMENT,
  `username` varchar(255) DEFAULT NULL,
  `email` varchar(255) DEFAULT NULL,
  `provider` varchar(255) DEFAULT NULL,
  `password` varchar(255) DEFAULT NULL,
  `reset_password_token` varchar(255) DEFAULT NULL,
  `confirmation_token` varchar(255) DEFAULT NULL,
  `confirmed` tinyint(1) DEFAULT NULL,
  `blocked` tinyint(1) DEFAULT NULL,
  `created_at` datetime(6) DEFAULT NULL,
  `updated_at` datetime(6) DEFAULT NULL,
  `created_by_id` int unsigned DEFAULT NULL,
  `updated_by_id` int unsigned DEFAULT NULL,
  PRIMARY KEY (`id`),
  KEY `up_users_created_by_id_fk` (`created_by_id`),
  KEY `up_users_updated_by_id_fk` (`updated_by_id`),
  CONSTRAINT `up_users_created_by_id_fk` FOREIGN KEY (`created_by_id`) REFERENCES `admin_users` (`id`) ON DELETE SET NULL,
  CONSTRAINT `up_users_updated_by_id_fk` FOREIGN KEY (`updated_by_id`) REFERENCES `admin_users` (`id`) ON DELETE SET NULL
) ENGINE=InnoDB DEFAULT CHARSET=utf8mb4 COLLATE=utf8mb4_0900_ai_ci;
/*!40101 SET character_set_client = @saved_cs_client */;

--
-- Dumping data for table `up_users`
--

LOCK TABLES `up_users` WRITE;
/*!40000 ALTER TABLE `up_users` DISABLE KEYS */;
/*!40000 ALTER TABLE `up_users` ENABLE KEYS */;
UNLOCK TABLES;

--
-- Table structure for table `up_users_role_links`
--

DROP TABLE IF EXISTS `up_users_role_links`;
/*!40101 SET @saved_cs_client     = @@character_set_client */;
/*!50503 SET character_set_client = utf8mb4 */;
CREATE TABLE `up_users_role_links` (
  `id` int unsigned NOT NULL AUTO_INCREMENT,
  `user_id` int unsigned DEFAULT NULL,
  `role_id` int unsigned DEFAULT NULL,
  `user_order` double unsigned DEFAULT NULL,
  PRIMARY KEY (`id`),
  UNIQUE KEY `up_users_role_links_unique` (`user_id`,`role_id`),
  KEY `up_users_role_links_fk` (`user_id`),
  KEY `up_users_role_links_inv_fk` (`role_id`),
  KEY `up_users_role_links_order_inv_fk` (`user_order`),
  CONSTRAINT `up_users_role_links_fk` FOREIGN KEY (`user_id`) REFERENCES `up_users` (`id`) ON DELETE CASCADE,
  CONSTRAINT `up_users_role_links_inv_fk` FOREIGN KEY (`role_id`) REFERENCES `up_roles` (`id`) ON DELETE CASCADE
) ENGINE=InnoDB DEFAULT CHARSET=utf8mb4 COLLATE=utf8mb4_0900_ai_ci;
/*!40101 SET character_set_client = @saved_cs_client */;

--
-- Dumping data for table `up_users_role_links`
--

LOCK TABLES `up_users_role_links` WRITE;
/*!40000 ALTER TABLE `up_users_role_links` DISABLE KEYS */;
/*!40000 ALTER TABLE `up_users_role_links` ENABLE KEYS */;
UNLOCK TABLES;

--
-- Table structure for table `upload_folders`
--

DROP TABLE IF EXISTS `upload_folders`;
/*!40101 SET @saved_cs_client     = @@character_set_client */;
/*!50503 SET character_set_client = utf8mb4 */;
CREATE TABLE `upload_folders` (
  `id` int unsigned NOT NULL AUTO_INCREMENT,
  `name` varchar(255) DEFAULT NULL,
  `path_id` int DEFAULT NULL,
  `path` varchar(255) DEFAULT NULL,
  `created_at` datetime(6) DEFAULT NULL,
  `updated_at` datetime(6) DEFAULT NULL,
  `created_by_id` int unsigned DEFAULT NULL,
  `updated_by_id` int unsigned DEFAULT NULL,
  PRIMARY KEY (`id`),
  UNIQUE KEY `upload_folders_path_id_index` (`path_id`),
  UNIQUE KEY `upload_folders_path_index` (`path`),
  KEY `upload_folders_created_by_id_fk` (`created_by_id`),
  KEY `upload_folders_updated_by_id_fk` (`updated_by_id`),
  CONSTRAINT `upload_folders_created_by_id_fk` FOREIGN KEY (`created_by_id`) REFERENCES `admin_users` (`id`) ON DELETE SET NULL,
  CONSTRAINT `upload_folders_updated_by_id_fk` FOREIGN KEY (`updated_by_id`) REFERENCES `admin_users` (`id`) ON DELETE SET NULL
) ENGINE=InnoDB DEFAULT CHARSET=utf8mb4 COLLATE=utf8mb4_0900_ai_ci;
/*!40101 SET character_set_client = @saved_cs_client */;

--
-- Dumping data for table `upload_folders`
--

LOCK TABLES `upload_folders` WRITE;
/*!40000 ALTER TABLE `upload_folders` DISABLE KEYS */;
/*!40000 ALTER TABLE `upload_folders` ENABLE KEYS */;
UNLOCK TABLES;

--
-- Table structure for table `upload_folders_parent_links`
--

DROP TABLE IF EXISTS `upload_folders_parent_links`;
/*!40101 SET @saved_cs_client     = @@character_set_client */;
/*!50503 SET character_set_client = utf8mb4 */;
CREATE TABLE `upload_folders_parent_links` (
  `id` int unsigned NOT NULL AUTO_INCREMENT,
  `folder_id` int unsigned DEFAULT NULL,
  `inv_folder_id` int unsigned DEFAULT NULL,
  `folder_order` double unsigned DEFAULT NULL,
  PRIMARY KEY (`id`),
  UNIQUE KEY `upload_folders_parent_links_unique` (`folder_id`,`inv_folder_id`),
  KEY `upload_folders_parent_links_fk` (`folder_id`),
  KEY `upload_folders_parent_links_inv_fk` (`inv_folder_id`),
  KEY `upload_folders_parent_links_order_inv_fk` (`folder_order`),
  CONSTRAINT `upload_folders_parent_links_fk` FOREIGN KEY (`folder_id`) REFERENCES `upload_folders` (`id`) ON DELETE CASCADE,
  CONSTRAINT `upload_folders_parent_links_inv_fk` FOREIGN KEY (`inv_folder_id`) REFERENCES `upload_folders` (`id`) ON DELETE CASCADE
) ENGINE=InnoDB DEFAULT CHARSET=utf8mb4 COLLATE=utf8mb4_0900_ai_ci;
/*!40101 SET character_set_client = @saved_cs_client */;

--
-- Dumping data for table `upload_folders_parent_links`
--

LOCK TABLES `upload_folders_parent_links` WRITE;
/*!40000 ALTER TABLE `upload_folders_parent_links` DISABLE KEYS */;
/*!40000 ALTER TABLE `upload_folders_parent_links` ENABLE KEYS */;
UNLOCK TABLES;
/*!40103 SET TIME_ZONE=@OLD_TIME_ZONE */;

/*!40101 SET SQL_MODE=@OLD_SQL_MODE */;
/*!40014 SET FOREIGN_KEY_CHECKS=@OLD_FOREIGN_KEY_CHECKS */;
/*!40014 SET UNIQUE_CHECKS=@OLD_UNIQUE_CHECKS */;
/*!40101 SET CHARACTER_SET_CLIENT=@OLD_CHARACTER_SET_CLIENT */;
/*!40101 SET CHARACTER_SET_RESULTS=@OLD_CHARACTER_SET_RESULTS */;
/*!40101 SET COLLATION_CONNECTION=@OLD_COLLATION_CONNECTION */;
/*!40111 SET SQL_NOTES=@OLD_SQL_NOTES */;

-- Dump completed on 2024-02-02 12:21:17
